app_id,name,line,wave,year,sku,status,reason,candidate_figure_ids,candidate_figures
mephitsu:marvel-legends:7604dd6a-516f-42a5-b925-21c1beebd8e7,Bishop,Hasbro,X-Men '97 Wave 1,2023,5010996143808,already_in_app_same_url,second_photo_not_used,lv-hasbro-marvel-legends-bishop-x-men-97-2023,Bishop X-Men '97 (2023) [X-Men '97] 2023
mephitsu:marvel-legends:036cca71-e47f-4c9a-aecf-0d2245009c7d,Bonebreaker,Hasbro,Bonebreaker BAF,2022,,replaces_existing,second_photo_not_used,d14ml-bonebreaker-baf,Bonebreaker (2022) [X-Men BAF] 2022
mephitsu:marvel-legends:932acaa6-7ca3-4650-b3fd-9db83b02ef14,Cable,Hasbro,X-Men '97 Wave 3,2025,5010996328205,already_in_app_same_url,second_photo_not_used,lv-hasbro-marvel-legends-cable-x-men-97-iii-2025,Cable (2025) [X-Men '97 III] 2025
mephitsu:marvel-legends:d99c933f-7d98-46c1-a349-47876599fdf4,Caliban,Hasbro,Caliban BAF Wave,2019,,replaces_existing,second_photo_not_used,d14ml-caliban-baf,Caliban (2019) [Build-A-Figure] 2019
mephitsu:marvel-legends:42b349fb-d517-434d-a481-4f687505463f,Captain America,Hasbro,Marvel vs Capcom,2025,5010996282668,already_in_app_same_url,second_photo_not_used,lv-hasbro-marvel-legends-captain-america-marvel-vs-capcom-2025,Captain America (2025) [Marvel Vs Capcom] 2025
mephitsu:marvel-legends:cd5b0526-239a-44db-8621-77cc5f31360a,Cyclops,Hasbro,"Nemesis BAF Wave, Amazon & Fan Channel",2025,630509242597,already_in_app_same_url,second_photo_not_used,lv-hasbro-marvel-legends-cyclops-nemesis-2025,Cyclops (2025) [Nemesis] 2025
mephitsu:marvel-legends:ed8748d7-7db2-4381-882f-3a4d9c2f5fd4,Dark Avengers Warbird,Hasbro,Fan Channel,2025,,already_in_app_same_url,second_photo_not_used,lv-hasbro-marvel-legends-dark-avengers-warbird-2025,Dark Avengers Warbird (2025) [] 2025
mephitsu:marvel-legends:27004f10-3ca7-406b-b3bb-01af9d2797a5,Dazzler,Hasbro,Warlock BAF Wave,2017,,already_in_app_same_url,second_photo_not_used,lv-hasbro-marvel-legends-dazzler-warlock-2017,Dazzler (2017) [Warlock] 2017
mephitsu:marvel-legends:9e921de1-8379-42b6-94c2-ec8da6db3413,"Deadpool, Back in Black",Hasbro,Gamestop,2017,,already_in_app_same_url,second_photo_not_used,lv-hasbro-marvel-legends-deadpool-back-in-black-2017,Deadpool Back In Black (2017) [] 2017
mephitsu:marvel-legends:a5500a8d-bb55-48f6-90b4-89f7a2be7a2a,Fabian Cortez,Hasbro,"Nemesis BAF Wave, Amazon & Fan Channel",2025,5010996282941,already_in_app_same_url,second_photo_not_used,lv-hasbro-marvel-legends-fabian-cortez-nemesis-2025,Fabian Cortez (2025) [Nemesis] 2025
mephitsu:marvel-legends:bd8fd3fb-d335-482f-8027-5c98162c89be,Fantomex,Hasbro,Arnim Zola BAF Wave,2012,653569704768,already_in_app_same_url,second_photo_not_used,lv-hasbro-marvel-legends-fantomex-arnim-zola-2012,Fantomex (2012) [Arnim Zola] 2012
mephitsu:marvel-legends:25227d93-cd50-41d6-bf7c-590899b6991d,Gambit,Hasbro,"Nemesis BAF Wave, Amazon & Fan Channel",2025,64725004,already_in_app_same_url,second_photo_not_used,lv-hasbro-marvel-legends-gambit-nemesis-2025,Gambit (2025) [Nemesis] 2025
mephitsu:marvel-legends:f8ca7284-39f2-4bf2-88a2-af4707197a29,Human Torch,Hasbro,Ronan the Accuser BAF Wave,2007,5010993842629,already_in_app_same_url,second_photo_not_used,lv-hasbro-marvel-legends-human-torch-ronan-2007,Human Torch (2007) [Ronan] 2007
mephitsu:marvel-legends:504ab6ae-5739-4378-9a6d-fe70c4f5816c,Iron-Man,Hasbro,The Controller BAF,2022,630509425327,already_in_app_same_url,second_photo_not_used,lv-hasbro-marvel-legends-iron-man-controller-2022,Iron Man Controller (2022) [Controller] 2022
mephitsu:marvel-legends:9d8bde93-e1ba-4e24-b770-e81aa1c8c61b,Kingpin,Hasbro,"Retro 2020, Fan Channel",2020,,already_in_app_same_url,second_photo_not_used,lv-hasbro-marvel-legends-kingpin-spider-man-retro-collection-2020,Kingpin (2020) [Spider-Man: Retro Collection] 2020
mephitsu:marvel-legends:464c886c-f0b2-4b10-8e7e-6d6f51b731f4,Magik,Hasbro,Walgreens,2018,,already_in_app_same_url,second_photo_not_used,lv-hasbro-marvel-legends-magik-2018,Magik (2018) [] 2018
mephitsu:marvel-legends:95125bb6-1dc3-4fc5-a08d-f115b03bd085,Mary Jane Watson Iron Spider,Hasbro,Spider-Man x Magic The Gathering,2025,5010996323262,already_in_app_same_url,second_photo_not_used,lv-hasbro-marvel-legends-mary-jane-watson-iron-spider-spider-man-x-magic-the-gathering-2025,Mary Jane Watson (Iron Spider) (2025) [Spider-Man X Magic The Gathering] 2025
mephitsu:marvel-legends:e610bf7f-d8e9-4393-afbe-f90311c596d4,Melina Vostokoff,Hasbro,Black Widow 2-Pack,2021,,already_in_app_same_url,second_photo_not_used,d14ml-melina,Melina Vostokoff (2021) [Black Widow] 2021
mephitsu:marvel-legends:97862e83-29e7-4930-8cec-5691f6ef1179,Nemesis,Hasbro,"Nemesis BAF Wave, Amazon & Fan Channel",2025,,replaces_existing,second_photo_not_used,lv-hasbro-marvel-legends-nemesis-nemesis-baf-2025,Nemesis (2025) [Nemesis BAF] 2025
mephitsu:marvel-legends:ed0c400b-af38-460a-b484-05e63769c346,Nick Fury,Hasbro,Fan Channel & Amazon,2025,653569633228,already_in_app_same_url,second_photo_not_used,lv-hasbro-marvel-legends-nick-fury-2025,Nick Fury (2025) [] 2025
mephitsu:marvel-legends:d37bf450-6182-430e-b134-848169c97c8b,Nightcrawler,Hasbro,"Nemesis BAF Wave, Amazon & Fan Channel",2025,5010996201973,already_in_app_same_url,second_photo_not_used,lv-hasbro-marvel-legends-nightcrawler-nemesis-2025,Nightcrawler (2025) [Nemesis] 2025
mephitsu:marvel-legends:10997b8b-af11-4b6e-b9e9-d43c5325a355,Onslaught,Hasbro,Target US / Fan Channel,2026,5010996411419,already_in_app_same_url,second_photo_not_used,lv-hasbro-marvel-legends-onslaught-2026,Onslaught (2026) [] 2026
mephitsu:marvel-legends:00e23f0f-bdde-42aa-8716-946889a5c88c,Polaris,Hasbro,Warlock BAF Wave,2017,,already_in_app_same_url,second_photo_not_used,lv-hasbro-marvel-legends-polaris-warlock-2017,Polaris (2017) [Warlock] 2017
mephitsu:marvel-legends:518f134c-b913-4d7a-8671-17c7e6302fdc,Power Princess,Hasbro,Fan Channel The Void BAF Wave,2024,5010996196729,already_in_app_same_url,second_photo_not_used,lv-hasbro-marvel-legends-power-princess-the-void-2024,Power Princess (2024) [The Void] 2024
mephitsu:marvel-legends:4d036db3-f549-42b7-81cc-825ac146ad96,Punisher,Hasbro,Daredevil: Born Again,2025,653569775867,already_in_app_same_url,second_photo_not_used,lv-hasbro-marvel-legends-punisher-daredevil-born-again-2025,Punisher (Daredevil: Born Again) (2025) [] 2025
mephitsu:marvel-legends:7d95c7cd-51b2-4daa-b713-c80d37b6ec99,Punisher,Hasbro,Marvel Rivals,2026,5010996411457,already_in_app_same_url,second_photo_not_used,lv-hasbro-marvel-legends-the-punisher-marvel-rivals-2026,The Punisher (Marvel Rivals) (2026) [] 2026
mephitsu:marvel-legends:bbd682ec-9bb5-4736-a29e-0e7873f11765,Spider-Man '77,Hasbro,Walmart (US) / Fan Channel,2025,5010996290304,already_in_app_same_url,second_photo_not_used,lv-hasbro-marvel-legends-spider-man-77-2025,Spider-man 77 (2025) [] 2025
mephitsu:marvel-legends:aadffd5e-d791-47cd-bdd0-521ca4e184e8,Spider-Woman,Hasbro,Lizard BAF Wave,2018,630509619153,already_in_app_same_url,second_photo_not_used,lv-hasbro-marvel-legends-spider-woman-lizard-2018,Spider-Woman (2018) [Lizard] 2018
mephitsu:marvel-legends:17351a9c-707b-4794-8299-f871612c737a,Superior Spider-Man,Hasbro,Marvel 85th Anniversary,2024,5010996246332,already_in_app_same_url,second_photo_not_used,lv-hasbro-marvel-legends-superior-spider-man-marvel-85th-anniversary-2024,Superior Spider-Man (2024) [Marvel 85th Anniversary] 2024
mephitsu:marvel-legends:7bbc4946-e4e6-421a-9d89-bc640b92199c,The Invisible Woman,Hasbro,Ronan the Accuser BAF Wave,2007,5010993842551,already_in_app_same_url,second_photo_not_used,lv-hasbro-marvel-legends-invisible-woman-ronan-2007,Invisible Woman (2007) [Ronan] 2007
mephitsu:marvel-legends:dee3b7f6-946d-43c0-bb7b-03a69a45a04f,The Punisher War Machine,Hasbro,"Fan Channel, 80th Anniversary",2019,,already_in_app_same_url,second_photo_not_used,lv-hasbro-marvel-legends-punisher-war-machine-marvel-comics-80th-anniversary-2019,Punisher War Machine (2019) [Marvel Comics 80th Anniversary] 2019
mephitsu:marvel-legends:539fd6db-9641-48f2-ad7c-d7b0c0527cef,Venom,Hasbro,Marvel vs Capcom,2025,5010996244284,replaces_existing,second_photo_not_used,lv-hasbro-marvel-legends-venom-marvel-vs-capcom-2025,Venom (2025) [Marvel Vs Capcom] 2025
mephitsu:marvel-legends:baf829e4-51e9-4055-aa6f-2949bba2c1c5,Wolverine (Brown Suit),Hasbro,Deadpool & Wolverine Wave 2,2026,5010996359599,already_in_app_same_url,second_photo_not_used,lv-hasbro-marvel-legends-wolverine-brown-suit-deadpool-wolverine-2026-2026,Wolverine (Brown Suit) (2026) [Deadpool & Wolverine (2026)] 2026
mephitsu:marvel-legends:bcf4caad-500a-4673-ab6b-07a9a3b8b957,"""Cowboy"" Logan",Hasbro,"Fan Channel, 80th Anniversary",2019,,already_in_app_same_url,no_catalog_figure,,
mephitsu:marvel-legends:fbc81d84-2300-4311-9b32-041d47ac9b65,"""Outback"" Hulk",Hasbro,Gamestop,2020,,already_in_app_same_url,no_catalog_figure,,
mephitsu:marvel-legends:e04450f8-2f8b-4705-9b06-1783e78910aa,"""Pizza"" Spider-Man",Hasbro,Hobgoblin BAF Wave,2015,,already_in_app_same_url,no_catalog_figure,,
mephitsu:marvel-legends:97b96ef6-4141-4ba7-9b61-32055a2e0b57,'Final Battle' Thor,Hasbro,Infinity Saga,2021,,already_in_app_same_url,no_catalog_figure,,
mephitsu:marvel-legends:96d74745-a37d-49df-99b4-b80f66ead86b,'Patch' Wolverine,Hasbro,Wolverine 50th Anniversary (Fan Channel),2024,5010996202147,already_in_app_same_url,no_catalog_figure,,
mephitsu:marvel-legends:1c1e5a36-5494-4dc3-be07-02485e57b1ea,'Secret Empire' Captain America,Hasbro,Walmart (US) / Fan Channel,2024,,already_in_app_same_url,no_catalog_figure,,
mephitsu:marvel-legends:a597307e-dffa-4659-b997-e21b7d998463,'Totally Awesome' Hulk,Hasbro,Totally Awesome Hulk BAF Wave,2023,5010993978243,replaces_existing,no_catalog_figure,,
mephitsu:marvel-legends:212aad12-c25d-411b-ae45-80c3fe405099,A.I.M. Scientist,Hasbro,A.I.M. 2-Pack,2018,,already_in_app_same_url,no_catalog_figure,,
mephitsu:marvel-legends:c9a46d27-8611-47a4-a0ad-045e40683c2b,A.I.M. Scientist Supreme,Hasbro,Xemnu BAF Wave,2021,5010993834709,already_in_app_same_url,no_catalog_figure,,
mephitsu:marvel-legends:6aa4dbf0-fff6-44ed-86c7-96cfa4b836ec,A.I.M. Soldier,Hasbro,Mandroid BAF Wave,2014,,already_in_app_same_url,no_catalog_figure,,
mephitsu:marvel-legends:f590dd72-14c1-4a55-86e9-15ec2f018d89,A.I.M. Soldier,Hasbro,"Hasbro Pulse, Army Builders",2020,,already_in_app_same_url,no_catalog_figure,,
mephitsu:marvel-legends:97ea1974-e733-4fc7-9ad9-36820c25333d,A.I.M. Trooper,Hasbro,A.I.M. 2-Pack,2018,,already_in_app_same_url,no_catalog_figure,,
mephitsu:marvel-legends:24d5e822-aa8b-4c16-92b1-a05443c760db,Abomination,Hasbro,Abomination BAF Wave,2016,,replaces_existing,no_catalog_figure,,
mephitsu:marvel-legends:44c9f465-e298-4ea0-a0c3-1558a37d10be,Abomination,Hasbro,Deluxe,2026,5010996362278,already_in_app_same_url,no_catalog_figure,,
mephitsu:marvel-legends:c16b8769-b3dc-4bee-8003-4c1c3c6b1a60,Abomination,Hasbro,"SDCC, The Raft",2016,,already_in_app_same_url,no_catalog_figure,,
mephitsu:marvel-legends:ed2309c9-8813-4850-a663-0fa7839df19b,Abomination,Hasbro,Abomination BAF Wave,2020,,replaces_existing,no_catalog_figure,,
mephitsu:marvel-legends:0625ae4a-5626-4777-adef-01df75260864,Absorbing Man,Hasbro,Fin Fang Foom BAF Wave,2008,,already_in_app_same_url,no_catalog_figure,,
mephitsu:marvel-legends:5560464c-f2b6-4145-922a-850b322ba658,Absorbing Man,Hasbro,Secret Wars Wave 2,2026,5010996355751,already_in_app_same_url,no_catalog_figure,,
mephitsu:marvel-legends:d4742ff3-6993-4b20-99e1-fa0dcf0de331,Absorbing Man,Hasbro,Absorbing Man BAF Wave,2016,,replaces_existing,no_catalog_figure,,
mephitsu:marvel-legends:7167bb9e-e6b9-46d6-a22c-fbf18b82d535,Acroyear,Hasbro,,2026,,replaces_existing,no_catalog_figure,,
mephitsu:marvel-legends:2de65cf0-69fb-4181-a215-ded2f0688a99,Adam Warlock,Hasbro,Target Red Hulk BAF Wave,2008,71653569318941,already_in_app_same_url,no_catalog_figure,,
mephitsu:marvel-legends:b7b46fcf-af73-45ca-87cf-6153bad35d6c,Adam Warlock,Hasbro,Comic Book Series 1,2025,5010996290939,already_in_app_same_url,no_catalog_figure,,
mephitsu:marvel-legends:be6ec7d9-759f-4279-b6f5-aab00065727c,Adam Warlock,Hasbro,GOTG Vol. 3 Cosmo BAF Wave,2023,653569318941,already_in_app_same_url,wave_or_year_conflict,ml2-adam-warlock,Adam Warlock (2023) [Guardians] 2023
mephitsu:marvel-legends:e49ab827-3750-4f08-9dad-2d59625afd78,Adam Warlock,Hasbro,Mantis BAF Wave,2017,630509517305,already_in_app_same_url,no_catalog_figure,,
mephitsu:marvel-legends:ec36a1d8-2ac1-4601-9b05-23877db377a0,Agatha Harkness,Hasbro,Disney+ Hydra Stomper BAF Wave,2023,5010994180003,already_in_app_same_url,no_catalog_figure,,
mephitsu:marvel-legends:93fdc0d5-a5da-4c2a-be61-de39aee0b5d6,Agent Anti-Venom,Hasbro,"Fan Channel, 80th Anniversary",2019,,already_in_app_same_url,no_catalog_figure,,
mephitsu:marvel-legends:b8bd314a-c932-4da7-8f5c-acec7dba382a,Agent Anti-Venom,Hasbro,Spider-Man x Magic The Gathering,2025,5010996323330,already_in_app_same_url,no_catalog_figure,,
mephitsu:marvel-legends:fd8ecb50-620c-401e-af4e-95c0f35364c8,Agent Coulson,Hasbro,Toys R US,2015,,already_in_app_same_url,no_catalog_figure,,
mephitsu:marvel-legends:dfa23547-38ad-446d-a76a-24ed578ca924,Agent Jimmy Woo,Hasbro,"Disney+ Wave, Khonshu BAF",2022,5010993942749,already_in_app_same_url,no_catalog_figure,,
mephitsu:marvel-legends:4ecde415-5e6f-4740-ba6e-550c63459056,Agent Venom,Hasbro,Walgreens,2014,,already_in_app_same_url,no_catalog_figure,,
mephitsu:marvel-legends:dcb84b7e-ee84-4cc3-98c7-3e9b60cd3f6a,Agent Venom Flash Thompson,Hasbro,Retro Spider-Man Wave,2025,5010996282705,already_in_app_same_url,wave_or_year_conflict,lv-hasbro-marvel-legends-agent-venom-flash-thompson-spider-man-retro-collection-5-2025,Agent Venom (Flash Thompson) (2025) [Spider-Man: Retro Collection 5] 2025
mephitsu:marvel-legends:10b979a0-f6c2-4a07-958e-281ede6cc11d,Agony,Hasbro,Amazon,2022,,already_in_app_same_url,wave_or_year_conflict,d14ml-agony-d,Agony (2022) [Symbiote] 2020
mephitsu:marvel-legends:04377fe1-e5c5-4d7d-be4c-250155611e57,Ajak,Hasbro,Walmart US / Fan Channel,2021,5010993743933,already_in_app_same_url,wave_or_year_conflict,mlc-ajax-eternals,Ajak (2021) [Eternals] 2022
mephitsu:marvel-legends:1ce9a5fa-67c9-4ff0-b408-298509979511,America Chavez,Hasbro,Rintrah BAF Wave,2022,5010993790906,already_in_app_same_url,no_catalog_figure,,
mephitsu:marvel-legends:2574fb54-797e-4e9f-8f45-e34ab1792c51,Angel,Hasbro,"Toys R Us, All New X-Men",2014,,already_in_app_same_url,no_catalog_figure,,
mephitsu:marvel-legends:bfcef9fb-8a4f-4055-9d88-c00acae2fb2d,Angel,Hasbro,Deluxe,2024,5010996202963,already_in_app_same_url,no_catalog_figure,,
mephitsu:marvel-legends:4e9c7015-89c0-41c5-940b-ab037a188f7a,Angela,Hasbro,Titus BAF Wave,2017,630509501328,already_in_app_same_url,no_catalog_figure,,
mephitsu:marvel-legends:3e57ea71-392f-467f-9f97-a729178d5755,Annihilus,Hasbro,Annihilus BAF Wave,2007,,replaces_existing,no_catalog_figure,,
mephitsu:marvel-legends:00bca9c5-19a8-46c5-9c88-cfc8494f0b0b,Ant-Man,Hasbro,"""Best Of"" Thanos BAF Wave",2019,630509774807,already_in_app_same_url,wave_or_year_conflict,mlc-antman-classic,Ant-Man (2018) [Classic] 2019
mephitsu:marvel-legends:605f2c35-af8c-46d1-8726-4ed97f749cef,Ant-Man,Hasbro,Toys R Us,2018,630509355228,already_in_app_same_url,wave_or_year_conflict,mlc-antman-classic,Ant-Man (2018) [Classic] 2019
mephitsu:marvel-legends:965ae8fa-fb56-4534-b495-769949206b8d,Ant-Man,Hasbro,Cassie Lang BAF Wave,2023,630509682157,already_in_app_same_url,wave_or_year_conflict,lv-hasbro-marvel-legends-ant-man-2023,Ant-Man (2023) [] 2023
mephitsu:marvel-legends:9826274c-d8de-4576-b99a-9cd129ab29fc,Ant-Man,Hasbro,Retro Wave 2,2018,630509682461,already_in_app_same_url,wave_or_year_conflict,mlc-antman-classic,Ant-Man (2018) [Classic] 2019
mephitsu:marvel-legends:9e909ef7-abb0-4935-8438-498b5e1ba0c1,Ant-Man,Hasbro,Cull Obsidian BAF Wave,2018,,already_in_app_same_url,wave_or_year_conflict,mlc-antman-classic,Ant-Man (2018) [Classic] 2019
mephitsu:marvel-legends:a53e60ff-431c-4bb6-a134-2ce712f56e31,Ant-Man,Hasbro,Ultron BAF Wave,2015,,already_in_app_same_url,no_catalog_figure,,
mephitsu:marvel-legends:e66441c7-9a5c-4a25-b8f7-2c8e405b09b4,Ant-Man,Hasbro,First Ten Years,2018,,already_in_app_same_url,wave_or_year_conflict,mlc-antman-classic,Ant-Man (2018) [Classic] 2019
mephitsu:marvel-legends:fb5623b3-26cf-4df9-a904-f6a5c484fb29,Ant-Man,Hasbro,Walgreens,2015,,already_in_app_same_url,no_catalog_figure,,
mephitsu:marvel-legends:b6b6f88a-48f0-4340-85b3-b73ba3b2d809,"Ant-Man, Hank Pym",Hasbro,SDCC,2015,,already_in_app_same_url,no_catalog_figure,,
mephitsu:marvel-legends:49d35cdf-5c56-4654-886f-3d28c6d8e3f8,"Ant-Man, Scott Lang",Hasbro,SDCC,2015,,already_in_app_same_url,no_catalog_figure,,
mephitsu:marvel-legends:7db3d87e-c50d-4ef0-acb5-3d4cc4a40946,Anti-Venom,Hasbro,Hobgoblin BAF Wave,2015,630509281107,already_in_app_same_url,no_catalog_figure,,
mephitsu:marvel-legends:7ed4c04b-9d6e-4416-ba18-c6a935dbfdc6,Anti-Venom Suit Spider-Man,Hasbro,Sony Spider-Man Gamerverse Wave,2025,5010996300522,already_in_app_same_url,no_catalog_figure,,
mephitsu:marvel-legends:581f37f1-f4b4-40c1-b838-32548a96ee17,Apocalypse,Hasbro,Apocalypse BAF Wave,2018,5010994140670,replaces_existing,no_catalog_figure,,
mephitsu:marvel-legends:cd0dd773-2b04-4d0b-b759-054e741a9f08,Apocalypse,Hasbro,Deluxe,2022,5010993735969,already_in_app_same_url,wave_or_year_conflict,ml2-apocalypse-aos,Apocalypse (2022) [Age of Apocalypse Deluxe] 2022
mephitsu:marvel-legends:dca92add-facc-4581-85e9-f24d199bc09a,Apocalypse,Hasbro,Deluxe,2020,,already_in_app_same_url,wave_or_year_conflict,ml3-ml-apocalypse-baf,Apocalypse (2020) [Age of Apocalypse BAF] 2020
mephitsu:marvel-legends:1b0e399b-a7ae-47d3-8d26-52371b9fe3a0,Apocolypse,Hasbro,Hasbro Pulse Ultra Deluxe Made to Order,2026,,already_in_app_same_url,no_catalog_figure,,
mephitsu:marvel-legends:d817f56f-ab77-4e5f-ba17-43f83a1e01c8,Arcade,Hasbro,Xemnu BAF Wave,2021,,already_in_app_same_url,no_catalog_figure,,
mephitsu:marvel-legends:26512811-d1fc-4da4-a1e4-3784690f8ef9,Archangel,Hasbro,Hit Monkey BAF Wave,2013,00092573,already_in_app_same_url,no_catalog_figure,,
mephitsu:marvel-legends:3f385ffa-4b8e-4ace-bca2-7c984b517b15,Archangel,Hasbro,SDCC Uncanny X-Men,2012,653569821038,replaces_existing,no_catalog_figure,,
mephitsu:marvel-legends:6843c4fc-033a-430e-b76e-15d1a30c4300,Archangel,Hasbro,Fan Channel,2026,5010996352439,already_in_app_same_url,no_catalog_figure,,
mephitsu:marvel-legends:efb043b7-2051-4d7e-a99d-3f95f9c3c0e1,Archangel,Hasbro,Apocalypse BAF Wave,2018,,already_in_app_same_url,wave_or_year_conflict,d14ml-archangel,Archangel (2018) [X-Men] 2019
mephitsu:marvel-legends:5ad09883-b89d-4095-843f-cd51df0b0417,Archangel 'X-Force',Hasbro,X-Force Deluxe,2025,5010996305022,already_in_app_same_url,no_catalog_figure,,
mephitsu:marvel-legends:bc3e250f-d00f-4482-a748-18cc3f9e7e3e,Ares,Hasbro,Walmart Ares BAF Wave,2008,,replaces_existing,no_catalog_figure,,
mephitsu:marvel-legends:c6ae4de1-de24-4de1-a890-67f72354ede6,Ares,Hasbro,Gladiator Hulk BAF Wave,2017,,already_in_app_same_url,no_catalog_figure,,
mephitsu:marvel-legends:eb976738-5812-4234-a657-80387f442560,Armadillo,Hasbro,Armadillo BAF Wave,2021,,replaces_existing,no_catalog_figure,,
mephitsu:marvel-legends:7ca86d5d-5cd6-4e46-9b83-986c1baed5dc,Armoured Daredevil,Hasbro,Retro 2020,2020,,already_in_app_same_url,no_catalog_figure,,
mephitsu:marvel-legends:defa15db-785f-48c9-aa36-1087bba6fc7a,Armoured Punisher,Hasbro,Deluxe,2026,,already_in_app_same_url,no_catalog_figure,,
mephitsu:marvel-legends:46b7e1ab-5563-447b-89ff-864ea4efe1dc,Armoured Thanos,Hasbro,Armoured Thanos BAF Wave,2019,,replaces_existing,no_catalog_figure,,
mephitsu:marvel-legends:8530985f-087f-499e-be0f-1d9ea438eb7e,Arnim Zola,Hasbro,Comic 2-Pack,2019,21653569704768,already_in_app_same_url,no_catalog_figure,,
mephitsu:marvel-legends:88752f89-3e9d-4dff-a02f-6c44f9623eba,Arnim Zola,Hasbro,Arnim Zola BAF Wave,2012,653569704621,replaces_existing,no_catalog_figure,,
mephitsu:marvel-legends:a2cd79fe-72cb-4a97-9cb6-61b97c624ed5,Arnim Zola,Hasbro,Amazon,2024,653569704676,already_in_app_same_url,no_catalog_figure,,
mephitsu:marvel-legends:0da1caac-61cf-4f2c-9407-80dbe39cbf7d,Astonishing Ant-Man,Hasbro,Target / Fan Channel,2023,,already_in_app_same_url,no_catalog_figure,,
mephitsu:marvel-legends:105412a9-1d03-4d59-9f5e-2d5017795622,Astonishing Wolverine,Hasbro,Marvel 85th Anniversary,2024,5010996244406,already_in_app_same_url,no_catalog_figure,,
mephitsu:marvel-legends:443be9d4-8448-4a2a-9638-8de8ecaffc0b,Astral Doctor Strange,Hasbro,Dormammu BAF Wave,2016,21630509438761,already_in_app_same_url,no_catalog_figure,,
mephitsu:marvel-legends:8ce3e05d-12ff-4a68-9ac3-a396ab21d7db,Astral Doctor Strange,Hasbro,Rintrah BAF Wave,2022,71630509438761,already_in_app_same_url,no_catalog_figure,,
mephitsu:marvel-legends:df18c8b1-f2a0-4d78-93f8-661869db259c,Atmosphere Iron-Man,Hasbro,Joe Fixit BAF Wave,2020,21501099373177,already_in_app_same_url,no_catalog_figure,,
mephitsu:marvel-legends:67d3b597-7fb2-49c5-a4a9-49fa070c4c00,Attuma,Hasbro,Attuma BAF,2022,,replaces_existing,no_catalog_figure,,
mephitsu:marvel-legends:cacf8a61-4ae4-4128-8bd1-0858f3c69522,Aunt May,Hasbro,VHS Spider-Man,2023,5010994181772,replaces_existing,no_catalog_figure,,
mephitsu:marvel-legends:fc9098c1-fff3-4894-ad4f-dabdc7568788,Aurora,Hasbro,"Amazon, Alpha Flight",2019,,already_in_app_same_url,no_catalog_figure,,
mephitsu:marvel-legends:63151523-4ca0-46cf-b329-c86e36daf4e2,Avalanche,Hasbro,X-Men Retro Wave 2,2022,5010994140625,already_in_app_same_url,no_catalog_figure,,
mephitsu:marvel-legends:2d366954-6976-4081-942c-3e1683c70526,Baby Groot,Hasbro,"Toys R Us, Evolutions of Groot",2017,,already_in_app_same_url,no_catalog_figure,,
mephitsu:marvel-legends:cc756e11-2eeb-4c96-b0df-655d585755a3,Baby Groot,Hasbro,"Fan Channel, Evolution of Groot",2020,630509517350,already_in_app_same_url,no_catalog_figure,,
mephitsu:marvel-legends:020c8977-76c0-4e60-962e-5e14765552e5,Banshee,Hasbro,Comic Book Series 1,2025,5010996290908,already_in_app_same_url,no_catalog_figure,,
mephitsu:marvel-legends:0f956fe5-7bb7-42ed-8933-4419129cf3c7,Banshee,Hasbro,X-Men 60th Anniversary,2023,,already_in_app_same_url,wave_or_year_conflict,mlc-banshee,Banshee (2023) [X-Men] 2022
mephitsu:marvel-legends:6f26cb0a-6f56-42ef-9508-1d88e9d17494,Banshee,Hasbro,Annihilus BAF Wave,2007,653569205463,already_in_app_same_url,no_catalog_figure,,
mephitsu:marvel-legends:3cc9c567-09b6-4819-89b0-7e041ae8664f,Baron Von Strucker,Hasbro,Puff Adder BAF,2023,5010994181192,already_in_app_same_url,no_catalog_figure,,
mephitsu:marvel-legends:51f2ea0c-71be-4e5c-a19e-92d2c47b5a79,Baron Von Zemo,Hasbro,Mandroid BAF Wave,2014,,already_in_app_same_url,no_catalog_figure,,
mephitsu:marvel-legends:34ebf989-0289-4839-a7e3-7f5d487339c2,Baron Zemo,Hasbro,Walgreens (US) / Fan Channel,2022,5010993791125,already_in_app_same_url,no_catalog_figure,,
mephitsu:marvel-legends:c85d6ba4-d8cc-431e-8188-e0277bafecc7,Baron Zemo,Hasbro,"Disney+ Wave, Falcon Wings BAF",2021,653569955054,already_in_app_same_url,no_catalog_figure,,
mephitsu:marvel-legends:d61d4192-d22a-4f15-b103-afcb58ce4bb2,Baron Zemo,Hasbro,Amazon,2024,5010993943364,already_in_app_same_url,no_catalog_figure,,
mephitsu:marvel-legends:1241773a-c141-4300-a872-438e95953355,Bastion,Hasbro,HasLab,2021,,already_in_app_same_url,wave_or_year_conflict,d14ml-bastion,Bastion (2021) [X-Men] 2022
mephitsu:marvel-legends:54f09d42-e2fe-485f-b425-59612134589a,Batroc,Hasbro,Thanos BAF Wave,2015,630509284306,already_in_app_same_url,no_catalog_figure,,
mephitsu:marvel-legends:140aaf3b-4b43-479f-9ebc-3c92b4b99a11,Beast,Hasbro,Mini-Comic Wave 2,2025,5010996322548,already_in_app_same_url,wave_or_year_conflict,ml4-beast-blue,Beast (2026) [Blue] 2025
mephitsu:marvel-legends:169ff04f-5aa7-4c00-a2f8-eecc3a1fb6a0,Beast,Hasbro,Walgreens Nemesis BAF Wave,2009,,already_in_app_same_url,no_catalog_figure,,
mephitsu:marvel-legends:4f9c362a-45e6-4802-b1c6-cfe3d367f8e6,Beast,Hasbro,Annihilus BAF Wave,2007,5010994140724,already_in_app_same_url,no_catalog_figure,,
mephitsu:marvel-legends:693428e0-a119-4f1b-9e35-02bb093aa668,Beast,Hasbro,"Retro 2020, Fan Channel",2020,,already_in_app_same_url,wave_or_year_conflict,mlc-beast-jimlee,Beast (2020) [Jim Lee] 2020
mephitsu:marvel-legends:8f7e87c4-bdce-4651-b540-306eeaff7323,Beast,Hasbro,"Toys R Us, All New X-Men",2014,,already_in_app_same_url,no_catalog_figure,,
mephitsu:marvel-legends:b669141c-a2ea-4b75-a6a0-7fc705adc76d,Beast,Hasbro,Deluxe,2022,5010993727230,already_in_app_same_url,no_catalog_figure,,
mephitsu:marvel-legends:b785c2b5-76be-4583-b51e-c0521472d3a0,Beast,Hasbro,Caliban BAF Wave,2019,,already_in_app_same_url,wave_or_year_conflict,d14ml-ml-retro-beast,Beast (2019) [Retro Card] 2018
mephitsu:marvel-legends:fecf6041-efb5-4f7a-893e-63d4d2dd982b,Beast,Hasbro,Deluxe,2026,5010996448019,already_in_app_same_url,wave_or_year_conflict,ml4-beast-blue,Beast (2026) [Blue] 2025
mephitsu:marvel-legends:1a466abe-61bc-4fca-b60a-5bf6a06a9dac,Beetle,Hasbro,Absorbing Man BAF Wave,2016,,already_in_app_same_url,no_catalog_figure,,
mephitsu:marvel-legends:7cb8a0b3-c57d-49c5-83d0-9e3389bbea19,Beetle,Hasbro,Ultimate Goblin BAF Wave,2014,,already_in_app_same_url,no_catalog_figure,,
mephitsu:marvel-legends:9aa58ad2-fedf-4a2c-bbad-024d3aea1c49,Beetle,Hasbro,Vulture Suit BAF Wave,2017,653569919292,already_in_app_same_url,no_catalog_figure,,
mephitsu:marvel-legends:7b9feca0-3688-48a9-a110-1aa6fd60236d,Ben Reilly Scarlet Spider,Hasbro,Walmart Ares BAF Wave,2008,653569329718,already_in_app_same_url,no_catalog_figure,,
mephitsu:marvel-legends:31e5751f-42fd-4489-ba80-0fa2b9d38be2,Ben Reilly Spider-Man,Hasbro,Absorbing Man BAF Wave,2016,630509397402,already_in_app_same_url,no_catalog_figure,,
mephitsu:marvel-legends:7740eb66-6d34-4991-8d8c-85b8446ba930,Ben Reilly Spider-Man,Hasbro,Spider-Man Retro 2022,2022,5010993938032,already_in_app_same_url,no_catalog_figure,,
mephitsu:marvel-legends:a17b3385-49fa-4e4d-b517-edbb44574848,Ben Reilly Spider-Man,Hasbro,Spider-Man Legends Wave 2023,2023,5010994181253,already_in_app_same_url,no_catalog_figure,,
mephitsu:marvel-legends:72f9388c-0054-458f-aa1f-57291d12578a,Beta Ray Bill,Hasbro,Smart Hulk BAF Wave,2019,630509838691,already_in_app_same_url,no_catalog_figure,,
mephitsu:marvel-legends:0abaa98e-cd47-448b-8b7f-54508774b2fd,Big Time Spider-Man,Hasbro,Arnim Zola BAF Wave,2012,5010993647279,already_in_app_same_url,no_catalog_figure,,
mephitsu:marvel-legends:ccaf4472-0ec9-4db5-829f-0011c8067990,Big Time Spider-Man,Hasbro,"Fan Channel, 80th Anniversary",2019,,already_in_app_same_url,no_catalog_figure,,
mephitsu:marvel-legends:1d18a79f-99e0-43ea-8b9b-2a67c1beb996,Binary,Hasbro,Walgreens (US) / Fan Channel,2021,5010993839889,already_in_app_same_url,no_catalog_figure,,
mephitsu:marvel-legends:da9a55c7-6a66-43bf-af66-daa70c9899c6,Bishop,Hasbro,Sauron BAF Wave,2018,,already_in_app_same_url,wave_or_year_conflict,mlc-bishop-classic,Bishop (2018) [X-Men] 2019
mephitsu:marvel-legends:4a1b1867-f03a-44c5-af21-9bf0644a1063,Black Bolt,Hasbro,Inhumans,2025,,already_in_app_same_url,no_catalog_figure,,
mephitsu:marvel-legends:df07ba06-c8b6-47b6-b48b-36485fc44ca4,Black Bolt,Hasbro,"SDCC, The Thanos Imperative",2014,,already_in_app_same_url,no_catalog_figure,,
mephitsu:marvel-legends:ec386d4b-38ae-41e3-b7f2-9b0490307106,Black Bolt,Hasbro,Okoye BAF Wave,2018,,already_in_app_same_url,no_catalog_figure,,
mephitsu:marvel-legends:38334f13-53f3-4a4d-87b5-64f4402c86fa,Black Cat,Hasbro,Ultimate Goblin BAF Wave,2014,,already_in_app_same_url,no_catalog_figure,,
mephitsu:marvel-legends:ab0d17ea-14e2-4461-9e4c-8f2e36f66157,Black Cat,Hasbro,Retro 2020,2021,5010993767335,already_in_app_same_url,no_catalog_figure,,
mephitsu:marvel-legends:cb377b88-3517-4f77-82ce-c8912b2adcd0,Black Cat,Hasbro,Kingpin BAF Wave,2019,653569919285,already_in_app_same_url,wave_or_year_conflict,mlc-blackcat,Black Cat (2020) [Classic] 2019
mephitsu:marvel-legends:2a159ee7-2506-4a5c-aac7-5e6986625c9b,Black Knight,Hasbro,Cull Obsidian BAF Wave,2018,,already_in_app_same_url,no_catalog_figure,,
mephitsu:marvel-legends:cf256482-2f8f-44e0-a8a7-dba28e001558,Black Knight,Hasbro,Brood Queen BAF Wave,2007,630509318308,already_in_app_same_url,no_catalog_figure,,
mephitsu:marvel-legends:fc11e274-5042-410d-8e9c-6112f6ddc97e,Black Knight,Hasbro,The Avengers 60th Anniversary,2023,630509682126,already_in_app_same_url,wave_or_year_conflict,mlc-blackknight,Black Knight (2023) [Eternals] 2022
mephitsu:marvel-legends:06166550-2ae1-4eea-985f-cdfa2cf970c3,Black Panther,Hasbro,Retro Wave 2,2018,,already_in_app_same_url,wave_or_year_conflict,mlc-blackpanther-classic,Black Panther (2018) [Classic] 2018
mephitsu:marvel-legends:0a601c98-475b-4077-92a8-69d7f584e89d,Black Panther,Hasbro,Fan Channel The Void BAF Wave,2024,653569858690,already_in_app_same_url,no_catalog_figure,,
mephitsu:marvel-legends:30be02a4-20a2-4fa7-9a26-586ef170ce5d,Black Panther,Hasbro,M'Baku BAF Wave,2019,,already_in_app_same_url,no_catalog_figure,,
mephitsu:marvel-legends:46ecf2b4-882d-4307-8b2b-bef6e39a826d,Black Panther,Hasbro,Special,2023,5010993848959,already_in_app_same_url,no_catalog_figure,,
mephitsu:marvel-legends:4c3e3b02-cda1-409b-8555-9c3e39875ce5,Black Panther,Hasbro,Walmart,2018,,already_in_app_same_url,wave_or_year_conflict,mlc-blackpanther-classic,Black Panther (2018) [Classic] 2018
mephitsu:marvel-legends:55be9cc4-83b6-472c-91cc-4cf6755d0c43,Black Panther,Hasbro,Giantman BAF Wave,2016,,already_in_app_same_url,no_catalog_figure,,
mephitsu:marvel-legends:5b644c62-5fa8-4869-a2c6-cdfd25b0a016,Black Panther,Hasbro,Attuma BAF,2022,5010994104894,already_in_app_same_url,no_catalog_figure,,
mephitsu:marvel-legends:6064633e-760b-49b2-9a5d-7e82db9d5520,Black Panther,Hasbro,Rocket Raccoon BAF Wave,2013,630509620227,already_in_app_same_url,no_catalog_figure,,
mephitsu:marvel-legends:606e1590-caf4-4744-89a0-37ea8c3e7404,Black Panther,Hasbro,Walmart,2017,,already_in_app_same_url,no_catalog_figure,,
mephitsu:marvel-legends:6631f019-4f69-4ac5-b583-9fe0db552251,Black Panther,Hasbro,"""Best Of"" Giantman Wave",2017,,already_in_app_same_url,no_catalog_figure,,
mephitsu:marvel-legends:744f45e8-2416-4765-919a-0c04e41cd8f9,Black Panther,Hasbro,"Amazon, Magic: The Gathering",2026,5010994105037,already_in_app_same_url,no_catalog_figure,,
mephitsu:marvel-legends:7d4d758c-77e2-4d44-aaff-2d46c0b5f525,Black Panther,Hasbro,UK Wave,2019,,already_in_app_same_url,no_catalog_figure,,
mephitsu:marvel-legends:7ee42df9-5fee-4470-829b-5f4d76ac6945,Black Panther,Hasbro,"""Best of MCU"" Armoured Thanos",2020,,already_in_app_same_url,no_catalog_figure,,
mephitsu:marvel-legends:81b26c1a-d485-45d0-a9b8-a42dea4ebb0f,Black Panther,Hasbro,Okoye BAF Wave,2018,,already_in_app_same_url,wave_or_year_conflict,mlc-blackpanther-classic,Black Panther (2018) [Classic] 2018
mephitsu:marvel-legends:a6f4d789-527c-4a01-aec9-99166323832e,Black Panther,Hasbro,Walmart (US) / Fan Channel,2022,630509774821,already_in_app_same_url,no_catalog_figure,,
mephitsu:marvel-legends:fde120ba-33fb-4e3f-ae16-3a371e87debd,"Black Panther, Vibranium Charged",Hasbro,"Marvel Studios Legacy Collection, Series 1",2022,630509632312,already_in_app_same_url,no_catalog_figure,,
mephitsu:marvel-legends:a8506fcf-4214-436c-9492-0cb3a876112a,"Black Panther, Vibranium Suit",Hasbro,M'Baku BAF Wave,2019,,already_in_app_same_url,no_catalog_figure,,
mephitsu:marvel-legends:1d5d188f-0574-421a-a86a-91d64b416d10,Black Queen,Hasbro,Toys R Us,2007,,already_in_app_same_url,no_catalog_figure,,
mephitsu:marvel-legends:bddbf71c-55bf-48cd-8b99-3bd0f49d9d1f,Black Tom Cassidy,Hasbro,Strong Guy BAF Wave,2020,5010993697960,already_in_app_same_url,no_catalog_figure,,
mephitsu:marvel-legends:0fa2a2e6-a926-4965-ab30-737283215583,Black Widow,Hasbro,Mandroid BAF Wave,2014,,already_in_app_same_url,no_catalog_figure,,
mephitsu:marvel-legends:33475e2e-682b-4a2e-b299-4137c24f2f4c,Black Widow,Hasbro,Cull Obsidian BAF Wave,2018,5010993682362,already_in_app_same_url,wave_or_year_conflict,mlc-blackwidow-classic,Black Widow (2018) [Classic] 2018
mephitsu:marvel-legends:434940bc-6c1c-4cc2-8f86-61421ed781c3,Black Widow,Hasbro,Amazon,2015,,already_in_app_same_url,no_catalog_figure,,
mephitsu:marvel-legends:44567bf9-11f6-4ba8-8f44-d0b9372cabf1,Black Widow,Hasbro,The Avengers 60th Anniversary,2023,630509682133,already_in_app_same_url,no_catalog_figure,,
mephitsu:marvel-legends:8baafad9-9f65-439b-88ff-d466cf7d5c38,Black Widow,Hasbro,"""Best Of"" Thanos BAF Wave",2019,630509628407,already_in_app_same_url,no_catalog_figure,,
mephitsu:marvel-legends:8f91dead-e2bc-4984-85e7-42946764ea5b,Black Widow,Hasbro,"Euro ""Best Of"" Hulkbuster BAF Wave",2016,,already_in_app_same_url,no_catalog_figure,,
mephitsu:marvel-legends:ad1bf182-2d63-4bda-8069-7c2dd0cfc5a7,Black Widow,Hasbro,Infinity Saga,2023,5010996142733,already_in_app_same_url,no_catalog_figure,,
mephitsu:marvel-legends:af97f91c-bb89-41ef-a0b8-d580a473bb2d,Black Widow,Hasbro,Fan Channel,2026,5010996322555,already_in_app_same_url,no_catalog_figure,,
mephitsu:marvel-legends:b7d35a08-1bb1-47d5-a651-d557d802bda0,Black Widow,Hasbro,Crimson Dynamo BAF Wave,2020,5010993674213,already_in_app_same_url,no_catalog_figure,,
mephitsu:marvel-legends:b977c94a-33db-4379-9d96-6710dc33c359,Black Widow,Hasbro,Mini-Comic Wave 2,2025,5010996142436,already_in_app_same_url,no_catalog_figure,,
mephitsu:marvel-legends:cfc94296-fce0-4ae9-9ec7-1372ead086e7,Black Widow,Hasbro,"""Best of MCU"" Armoured Thanos",2020,5010993954506,already_in_app_same_url,no_catalog_figure,,
mephitsu:marvel-legends:e3edd288-fa9a-4df1-a445-aa580ac0fb4e,Black Widow,Hasbro,Retro Wave 1,2018,630509626380,already_in_app_same_url,wave_or_year_conflict,mlc-blackwidow-classic,Black Widow (2018) [Classic] 2018
mephitsu:marvel-legends:f54f2355-cb31-4bef-84be-2f79d70a1f4f,Black Widow,Hasbro,Toys R' Us,2010,653569530565,already_in_app_same_url,no_catalog_figure,,
mephitsu:marvel-legends:73459751-e718-403e-a1bf-87f886ac15dd,Black Widow (Grey),Hasbro,Toys R' Us,2010,5010993682416,already_in_app_same_url,no_catalog_figure,,
mephitsu:marvel-legends:92d73ba5-f724-4da3-8ba9-9cbd66b14e03,"Black Widow, Grey Suit",Hasbro,Walmart,2020,,already_in_app_same_url,no_catalog_figure,,
mephitsu:marvel-legends:a6f51076-b692-4eb9-ab8a-e253e4a978f2,"Black Widow, Quantum Suit",Hasbro,Target,2019,,already_in_app_same_url,no_catalog_figure,,
mephitsu:marvel-legends:c0a3d61c-5957-41d0-a7c0-cab45737305e,"Black Widow, w/ Motorbike",Hasbro,Ultimate Riders,2018,,already_in_app_same_url,no_catalog_figure,,
mephitsu:marvel-legends:2b7109e8-289f-4791-8817-8dc8a080cf8c,"Black Widow, White Suit",Hasbro,MCU Deluxe,2020,,already_in_app_same_url,no_catalog_figure,,
mephitsu:marvel-legends:d293e10d-e4cf-443c-9723-1d88a6925df0,"Black Widow, White Suit",Hasbro,Target,2020,,already_in_app_same_url,no_catalog_figure,,
mephitsu:marvel-legends:b598da78-e6a9-4578-8e71-dbe988218179,Black Winter (Thor),Hasbro,Fan Channel Zabu BAF Wave,2024,5010996222466,already_in_app_same_url,no_catalog_figure,,
mephitsu:marvel-legends:df71879b-5c3f-408d-b71d-3ad2c244c259,Blackbolt,Hasbro,Walgreens Nemesis BAF Wave,2009,,already_in_app_same_url,no_catalog_figure,,
mephitsu:marvel-legends:012b49b0-a2eb-42b0-89af-3dd549f2fb82,Blackheart,Hasbro,"Blackheart BAF Wave, Amazon / Fan Channel",2024,,replaces_existing,no_catalog_figure,,
mephitsu:marvel-legends:c4f4815a-76b9-4dd9-9c31-7294ee2746ad,Blade,Hasbro,The Mindless One BAF Wave,2023,,already_in_app_same_url,no_catalog_figure,,
mephitsu:marvel-legends:e8e0fb5a-4d67-469e-8f7c-31e44f1ca40e,Blade,Hasbro,Man-Thing BAF Wave,2017,,already_in_app_same_url,no_catalog_figure,,
mephitsu:marvel-legends:b35d2dfd-b5fa-4a2b-ad64-496b2a08fd50,Blastaar,Hasbro,"SDCC, The Thanos Imperative",2014,,already_in_app_same_url,no_catalog_figure,,
mephitsu:marvel-legends:58d6ec97-f3ab-42ba-b652-c98e1bd203e0,Blink,Hasbro,Caliban BAF Wave,2019,,already_in_app_same_url,no_catalog_figure,,
mephitsu:marvel-legends:5a92053c-8d04-49fa-bd1c-2ff480133b99,Blizzard,Hasbro,Hulkbuster BAF Wave,2015,630509310913,already_in_app_same_url,no_catalog_figure,,
mephitsu:marvel-legends:31008961-a189-4a62-92e1-3e35ecab8fd6,Blob,Hasbro,Blob BAF Wave,2007,5010994188139,replaces_existing,no_catalog_figure,,
mephitsu:marvel-legends:66fd734b-bece-440f-b051-08626e3715ba,Blob,Hasbro,X-Men 60th Anniversary,2023,,already_in_app_same_url,wave_or_year_conflict,ml6-ml-blob-aos,Blob (2023) [Age of Apocalypse Wave6] 2023
mephitsu:marvel-legends:446ca16e-4563-4592-abfc-c59ae6cebb78,Bloodstorm,Hasbro,"Blackheart BAF Wave, Amazon / Fan Channel",2024,,already_in_app_same_url,no_catalog_figure,,
mephitsu:marvel-legends:d2fb8407-0106-49ed-9972-2e3f22e32ecc,Blue Marvel,Hasbro,The Controller BAF,2022,653569258063,already_in_app_same_url,no_catalog_figure,,
mephitsu:marvel-legends:311ba597-9398-4f01-b75e-2d1af23cd2fd,Blur,Hasbro,Squadron Supreme Special,2023,5010996142627,already_in_app_same_url,no_catalog_figure,,
mephitsu:marvel-legends:32bf4966-7bc1-49f9-b586-33be021099cd,"Bob, Agent of Hydra",Hasbro,SDCC 2023,2023,5010996184030,already_in_app_same_url,no_catalog_figure,,
mephitsu:marvel-legends:e4be5027-cf4e-476b-ac01-d3152e42e201,Bombastic Bag-Man,Hasbro,Target (US) / Fan Channel,2022,5010994158538,already_in_app_same_url,no_catalog_figure,,
mephitsu:marvel-legends:c9a3b10f-5af5-45c6-9a35-fa7402f3c867,Boom Boom,Hasbro,Wendigo BAF Wave,2019,630509825417,already_in_app_same_url,wave_or_year_conflict,mlc-boomboom,Boom-Boom (2019) [X-Force] 2021
mephitsu:marvel-legends:279b5c44-3892-4bc0-b601-b64d560103d5,Boomerang,Hasbro,Ultimate Goblin BAF Wave,2014,,already_in_app_same_url,no_catalog_figure,,
mephitsu:marvel-legends:f9e24171-bdc8-4658-8b0b-7fd5d1c5929a,Boomerang,Hasbro,Walmart (US) / Fan Channel,2026,,already_in_app_same_url,no_catalog_figure,,
mephitsu:marvel-legends:68ebd724-612d-4334-b563-0e82d2172fe9,Bor,Hasbro,"SDCC, Battle for Asgard",2017,,already_in_app_same_url,no_catalog_figure,,
mephitsu:marvel-legends:e2fdfa64-6643-4f76-9a34-46d67e158337,Box,Hasbro,Box Build-a-Figure Wave,2026,630509305476,replaces_existing,no_catalog_figure,,
mephitsu:marvel-legends:7863b7a2-ed96-49a5-a600-7c3e6264ac53,Brood Infected Wolverine,Hasbro,Wolverine 50th Anniversary (Fan Channel),2024,5010996202109,already_in_app_same_url,no_catalog_figure,,
mephitsu:marvel-legends:a2872088-1918-41b5-b9bf-08cee4e879a5,Brood Queen,Hasbro,Brood Queen BAF Wave,2007,,replaces_existing,no_catalog_figure,,
mephitsu:marvel-legends:25ab307d-027e-4336-b8b4-0c13c53b8502,Brother Voodoo,Hasbro,Dormammu BAF Wave,2016,21630509425365,already_in_app_same_url,no_catalog_figure,,
mephitsu:marvel-legends:36b5cc60-8cc1-4ac8-9330-10c4f65d0d3f,Brother Voodoo,Hasbro,"SDCC, Book of Vishanti",2015,5010996196873,already_in_app_same_url,no_catalog_figure,,
mephitsu:marvel-legends:fa05658a-efd2-4482-8b4a-163071dfbd30,Brother Voodoo,Hasbro,"Blackheart BAF Wave, Amazon / Fan Channel",2024,630509425365,already_in_app_same_url,no_catalog_figure,,
mephitsu:marvel-legends:1ee1db4c-40c9-495b-b18e-5c180855bb26,Bruce Banner,Hasbro,Amazon,2015,,already_in_app_same_url,no_catalog_figure,,
mephitsu:marvel-legends:7b0ec607-d2b6-4704-afa9-bb7665765957,Bruce Banner,Hasbro,Infinity Saga,2023,5010996142771,already_in_app_same_url,no_catalog_figure,,
mephitsu:marvel-legends:f6bc242b-edd6-41bd-897f-de91d41bca46,Bruce Banner,Hasbro,The Avengers 60th Anniversary,2023,5010996142597,already_in_app_same_url,no_catalog_figure,,
mephitsu:marvel-legends:3157f561-e047-4ee9-a6c0-fb32361fd35c,Bucky Barnes,Hasbro,Brood Queen BAF Wave,2007,653569254256,already_in_app_same_url,no_catalog_figure,,
mephitsu:marvel-legends:451cc973-e417-4d8c-ba88-12f104865f6e,Bucky Barnes Captain America,Hasbro,Walmart (US) The Avengers 60th Anniversary,2023,,already_in_app_same_url,no_catalog_figure,,
mephitsu:marvel-legends:b5433605-b2e6-48c8-8905-51e6432d4d21,"Bucky Barnes, The Winter Soldier",Hasbro,"Disney+ Wave, Falcon Wings BAF",2021,,already_in_app_same_url,no_catalog_figure,,
mephitsu:marvel-legends:471af5e0-4255-4118-98d1-f1defca9d8e0,Bulldozer,Hasbro,Ultron BAF Wave,2015,630509319879,already_in_app_same_url,no_catalog_figure,,
mephitsu:marvel-legends:4b1cf92f-2c42-46aa-9317-6f00df3aa05f,Bullseye,Hasbro,Man-Thing BAF Wave,2017,,already_in_app_same_url,no_catalog_figure,,
mephitsu:marvel-legends:643d272d-19ef-410f-9ff4-c26b830dc743,Bullseye,Hasbro,Hasbro Pulse,2026,5010993848942,already_in_app_same_url,wave_or_year_conflict,ml4-bullseye-classic,Bullseye (2026) [Classic] 2025
mephitsu:marvel-legends:8c5eb91b-9de1-4c8d-a1a2-c5067d53cf4e,Bullseye,Hasbro,Hasbro Pulse,2022,,already_in_app_same_url,no_catalog_figure,,
mephitsu:marvel-legends:492f62aa-faec-4365-a741-eba1378d05a1,Bushwhacker,Hasbro,Fan Channel / Amazon,2024,,already_in_app_same_url,no_catalog_figure,,
mephitsu:marvel-legends:120c528a-359e-46de-aa70-00c804beffb1,Cable,Hasbro,Juggernaught BAF Wave,2016,,already_in_app_same_url,no_catalog_figure,,
mephitsu:marvel-legends:163f32ef-1308-4262-a24a-f6e58ea5a33b,Cable,Hasbro,Deadpool Movie,2020,,already_in_app_same_url,wave_or_year_conflict,d14ml-cable-ask,Cable (2020) [Askani] 2020
mephitsu:marvel-legends:93db536b-77f4-41a1-a785-8c125345a344,Cable,Hasbro,Fan Channel Zabu BAF Wave,2024,630509448777,already_in_app_same_url,wave_or_year_conflict,mlc-cable-askani,Cable (2024) [Askani'son] 2024
mephitsu:marvel-legends:b29f787f-a9b0-49f3-ba2e-1f04268527cd,Cable,Hasbro,Sasquatch BAF Wave,2018,,already_in_app_same_url,wave_or_year_conflict,mlc-cable-classic,Cable (2018) [X-Force] 2018
mephitsu:marvel-legends:c96fc72f-f671-453a-a573-c0cc051a9da7,Cable,Hasbro,Walmart,2007,653569264774,already_in_app_same_url,no_catalog_figure,,
mephitsu:marvel-legends:ebeff4db-7292-423b-97d5-2b783d2f99e8,Callisto,Hasbro,Wolverine 5-Pack,2021,,already_in_app_same_url,no_catalog_figure,,
mephitsu:marvel-legends:9b67314a-a12c-421e-adf3-d982d626fb66,Cannonball,Hasbro,Wendigo BAF Wave,2019,,already_in_app_same_url,wave_or_year_conflict,ml4-cannonball,Cannonball (2019) [X-Force] 2019
mephitsu:marvel-legends:9cb3b5e5-70fe-4c5e-b862-8bae7991ce76,Cannonball,Hasbro,Marvel Legends Rerelease,2026,F4737,already_in_app_same_url,no_catalog_figure,,
mephitsu:marvel-legends:ccf96256-09c5-4691-8f7b-e9e2bdabc621,Cannonball,Hasbro,Walmart,2007,,already_in_app_same_url,no_catalog_figure,,
mephitsu:marvel-legends:d6d398e1-56d7-449c-b221-d308dd85e916,Cannonball,Hasbro,Disney Store / Hasbro Pulse,2021,,already_in_app_same_url,wave_or_year_conflict,ml5-ml-cannonball,Cannonball (2021) [X-Men] 2021
mephitsu:marvel-legends:04b212bb-60a1-4b41-b6f5-b13995ad9299,Captain America,Hasbro,Hit Monkey BAF Wave,2013,653569693840,already_in_app_same_url,no_catalog_figure,,
mephitsu:marvel-legends:0d101800-de49-44f2-b6f7-77554eb7226f,Captain America,Hasbro,20th Anniversary,2022,5010993956654,already_in_app_same_url,no_catalog_figure,,
mephitsu:marvel-legends:15321035-f0bb-4d10-82c2-ceb87f7ec64b,Captain America,Hasbro,Mandroid BAF Wave,2014,630509495795,already_in_app_same_url,no_catalog_figure,,
mephitsu:marvel-legends:1b7cb8e4-2cb4-400c-a0ed-9d716e1fe596,Captain America,Hasbro,Red Onslaught BAF Wave,2016,630509396634,already_in_app_same_url,no_catalog_figure,,
mephitsu:marvel-legends:1ca7d7a3-0e62-4591-885b-d7f0566aed77,Captain America,Hasbro,Abomination BAF Wave,2020,5010993702770,already_in_app_same_url,no_catalog_figure,,
mephitsu:marvel-legends:2135a918-a3ee-4fe0-a035-29c2d0661e2f,Captain America,Hasbro,Mandroid BAF Wave,2014,653569974956,already_in_app_same_url,no_catalog_figure,,
mephitsu:marvel-legends:21c48a3d-0d1f-4435-a746-aa15f18c6106,Captain America,Hasbro,"Euro ""Best Of"" Hulkbuster BAF Wave",2016,653569955085,already_in_app_same_url,no_catalog_figure,,
mephitsu:marvel-legends:2422cbad-ab9e-4deb-9a87-d8b3ac8c29b9,Captain America,Hasbro,"""Best of MCU"" Armoured Thanos",2020,630509628421,already_in_app_same_url,no_catalog_figure,,
mephitsu:marvel-legends:2904ae47-d9db-4d4b-aea6-899824542c8d,Captain America,Hasbro,First Ten Years,2018,653569955122,already_in_app_same_url,wave_or_year_conflict,mlc-cap-ww2,Captain America (2018) [WWII] 2018
mephitsu:marvel-legends:32619532-fc8f-451c-93be-55b3d6411d0b,Captain America,Hasbro,"Infinity Saga, Walmart (US)",2021,630509428205,already_in_app_same_url,wave_or_year_conflict,ml2-cap-john,Captain America (2021) [John Walker] 2021
mephitsu:marvel-legends:459a7e9f-dd60-41a2-8cb5-ba3f884e5451,Captain America,Hasbro,Retro Wave 1,2018,5010994181185,already_in_app_same_url,wave_or_year_conflict,mlc-cap-ww2,Captain America (2018) [WWII] 2018
mephitsu:marvel-legends:4969e0ac-da98-4755-960c-c4887af25769,Captain America,Hasbro,Captain America,2011,630509495818,already_in_app_same_url,no_catalog_figure,,
mephitsu:marvel-legends:4a645bc6-7027-4267-b406-5a70c5c035f7,Captain America,Hasbro,Avengers: Doomsday Wave 1,2026,5010996355836,already_in_app_same_url,no_catalog_figure,,
mephitsu:marvel-legends:52329c91-6702-4797-9897-a1a9374b50f9,Captain America,Hasbro,Avengers,2012,630509856169,already_in_app_same_url,no_catalog_figure,,
mephitsu:marvel-legends:609a967c-3132-4f1a-b75d-0ff0bc9c83cf,Captain America,Hasbro,Disney Store,2016,5010996206770,replaces_existing,no_catalog_figure,,
mephitsu:marvel-legends:8f7d2d68-3c7a-4971-b6f0-137e55838b89,Captain America,Hasbro,Brood Queen BAF Wave,2007,5010993791101,already_in_app_same_url,no_catalog_figure,,
mephitsu:marvel-legends:97621a75-d30c-4f95-b2f1-a7584500f815,Captain America,Hasbro,Arnim Zola BAF Wave,2012,5010993839360,already_in_app_same_url,no_catalog_figure,,
mephitsu:marvel-legends:abaa6be3-586d-494e-aa47-303a92a564e6,Captain America,Hasbro,Deluxe,2024,5010996222602,already_in_app_same_url,no_catalog_figure,,
mephitsu:marvel-legends:bcc525eb-7458-4122-8195-3f69d127b54e,Captain America,Hasbro,MCU Thanos BAF Wave,2018,630509612314,already_in_app_same_url,wave_or_year_conflict,mlc-cap-ww2,Captain America (2018) [WWII] 2018
mephitsu:marvel-legends:cf136b88-b43c-4b75-b927-09c6c9e08c74,Captain America,Hasbro,"Walmart, 80th Anniversary",2019,630509837113,already_in_app_same_url,no_catalog_figure,,
mephitsu:marvel-legends:d667801d-ad79-4e4f-b507-07810a9659f2,Captain America,Hasbro,Thanos BAF Wave,2015,630509803422,already_in_app_same_url,no_catalog_figure,,
mephitsu:marvel-legends:d80be161-d7a1-4613-90ba-a88a0f410d51,Captain America,Hasbro,"""Best Of"" Giantman Wave",2017,653569955092,already_in_app_same_url,wave_or_year_conflict,d14ml-ml-retro-cap,Captain America (2017) [Retro Card] 2017
mephitsu:marvel-legends:d8faff56-cb36-4167-90fb-1ab8137add30,Captain America,Hasbro,"""Best Of"" Thanos BAF Wave",2019,653569638926,already_in_app_same_url,no_catalog_figure,,
mephitsu:marvel-legends:e4b01246-4631-45d3-bca8-174b64dd2585,Captain America,Hasbro,2008 2-Pack Series,2008,653569633242,already_in_app_same_url,no_catalog_figure,,
mephitsu:marvel-legends:e875abe8-a425-471e-b6c9-8689a660a176,Captain America,Hasbro,Giantman BAF Wave,2016,653569955108,already_in_app_same_url,no_catalog_figure,,
mephitsu:marvel-legends:fd3fc639-c733-4523-833e-773597ba5f76,Captain America,Hasbro,Target,2014,653569974987,already_in_app_same_url,no_catalog_figure,,
mephitsu:marvel-legends:fd6bd3ec-fb3c-4341-93a4-df5e2bb66345,Captain America,Hasbro,Disney Store,2015,630509495757,already_in_app_same_url,no_catalog_figure,,
mephitsu:marvel-legends:b150e92a-04dc-4b6f-ab08-1d18f88dd8a1,Captain America 'Kith',Hasbro,Kith Marvel vs Capcom Exclusives,2026,5010996320476,already_in_app_same_url,no_catalog_figure,,
mephitsu:marvel-legends:d122c872-4b87-411b-bd6a-38ca2e7ecd48,Captain America (Avengers Twilight),Hasbro,Magic: The Gathering,2026,5010996411327,already_in_app_same_url,no_catalog_figure,,
mephitsu:marvel-legends:0ea5417b-0909-43d5-ab01-3f9f802697cc,Captain America WW2,Hasbro,"Amazon, 80th Anniversary",2019,,already_in_app_same_url,no_catalog_figure,,
mephitsu:marvel-legends:46e9bad2-842d-42e5-a641-393bbd203d26,"Captain America WW2, w/ Motorbike",Hasbro,"Ultimate Riders, 80th Anniversary",2019,,already_in_app_same_url,no_catalog_figure,,
mephitsu:marvel-legends:42b0e6cd-a6dd-44fc-8924-71de7d5a5bdc,"Captain America, Battle Damage",Hasbro,Civil War Multi-Pack,2016,,already_in_app_same_url,no_catalog_figure,,
mephitsu:marvel-legends:3ce4a354-9bb4-465c-82df-00a1c7949df2,"Captain America, Battle of New York",Hasbro,Endgame Thor BAF WAve,2019,,already_in_app_same_url,no_catalog_figure,,
mephitsu:marvel-legends:5ef95572-8834-4d4f-bff8-39b7b19a1f0c,"Captain America, Quantum Suit",Hasbro,Armoured Thanos BAF Wave,2019,,already_in_app_same_url,no_catalog_figure,,
mephitsu:marvel-legends:5f05b988-d782-4e95-968b-1a453cb8ca8d,"Captain America, Quantum Suit",Hasbro,UK Wave,2019,630509816453,already_in_app_same_url,no_catalog_figure,,
mephitsu:marvel-legends:dbeafbdd-8bca-4e1c-8892-4823ac49ef46,"Captain America, Stealth Suit",Hasbro,Infinity Saga,2023,5010996142757,already_in_app_same_url,no_catalog_figure,,
mephitsu:marvel-legends:73ecea8b-5ebe-42d4-b0fd-7e5397d559d3,"Captain America, STRIKE Suit",Hasbro,Mandroid BAF Wave,2014,,already_in_app_same_url,no_catalog_figure,,
mephitsu:marvel-legends:23c0b497-9f76-4811-ae04-e3d362d98d9e,Captain Britain,Hasbro,Abomination BAF Wave,2016,,already_in_app_same_url,no_catalog_figure,,
mephitsu:marvel-legends:ee358382-65e8-48bd-98d1-79e58884985f,Captain Britain,Hasbro,Hasbro Pulse,2022,630509401871,already_in_app_same_url,wave_or_year_conflict,mlc-captain-britain,Captain Britain (2022) [Excalibur] 2023
mephitsu:marvel-legends:2afd4584-1569-4cf9-9cf4-aed272480dca,Captain Carter,Hasbro,"Disney+ Wave, The Watcher BAF",2021,5010993797271,already_in_app_same_url,wave_or_year_conflict,d14ml-ml-whatif-cap,Captain Carter (2021) [What If] 2021
mephitsu:marvel-legends:c9b6fd36-5d74-4e67-95c9-18cf4bcc159f,"Captain Carter, Stealth Suit",Hasbro,Target (US) / Fan Channel,2022,5010993921225,already_in_app_same_url,no_catalog_figure,,
mephitsu:marvel-legends:0a598eb4-35f1-46a8-a8d8-684445a56beb,Captain Marvel,Hasbro,The Allfatther BAF Wave,2015,21630509775439,already_in_app_same_url,no_catalog_figure,,
mephitsu:marvel-legends:2b5556d9-4eb5-4ad8-b3b3-7b44fc56b395,Captain Marvel,Hasbro,"Infinity Saga, Amazon",2021,5010993839865,already_in_app_same_url,no_catalog_figure,,
mephitsu:marvel-legends:98ebf773-efb4-4316-aa3c-eee075932c0c,Captain Marvel,Hasbro,Totally Awesome Hulk BAF Wave,2023,630509273904,already_in_app_same_url,no_catalog_figure,,
mephitsu:marvel-legends:a6148a5c-7b20-4e63-98d0-790dbbaaf686,Captain Marvel,Hasbro,Kree Sentry BAF Wave,2019,630509775491,already_in_app_same_url,no_catalog_figure,,
mephitsu:marvel-legends:d26f9a77-3a57-4be9-9443-43d946c00096,Captain Marvel,Hasbro,Marvel Unlimited Subscription,2017,630509775439,already_in_app_same_url,no_catalog_figure,,
mephitsu:marvel-legends:d6c0baa2-88a7-4673-84c0-381b2342b4d5,Captain Marvel,Hasbro,UK Wave,2019,5010993978229,already_in_app_same_url,no_catalog_figure,,
mephitsu:marvel-legends:5cd3d611-8f74-4979-9a8b-3ffe6855a0ac,"Captain Marvel, Binary Form",Hasbro,Walmart,2019,630509833498,already_in_app_same_url,no_catalog_figure,,
mephitsu:marvel-legends:584bde7e-29ab-403e-8c73-b9e6b3d5fd5f,"Captain Marvel, with jacket",Hasbro,Kree Sentry BAF Wave,2019,630509775460,already_in_app_same_url,no_catalog_figure,,
mephitsu:marvel-legends:fcbcfe45-fb3f-4203-b636-b12214c040ca,Cardiac,Hasbro,Spider-Man Retro,2026,5010996355928,already_in_app_same_url,no_catalog_figure,,
mephitsu:marvel-legends:32c55258-1b27-4222-957a-549729841f0a,Carnage,Hasbro,Monster Venom BAF Wave,2018,,already_in_app_same_url,no_catalog_figure,,
mephitsu:marvel-legends:40a766d6-7139-4730-b8a5-197eebf53631,Carnage,Hasbro,Ultimate Goblin BAF Wave,2014,,already_in_app_same_url,no_catalog_figure,,
mephitsu:marvel-legends:6282419c-af2c-45bd-89c5-f990184725b4,Carnage,Hasbro,'Let there be Carnage' Deluxe,2024,5010996244369,already_in_app_same_url,no_catalog_figure,,
mephitsu:marvel-legends:73aaf8b3-5479-42f6-8846-a0ed4ea2d7a5,Carnage,Hasbro,VHS Spider-Man,2023,5010994181758,replaces_existing,no_catalog_figure,,
mephitsu:marvel-legends:8c637a0e-e521-43f7-802b-c69d1605bc78,Carnage,Hasbro,Venompool BAF Wave,2020,,already_in_app_same_url,wave_or_year_conflict,hs8-hs-05,Carnage (2020) [Marvel Legends Retro] 2020
mephitsu:marvel-legends:a8f211e1-348b-4df2-a574-e6b0be64dc7f,Carnage,Hasbro,Target (US) / Fan Channel,2024,5010996206794,already_in_app_same_url,no_catalog_figure,,
mephitsu:marvel-legends:4d438d2e-36db-43c5-950f-966e0e9b0b1c,Carol Danvers Warbird,Hasbro,"Marvel 85th Anniversary, Fan Channel",2024,5010993842568,already_in_app_same_url,no_catalog_figure,,
mephitsu:marvel-legends:df5ae9a2-7cf6-4156-979f-53a1f7f89b68,Cassandra Nova,Hasbro,Deadpool & Wolverine Wave 2,2026,5010996359605,already_in_app_same_url,no_catalog_figure,,
mephitsu:marvel-legends:a3f9e352-cb77-4ca6-9aef-82e53b20aefb,Cassie Lang,Hasbro,Cassie Lang BAF Wave,2023,5010994180041,replaces_existing,wave_or_year_conflict,d14ml-cassie-baf,Cassie Lang (2023) [Quantumania BAF] 2023
mephitsu:marvel-legends:006798cc-6b70-4b70-991c-a35eef0c80d4,Ch'od,Hasbro,Ch'od BAF Wave,2023,5010994181109,replaces_existing,no_catalog_figure,,
mephitsu:marvel-legends:195193a3-773c-44d5-835f-57bdfcaae8dd,Chamber,Hasbro,Ch'od BAF Wave,2023,,already_in_app_same_url,wave_or_year_conflict,mlc-chamber,Chamber (2023) [Generation X] 2024
mephitsu:marvel-legends:0c45881e-0571-4326-9585-cdcaded9806d,Chameleon,Hasbro,Rhino BAF Wave,2015,630509318261,already_in_app_same_url,no_catalog_figure,,
mephitsu:marvel-legends:88f23d05-834f-4333-9842-5de4937457e5,Chameleon,Hasbro,Retro Spider-Man Wave,2025,5010996282743,already_in_app_same_url,wave_or_year_conflict,lv-hasbro-marvel-legends-chameleon-spider-man-retro-collection-5-2025,Chameleon (2025) [Spider-Man: Retro Collection 5] 2025
mephitsu:marvel-legends:b48c7944-73dc-4cf1-9209-0ac3a274b849,Champion of the Universe,Hasbro,General,2025,5010996328755,already_in_app_same_url,no_catalog_figure,,
mephitsu:marvel-legends:d27c988a-5553-4f34-b60b-78fec4860c0f,Charles Xavier,Hasbro,"Was SDCC 2020, now Hasbro Pulse",2020,5010993790258,already_in_app_same_url,no_catalog_figure,,
mephitsu:marvel-legends:03542a2c-fbd8-4380-9447-9c5723b9d3c1,Chasm,Hasbro,Spider-Man Legends Wave 2023,2023,5010994181284,already_in_app_same_url,wave_or_year_conflict,mlc-chasm,Chasm (2023) [Ben Reilly] 2024
mephitsu:marvel-legends:c1a02293-18f3-4efa-b3c3-f0c556864781,Citizen V,Hasbro,Armoured Thanos BAF Wave,2019,,already_in_app_same_url,no_catalog_figure,,
mephitsu:marvel-legends:688ebdea-c5bf-4e8a-ae23-6d18885d6562,Civil Warrior,Hasbro,Mr Hyde BAF Wave,2021,5010993786527,already_in_app_same_url,no_catalog_figure,,
mephitsu:marvel-legends:9912c98d-90c0-42f8-8b53-ada8b3f0cd93,Claire Temple,Hasbro,Walmart,2018,,already_in_app_same_url,no_catalog_figure,,
mephitsu:marvel-legends:e94c0f54-b506-4ae8-bb49-e758b6ebeda2,Classic Hulk,Hasbro,Fin Fang Foom BAF Wave,2008,653569360452,already_in_app_same_url,no_catalog_figure,,
mephitsu:marvel-legends:196de99a-fccb-45ed-aa48-506f1edeee5e,Classic Loki,Hasbro,"Disney+ Wave, Khonshu BAF",2022,5010993942626,already_in_app_same_url,no_catalog_figure,,
mephitsu:marvel-legends:329694fc-8b9e-4711-a9ca-74ef9a64a546,Clea,Hasbro,The Mindless One BAF Wave,2023,,already_in_app_same_url,wave_or_year_conflict,ml4-clea,Clea (2023) [Dark Dimension] 2025
mephitsu:marvel-legends:d0b73391-942b-419e-9ef6-f3f38d45c024,Cloak,Hasbro,SP//DR BAF Wave,2018,,already_in_app_same_url,no_catalog_figure,,
mephitsu:marvel-legends:d3a493f5-1cd3-40a4-ba0a-53d3a32820df,Colleen Wing,Hasbro,"SDCC, Rail Authority Set",2018,,already_in_app_same_url,no_catalog_figure,,
mephitsu:marvel-legends:13d5b4d9-278c-41c4-a0b8-2648b8605386,Colossus,Hasbro,Deadpool Legacy,2024,5010996352538,already_in_app_same_url,no_catalog_figure,,
mephitsu:marvel-legends:2fc2724e-780e-4a93-9ca0-4c9fa8671678,Colossus,Hasbro,Brood Queen BAF Wave,2007,653569254287,already_in_app_same_url,no_catalog_figure,,
mephitsu:marvel-legends:68c1b348-d991-406d-988b-d11badaf58ef,Colossus,Hasbro,Warlock BAF Wave,2017,,already_in_app_same_url,no_catalog_figure,,
mephitsu:marvel-legends:9f47b56b-e2df-4af4-b768-059e9501f181,Colossus,Hasbro,80th Anniversary,2019,,already_in_app_same_url,wave_or_year_conflict,ml3-ml-colossus-baf,Colossus (2019) [BAF Build] 2019
mephitsu:marvel-legends:b0eaf7ef-4986-4fbc-8a96-166b9f0a67dd,Colossus,Hasbro,Age of Apocalypse Wave 2,2021,653569253570,replaces_existing,no_catalog_figure,,
mephitsu:marvel-legends:d366ca39-26ca-4016-9b7a-cbe820af977f,Colossus,Hasbro,X-Men Two Pack,2026,5010996261168,already_in_app_same_url,no_catalog_figure,,
mephitsu:marvel-legends:f8174c96-ccba-40ae-8802-06f870dfaa08,Commander Rogers,Hasbro,Totally Awesome Hulk BAF Wave,2023,5010993978212,already_in_app_same_url,no_catalog_figure,,
mephitsu:marvel-legends:c0fec911-8f24-434a-b812-0bb6e58c625b,Compound Hulk,Hasbro,Walmart (US),2021,5010993904037,already_in_app_same_url,no_catalog_figure,,
mephitsu:marvel-legends:777c1ba2-10c4-4d4f-8161-3a4e9ddcca8b,Constrictor,Hasbro,Secret Wars Wave 2,2026,5010996355706,already_in_app_same_url,no_catalog_figure,,
mephitsu:marvel-legends:bcf89f90-e415-451e-a1a0-a4d3892644dd,Constrictor,Hasbro,Terrrax BAF Wave,2012,653569690498,already_in_app_same_url,no_catalog_figure,,
mephitsu:marvel-legends:878f5926-fb30-4ad3-ae9c-d36cb4e042fe,Corvus Glaive,Hasbro,Walmart,2019,21630509794690,already_in_app_same_url,wave_or_year_conflict,ml3-ml-corvus,Corvus Glaive (2019) [BAF Wave] 2019
mephitsu:marvel-legends:f6d402ee-9e62-42ab-8584-bcaae009fb15,Corvus Glaive,Hasbro,Amazon,2020,630509794690,replaces_existing,wave_or_year_conflict,mlc-corvus,Corvus Glaive (2020) [Black Order] 2020
mephitsu:marvel-legends:2add6fac-2d27-476c-a877-ca200db5fce9,"Cosmic Ghost Rider, w/ Bike",Hasbro,Ultimate Riders,2020,,already_in_app_same_url,no_catalog_figure,,
mephitsu:marvel-legends:8777a013-b29c-4d6a-b6e6-a9c9a1bcec4a,Cosmic Iron-Man,Hasbro,Groot BAF Wave,2014,,already_in_app_same_url,no_catalog_figure,,
mephitsu:marvel-legends:681d0bfa-82c5-47e3-a886-76792500d880,Cosmic Spider-Man,Hasbro,Vulture Suit BAF Wave,2017,630509517404,already_in_app_same_url,no_catalog_figure,,
mephitsu:marvel-legends:83b1cadd-9e64-4001-829c-e4f1e71ab1bc,Cottonmouth,Hasbro,Red Onslaught BAF Wave,2016,,already_in_app_same_url,no_catalog_figure,,
mephitsu:marvel-legends:20b9fc9a-b742-4f05-8456-e511972e4619,Count Nefaria,Hasbro,Iron Man Retro Wave,2024,5010996206701,already_in_app_same_url,no_catalog_figure,,
mephitsu:marvel-legends:902b710a-1d67-4284-93c8-a20603058eda,Cowboypool,Hasbro,Deadpool & Wolverine Wave 2,2026,5010996359667,already_in_app_same_url,no_catalog_figure,,
mephitsu:marvel-legends:14f4e2bb-d39a-473e-92a4-52b494fddfb3,Crimson Dynamo,Hasbro,Crimson Dynamo BAF Wave,2020,653569605850,replaces_existing,no_catalog_figure,,
mephitsu:marvel-legends:0df4f920-78fb-44d4-8c6b-c6ed88e6aa9e,Crossbones,Hasbro,First Ten Years,2018,,already_in_app_same_url,no_catalog_figure,,
mephitsu:marvel-legends:5fafd0cf-1569-4e84-a7d4-8fd6bebb14cd,Crossbones,Hasbro,Crimson Dynamo BAF Wave,2020,,already_in_app_same_url,no_catalog_figure,,
mephitsu:marvel-legends:b6d01c52-9ade-432e-bf6d-59f035b1afcb,Crossbones,Hasbro,Thunderbolts SDCC Exclusive,2013,,already_in_app_same_url,no_catalog_figure,,
mephitsu:marvel-legends:f63fed49-1750-43ff-9eb7-632848f750d5,Crossbones,Hasbro,Walmart Ares BAF Wave,2008,,already_in_app_same_url,no_catalog_figure,,
mephitsu:marvel-legends:fd98af84-dc64-4b49-9711-08c3ae0548d9,Crossbones,Hasbro,Amazon,2025,630509682409,already_in_app_same_url,wave_or_year_conflict,ml6-ml-crossbones-w6,Crossbones (2025) [Wave6] 2024
mephitsu:marvel-legends:75cff2a7-bd53-4bec-92cf-84897cea8f3b,Crossfire,Hasbro,Cassie Lang BAF Wave,2023,,already_in_app_same_url,no_catalog_figure,,
mephitsu:marvel-legends:88195260-b5e7-4b52-aed3-25db4e896bed,Crystal,Hasbro,Amazon,2024,5010996237330,already_in_app_same_url,no_catalog_figure,,
mephitsu:marvel-legends:67c45277-3073-4484-a2bf-8d68cbb427bf,Cull Obsidian,Hasbro,Cull Obsidian BAF Wave,2018,21630509682157,replaces_existing,no_catalog_figure,,
mephitsu:marvel-legends:a279b8c9-9695-4c9b-ad09-145dd6979760,Cull Obsidian,Hasbro,Amazon,2020,630509682119,replaces_existing,wave_or_year_conflict,ml3-ml-cull,Cull Obsidian (2020) [BAF] 2020
mephitsu:marvel-legends:8d735b1b-4812-46dd-b5bc-cc492c750541,Cyber,Hasbro,Wolverine 5-Pack,2021,,already_in_app_same_url,no_catalog_figure,,
mephitsu:marvel-legends:8d9fcb47-d196-42fa-b6ef-a02acd07d000,Cyborg Spider-Man,Hasbro,Target,2021,5010993767359,already_in_app_same_url,no_catalog_figure,,
mephitsu:marvel-legends:a8eb5c11-56b5-4539-b092-674ed1bbe712,Cyborg Spider-Woman,Hasbro,Across the Spiderverse Part 1,2023,5010994182519,already_in_app_same_url,no_catalog_figure,,
mephitsu:marvel-legends:04c91e67-a008-442b-b97e-2f318a7d00c8,Cyclops,Hasbro,Jubilee BAF Wave,2014,,already_in_app_same_url,no_catalog_figure,,
mephitsu:marvel-legends:0b32ccb5-f001-49ca-8f74-c28010b7a26e,Cyclops,Hasbro,Brood Queen BAF Wave,2007,653569874416,already_in_app_same_url,no_catalog_figure,,
mephitsu:marvel-legends:107addab-0a1a-4649-93a5-723cea2ad738,Cyclops,Hasbro,Fan Channel,2019,,already_in_app_same_url,wave_or_year_conflict,d14ml-ml-retro-cyclops,Cyclops (2019) [Retro Card] 2019
mephitsu:marvel-legends:14791444-f481-469a-83b8-8a1e1516b49a,Cyclops,Hasbro,Toys R Us,2017,,already_in_app_same_url,no_catalog_figure,,
mephitsu:marvel-legends:5818d759-e346-41e8-a404-6b4ff0735823,Cyclops,Hasbro,Ch'od BAF Wave,2023,653569254232,already_in_app_same_url,wave_or_year_conflict,ml6-ml-cyclops-aos,Cyclops (2023) [Age of Apocalypse Wave6] 2023
mephitsu:marvel-legends:683f336a-5db5-47a2-a7b1-fbd23091c185,Cyclops,Hasbro,Age of Apocalypse Wave 2,2021,5010996324931,already_in_app_same_url,wave_or_year_conflict,d14ml-cyclops-p5,Cyclops (2021) [Phoenix Five] 2021
mephitsu:marvel-legends:8fbcff7a-a7bd-4f8e-90ef-1c76c9d7a1c0,Cyclops,Hasbro,X-Men '97 Twin Packs,2025,5010993848904,already_in_app_same_url,wave_or_year_conflict,lv-hasbro-marvel-legends-cyclops-nemesis-2025,Cyclops (2025) [Nemesis] 2025
mephitsu:marvel-legends:97b1878e-af46-4cfb-9965-4b2002f801d3,Cyclops,Hasbro,Puck BAF Wave,2013,630509825691,already_in_app_same_url,no_catalog_figure,,
mephitsu:marvel-legends:b6e24926-31e7-437a-a127-770e40e2430d,Cyclops,Hasbro,House of X Wave,2021,630509584338,already_in_app_same_url,wave_or_year_conflict,d14ml-cyclops-p5,Cyclops (2021) [Phoenix Five] 2021
mephitsu:marvel-legends:be267f37-d90d-4ac1-a27e-4f2b5f415fda,Cyclops,Hasbro,Avengers: Doomsday Wave 1,2026,5010996355805,already_in_app_same_url,no_catalog_figure,,
mephitsu:marvel-legends:d3398105-4b1a-4f88-9c6c-67e8d6179e46,Cyclops,Hasbro,"Toys R Us, All New X-Men",2014,,already_in_app_same_url,no_catalog_figure,,
mephitsu:marvel-legends:f5c35ea3-45ac-42ea-b373-70d36746b12e,Cyclops,Hasbro,Warlock BAF Wave,2017,,already_in_app_same_url,no_catalog_figure,,
mephitsu:marvel-legends:fc825cc9-60ef-43dd-bfe1-0b8021f1fb14,Cyclops,Hasbro,X-Men '97 Wave 2,2024,5010996201935,already_in_app_same_url,ambiguous_multiple_figures,ml5-ml-x97-cyclops;hs8-hs-28,Cyclops X-Men '97 (2024) [X-Men '97 Legends] 2024 | Cyclops (2024) [Marvel Legends X-Men 97] 2024
mephitsu:marvel-legends:61630e3b-083d-4b58-a2fb-0f770f3369cf,Cypher,Hasbro,Target (US) / Fan Channel,2026,,already_in_app_same_url,wave_or_year_conflict,mlc-cypher,Cypher (2026) [New Mutants] 2026
mephitsu:marvel-legends:8392b27e-0139-4965-86b4-1647f677be59,D'Spayre,Hasbro,Rintrah BAF Wave,2022,,already_in_app_same_url,no_catalog_figure,,
mephitsu:marvel-legends:2d6b34c7-d316-454a-a074-b58a6afa92c2,Dagger,Hasbro,SP//DR BAF Wave,2018,,already_in_app_same_url,no_catalog_figure,,
mephitsu:marvel-legends:0b603199-0ab2-4bf6-8bb3-91c874f656a1,Daimon Hellstrom,Hasbro,"Blackheart BAF Wave, Amazon / Fan Channel",2024,5010996196866,already_in_app_same_url,no_catalog_figure,,
mephitsu:marvel-legends:3d5f5c58-1f71-44ff-a991-ddbf2f03e2de,Daken (Wolverine) Dark Avengers,Hasbro,Comic Book Series 1,2025,,already_in_app_same_url,no_catalog_figure,,
mephitsu:marvel-legends:6542d85f-dd5a-4a9d-8e70-8695dc06beaa,Danger,Hasbro,Brood Queen BAF Wave,2007,653569254225,already_in_app_same_url,no_catalog_figure,,
mephitsu:marvel-legends:81eb81a5-6617-474e-840b-908c24e95767,Dani Moonstar,Hasbro,Walgreens,2019,,already_in_app_same_url,no_catalog_figure,,
mephitsu:marvel-legends:987515c7-0dc6-4ab2-8653-667dc2743576,Danny Rand,Hasbro,"SDCC, Rail Authority Set",2018,,already_in_app_same_url,no_catalog_figure,,
mephitsu:marvel-legends:0bdd1636-8abc-4ad1-9a4d-d560cef167f5,Daredevil,Hasbro,Man-Thing BAF Wave,2017,,already_in_app_same_url,no_catalog_figure,,
mephitsu:marvel-legends:1cc349d7-c677-4395-a4f0-f3fa4548841a,Daredevil,Hasbro,Hasbro Pulse,2022,653569253563,already_in_app_same_url,no_catalog_figure,,
mephitsu:marvel-legends:20e34ae8-d879-45e9-95af-5f25328b2ed3,Daredevil,Hasbro,"SDCC, Rail Authority Set",2018,,already_in_app_same_url,no_catalog_figure,,
mephitsu:marvel-legends:2908c32f-8083-4a17-81f8-de2245754351,Daredevil,Hasbro,Hobgoblin BAF Wave,2015,,already_in_app_same_url,no_catalog_figure,,
mephitsu:marvel-legends:47635745-cff5-4b4b-8de9-738927d979c7,Daredevil,Hasbro,Walgreens,2015,,already_in_app_same_url,no_catalog_figure,,
mephitsu:marvel-legends:7253fa08-872b-445e-9d79-32d3bfb61ab7,Daredevil,Hasbro,Secret Wars Wave 2,2026,5010996355720,already_in_app_same_url,no_catalog_figure,,
mephitsu:marvel-legends:7ad2b6ea-0c5b-451d-9c64-bc47b128647e,Daredevil,Hasbro,Daredevil: Born Again,2025,5010996282842,already_in_app_same_url,wave_or_year_conflict,afmon-hasbro-daredevil-hsg0817,Daredevil (2025) [Mini Comics Series II] 2025
mephitsu:marvel-legends:98ca6b38-faa0-4461-91af-fad8f2803c93,Daredevil,Hasbro,"Amazon, The Defenders",2018,,already_in_app_same_url,no_catalog_figure,,
mephitsu:marvel-legends:bc5cc413-e142-4fa1-a474-45a81c5834b3,Daredevil,Hasbro,The Mindless One BAF Wave,2023,630509374632,already_in_app_same_url,no_catalog_figure,,
mephitsu:marvel-legends:d4beba53-aa2d-4892-8174-1e70395d5407,Daredevil,Hasbro,Marvel Unlimited Subscription,2022,5010996322524,replaces_existing,no_catalog_figure,,
mephitsu:marvel-legends:ebc13da7-2a05-4bc6-9861-becc471d3613,Daredevil,Hasbro,SP//DR BAF Wave,2018,,already_in_app_same_url,no_catalog_figure,,
mephitsu:marvel-legends:ef52d072-6edc-4e8e-87f9-7c134def348d,Daredevil,Hasbro,Hasbro Pulse,2024,653569253556,already_in_app_same_url,wave_or_year_conflict,ml2-daredevil-netflix-v2,Daredevil (2024) [Netflix V2] 2024
mephitsu:marvel-legends:fb18f59a-77c8-4350-8cc6-cc69dd731a63,Daredevil,Hasbro,Walgreens Nemesis BAF Wave,2009,630509584406,already_in_app_same_url,no_catalog_figure,,
mephitsu:marvel-legends:5310034f-fdeb-4615-adee-b916e9f61676,Daredevil 'black suit',Hasbro,Daredevil: Born Again,2026,,already_in_app_same_url,no_catalog_figure,,
mephitsu:marvel-legends:2af9437b-c28e-496c-8f1a-15e4c6c0924a,Daredevil (Yellow & Brown),Hasbro,Walgreens Nemesis BAF Wave,2009,,already_in_app_same_url,no_catalog_figure,,
mephitsu:marvel-legends:28057c8d-4767-4820-89af-377ae4b80aa4,Dark Avengers Hawkeye,Hasbro,Box Build-a-Figure Wave,2026,5010996382566,already_in_app_same_url,no_catalog_figure,,
mephitsu:marvel-legends:568005c3-f479-4af8-9472-10ffeb912a86,Dark Avengers Spider-Man,Hasbro,Executioner BAF Wave,2025,5010996317384,already_in_app_same_url,no_catalog_figure,,
mephitsu:marvel-legends:d338af23-624e-4cda-a999-24942ced8ffc,Dark Beast,Hasbro,Sugar Man BAF Wave,2020,5010993682294,already_in_app_same_url,no_catalog_figure,,
mephitsu:marvel-legends:fc6d70d7-50b2-47dc-b4da-722b0c832598,Dark Hawk,Hasbro,Titus BAF Wave,2017,630509501311,already_in_app_same_url,no_catalog_figure,,
mephitsu:marvel-legends:bba3f447-3d47-4fd6-afc8-eeee84cbb00b,Dark Pheonix,Hasbro,Toys R Us,2017,,already_in_app_same_url,no_catalog_figure,,
mephitsu:marvel-legends:a74b6065-ffa1-4ca7-8ed3-a589f339ec30,Dark Phoenix,Hasbro,X-Men Retro Wave 2,2022,5010994140601,already_in_app_same_url,no_catalog_figure,,
mephitsu:marvel-legends:0849026a-a6cb-415f-8783-0ae36accf328,Dark Silver Surfer,Hasbro,Walgreens,2021,,already_in_app_same_url,no_catalog_figure,,
mephitsu:marvel-legends:980fba47-a844-478a-947f-a153e7269d5b,Dark Wolverine,Hasbro,Arnim Zola BAF Wave,2012,843852056272,already_in_app_same_url,no_catalog_figure,,
mephitsu:marvel-legends:2b21ade6-6519-4fc5-b7c8-21f35913119e,Dark Wolverine (unmasked),Hasbro,Arnim Zola BAF Wave,2012,653569704683,already_in_app_same_url,no_catalog_figure,,
mephitsu:marvel-legends:475dcfca-00dc-43df-a8d9-7e95461588da,Darkstar,Hasbro,Ursa Major BAF Wave,2021,,already_in_app_same_url,no_catalog_figure,,
mephitsu:marvel-legends:3aeaf72a-eb41-4a70-99c5-3c7f3f372dfc,Darwin,Hasbro,Bonebreaker BAF,2022,,already_in_app_same_url,wave_or_year_conflict,mlc-darwin,Darwin (2022) [X-Men] 2023
mephitsu:marvel-legends:dbf4b316-dd08-4b7a-918e-c2194149da44,Dazzler,Hasbro,Retro 2019,2019,630509825707,already_in_app_same_url,no_catalog_figure,,
mephitsu:marvel-legends:c1b1b012-88b3-4a6b-a8d2-3f23a8ffa32e,Dazzler (Outback),Hasbro,Summer Convention Exclusive,2022,,already_in_app_same_url,no_catalog_figure,,
mephitsu:marvel-legends:0913cc39-a59e-431a-abf1-36873f0884cc,Deadpool,Hasbro,Deadpool Movie,2020,5010996457431,replaces_existing,no_catalog_figure,,
mephitsu:marvel-legends:0b8c2785-dfae-4214-ae7f-bb3a4060cfc4,Deadpool,Hasbro,Amazon,2021,630509522521,already_in_app_same_url,wave_or_year_conflict,ml2-deadpool-aes,Deadpool (2021) [Astonishing] 2022
mephitsu:marvel-legends:267485e0-410d-477f-9c81-de3385e1f55f,Deadpool,Hasbro,SDCC 2023,2023,5010993801916,already_in_app_same_url,no_catalog_figure,,
mephitsu:marvel-legends:53088b36-7dee-4b45-ae7f-f48c27a2c069,Deadpool,Hasbro,"Fan Channel, 80th Anniversary",2019,65100000,already_in_app_same_url,no_catalog_figure,,
mephitsu:marvel-legends:8570512e-ec58-4238-9354-897215543c20,Deadpool,Hasbro,Marvel Unlimited Subscription,2019,630509780709,replaces_existing,no_catalog_figure,,
mephitsu:marvel-legends:93c9abb2-a37c-4177-9a88-c06b91a37335,Deadpool,Hasbro,Toys R' Us,2010,653569775898,already_in_app_same_url,no_catalog_figure,,
mephitsu:marvel-legends:9c144a3f-9cdf-4580-91df-5c0d19a45194,Deadpool,Hasbro,Deadpool Legacy,2024,5010996267252,already_in_app_same_url,no_catalog_figure,,
mephitsu:marvel-legends:b713a9c8-8501-4f75-be46-e268452ca90e,Deadpool,Hasbro,Juggernaught BAF Wave,2016,,already_in_app_same_url,no_catalog_figure,,
mephitsu:marvel-legends:513469dd-a375-476a-9255-321a1ec2e545,Deadpool & Doop,Hasbro,Maximum Series,2025,5010996317438,already_in_app_same_url,no_catalog_figure,,
mephitsu:marvel-legends:c7deed78-45e8-4789-8114-83223ee60829,Deadpool 'Concept Art',Hasbro,Deadpool & Wolverine Wave 3,2026,,already_in_app_same_url,no_catalog_figure,,
mephitsu:marvel-legends:7381461f-9500-47dc-8e02-8cc0cd0e8b62,Deadpool (Blue),Hasbro,Toys R' Us,2010,630509861903,already_in_app_same_url,no_catalog_figure,,
mephitsu:marvel-legends:43d59168-8a13-4d69-9fa8-e32d280c6041,Deadpool (grey suit),Hasbro,Epic Heroes,2013,,already_in_app_same_url,no_catalog_figure,,
mephitsu:marvel-legends:17bceafe-3578-49cb-a821-5c930c5ee2aa,Deadpool (Pirate),Hasbro,Strong Guy BAF Wave,2020,,already_in_app_same_url,no_catalog_figure,,
mephitsu:marvel-legends:a97533a6-c076-4feb-9a07-50f3e915131f,Deadpool (red suit variant),Hasbro,Epic Heroes,2013,,already_in_app_same_url,no_catalog_figure,,
mephitsu:marvel-legends:f3205628-d92c-4c34-992e-d17b155b9705,Deadpool (X-Men),Hasbro,Strong Guy BAF Wave,2020,630509448814,already_in_app_same_url,no_catalog_figure,,
mephitsu:marvel-legends:1c64af14-09ff-44d1-9131-7d2fffcb77c5,"Deadpool, Boxer Shorts",Hasbro,Sauron BAF Wave,2018,630509713691,already_in_app_same_url,no_catalog_figure,,
mephitsu:marvel-legends:e3cf9b31-4f93-4ca6-a62e-f7dc3ef6a556,"Deadpool, Marvel Riders",Hasbro,Ultimate Riders,2019,630509775095,already_in_app_same_url,no_catalog_figure,,
mephitsu:marvel-legends:d5702991-6656-4841-8960-ceb5e1d9d945,"Deadpool, X-Force",Hasbro,Sasquatch BAF Wave,2018,,already_in_app_same_url,no_catalog_figure,,
mephitsu:marvel-legends:e9756894-0f21-4130-bf16-1330355f696d,"Deadpool, X-Men",Hasbro,Sauron BAF Wave,2018,,already_in_app_same_url,no_catalog_figure,,
mephitsu:marvel-legends:270aa556-8b1c-4e90-80cc-bef6c2a06d4e,Death Dealer,Hasbro,Mr Hyde BAF Wave,2021,,already_in_app_same_url,no_catalog_figure,,
mephitsu:marvel-legends:2ce2d8b5-40ad-4b50-97e4-ad0e03937603,Death's Head,Hasbro,SDCC 2024 (First to Market),2024,5010996244918,already_in_app_same_url,wave_or_year_conflict,lv-hasbro-marvel-legends-death-s-head-2024,Death's Head (2024) [] 2024
mephitsu:marvel-legends:5143eb2d-e40e-4169-b7cc-6c66e4a339e9,Deathlok,Hasbro,Sasquatch BAF Wave,2018,,already_in_app_same_url,no_catalog_figure,,
mephitsu:marvel-legends:8eb3437a-7a6b-4627-93ac-31035ff06561,Deathlok,Hasbro,Fan Channel,2019,5010993657803,already_in_app_same_url,no_catalog_figure,,
mephitsu:marvel-legends:ce2cd1ea-9839-429c-bcf6-411a117a2470,Deaths Head II,Hasbro,Mantis BAF Wave,2017,630509517329,already_in_app_same_url,no_catalog_figure,,
mephitsu:marvel-legends:52872ed8-fd77-4033-ae40-99c7d02ffdb0,Defender Strange,Hasbro,Target (US) / Fan Channel,2022,,already_in_app_same_url,no_catalog_figure,,
mephitsu:marvel-legends:78c30390-84df-4bab-be85-5de582e84e65,Demogoblin,Hasbro,Demogoblin BAF Wave,2020,,replaces_existing,no_catalog_figure,,
mephitsu:marvel-legends:c922a43c-0898-4d89-ab93-59160e30eead,Destiny,Hasbro,Amazon,2024,,already_in_app_same_url,no_catalog_figure,,
mephitsu:marvel-legends:a6a29940-f78a-4493-a772-82f223b78540,Destroyer,Hasbro,Thor,2011,,already_in_app_same_url,no_catalog_figure,,
mephitsu:marvel-legends:5144aaf6-11cf-49ee-8d38-f2e78eabaa2b,Detroit Steel,Hasbro,Hasbro Pulse Con 2023,2023,5010996182715,already_in_app_same_url,no_catalog_figure,,
mephitsu:marvel-legends:462e8e67-d67a-466d-a7f7-8899ef7fa5f3,Diamond Emma Frost,Hasbro,Toys R Us,2007,5010996364609,already_in_app_same_url,no_catalog_figure,,
mephitsu:marvel-legends:b889a649-f61f-4093-a0e6-981b8779f05f,Diamond Emma Frost,Hasbro,Target (US) / Fan Channel (UK) X-Men Retro,2026,653569240198,already_in_app_same_url,no_catalog_figure,,
mephitsu:marvel-legends:7a868eff-ad0d-4380-b292-f52e9ac3ebc5,Doc Ock,Hasbro,SP//DR BAF Wave,2018,,already_in_app_same_url,no_catalog_figure,,
mephitsu:marvel-legends:b855ee73-bdbd-46e0-9342-bb209e833d1a,Doc Ock,Hasbro,Sandman BAF Wave,2007,,already_in_app_same_url,no_catalog_figure,,
mephitsu:marvel-legends:c6e7af40-3fd8-488c-90ef-4df605c086b8,Doc Ock,Hasbro,VHS Spider-Man,2023,630509689422,already_in_app_same_url,wave_or_year_conflict,lv-hasbro-marvel-legends-doc-ock-spider-man-no-way-home-2023,Doc Ock (2023) [Spider-Man - No Way Home] 2023
mephitsu:marvel-legends:ed662286-cb1a-43a9-9dc8-ce04110c3f81,Doc Ock,Hasbro,Unleashed,2008,,already_in_app_same_url,no_catalog_figure,,
mephitsu:marvel-legends:f9beea56-225f-4d3e-b053-96a51d650f90,Doc Ock,Hasbro,"Amazon, Spider-Man 60th Anniversary",2022,,already_in_app_same_url,no_catalog_figure,,
mephitsu:marvel-legends:896007cf-4921-4960-87de-86c30ead15ce,Doc Samson,Hasbro,Fan Channel Exclusive,2026,5010996411709,already_in_app_same_url,wave_or_year_conflict,afmon-hasbro-doc-samson-hsg2407,Doc Samson (2026) [Hulk Marvel Legends] 2026
mephitsu:marvel-legends:ae2edf2e-b04f-42df-ac4c-1ef30e381efb,Doc Samson,Hasbro,Fin Fang Foom BAF Wave,2008,653569291497,already_in_app_same_url,no_catalog_figure,,
mephitsu:marvel-legends:0102cd15-f8b9-40da-b29a-8e36db3b1686,Doctor Doom,Hasbro,Avengers: Doomsday Wave 1,2026,5010996355782,already_in_app_same_url,no_catalog_figure,,
mephitsu:marvel-legends:16f525d6-7200-41e0-8e6e-6a8544cd2be5,Doctor Doom,Hasbro,Epic Heroes,2013,,already_in_app_same_url,no_catalog_figure,,
mephitsu:marvel-legends:19bb8030-b5c6-4433-b232-d344b81c7c43,Doctor Doom,Hasbro,Walmart (US) / Fan Channel,2026,5010996142443,already_in_app_same_url,no_catalog_figure,,
mephitsu:marvel-legends:24188a8f-2ebd-41cc-93ee-201ade21d4ee,Doctor Doom,Hasbro,Retro 2020,2020,,already_in_app_same_url,wave_or_year_conflict,d14ml-doom-lat,Doctor Doom (2020) [Latverian Royal] 2020
mephitsu:marvel-legends:651b9c1f-c757-480b-a08d-18f67f9b39d7,Doctor Doom,Hasbro,The Avengers 60th Anniversary,2023,,already_in_app_same_url,no_catalog_figure,,
mephitsu:marvel-legends:685893bd-69b7-446d-99c3-682460da9fb9,Doctor Doom,Hasbro,Super Skrull BAF Wave,2020,,already_in_app_same_url,wave_or_year_conflict,d14ml-doom-lat,Doctor Doom (2020) [Latverian Royal] 2020
mephitsu:marvel-legends:69e62c24-027d-43c8-bda4-045c9673ded0,Doctor Doom,Hasbro,Xemnu BAF Wave,2021,,already_in_app_same_url,no_catalog_figure,,
mephitsu:marvel-legends:6da9cd0c-7482-46ee-a77c-64b5b84b032d,Doctor Doom,Hasbro,"Marvel 85th Anniversary, Amazon",2024,,already_in_app_same_url,no_catalog_figure,,
mephitsu:marvel-legends:dce40b96-6b86-4c52-9ad5-cc68b3299efa,Doctor Doom,Hasbro,Ronan the Accuser BAF Wave,2007,,already_in_app_same_url,no_catalog_figure,,
mephitsu:marvel-legends:81bb7ac3-063e-4fa0-b3ce-05f8ed823f87,Doctor Doom (no mask),Hasbro,Ronan the Accuser BAF Wave,2007,,already_in_app_same_url,no_catalog_figure,,
mephitsu:marvel-legends:527bb012-0064-4838-b22c-60efeae5da46,"Doctor Doom, Future Foundation",Hasbro,Epic Heroes,2013,,already_in_app_same_url,no_catalog_figure,,
mephitsu:marvel-legends:8ff87ee6-170f-4ded-bcb0-80b9292a6b4d,Doctor Spectrum,Hasbro,Squadron Supreme Special,2023,5010994182434,replaces_existing,wave_or_year_conflict,lv-hasbro-marvel-legends-doctor-spectrum-2023,Doctor Spectrum (2023) [] 2023
mephitsu:marvel-legends:003b0549-64b2-42bc-9094-bee085046d94,Doctor Strange,Hasbro,First Ten Years,2018,5010993947652,already_in_app_same_url,wave_or_year_conflict,mlc-doctor-strange-classic,Doctor Strange (2018) [Classic] 2018
mephitsu:marvel-legends:0ad1aa36-9eef-441e-96c0-3b612dd316a5,Doctor Strange,Hasbro,Dormammu BAF Wave,2016,630509438761,already_in_app_same_url,no_catalog_figure,,
mephitsu:marvel-legends:40a20108-206f-44a3-a258-b504d43dd317,Doctor Strange,Hasbro,Walmart (US) / Fan Channel,2022,630509425389,already_in_app_same_url,wave_or_year_conflict,ml3-ml-strange-surfer,Doctor Strange (2022) [Surfer BAF Wave] 2022
mephitsu:marvel-legends:4eb6df10-377d-446a-a1bd-e269afad79b4,Doctor Strange,Hasbro,Hasbro Pulse,2024,630509356034,already_in_app_same_url,no_catalog_figure,,
mephitsu:marvel-legends:61e484c0-93ed-4b6d-b2de-c8d8c588941e,Doctor Strange,Hasbro,"SDCC, Book of Vishanti",2015,5010993791170,replaces_existing,no_catalog_figure,,
mephitsu:marvel-legends:675e7adb-dacf-488f-ab0f-2f1414112561,Doctor Strange,Hasbro,Rintrah BAF Wave,2022,630509425334,already_in_app_same_url,wave_or_year_conflict,ml3-ml-strange-surfer,Doctor Strange (2022) [Surfer BAF Wave] 2022
mephitsu:marvel-legends:8222291d-9b62-4d13-aa2f-382217c99b12,Doctor Strange,Hasbro,Armadillo BAF Wave,2021,5010993844685,already_in_app_same_url,no_catalog_figure,,
mephitsu:marvel-legends:986f5de2-5413-45bf-9b53-8479ccff4b2a,Doctor Strange,Hasbro,Amazon,2024,630509682379,already_in_app_same_url,no_catalog_figure,,
mephitsu:marvel-legends:a870bae9-d53c-4363-84bb-4f45b784cd02,Doctor Strange,Hasbro,Hulkbuster BAF Wave,2015,71630509310937,already_in_app_same_url,no_catalog_figure,,
mephitsu:marvel-legends:1728c2d8-792f-4d58-b248-7f149bef4c9b,Doctor Strange Supreme,Hasbro,"Disney+ Wave, The Watcher BAF",2021,,already_in_app_same_url,wave_or_year_conflict,d14ml-ml-whatif-strange,Doctor Strange Supreme (2021) [What If] 2022
mephitsu:marvel-legends:c26103b2-93b0-42db-9a0a-63c574fb0829,"Doctor Strange, Master of Magic",Hasbro,Dormammu BAF Wave,2016,21630509425334,already_in_app_same_url,no_catalog_figure,,
mephitsu:marvel-legends:1818ede6-3cdd-4bbc-a9ec-f3ba020e3063,Dogpool with Deadpool,Hasbro,Deadpool & Wolverine Deluxe,2026,5010996357526,already_in_app_same_url,no_catalog_figure,,
mephitsu:marvel-legends:1c3c3d4b-d688-4872-8743-5101c7d926d6,Domino,Hasbro,Disney Store / Hasbro Pulse,2021,,already_in_app_same_url,wave_or_year_conflict,ml2-domino-aes,Domino (2021) [Astonishing] 2022
mephitsu:marvel-legends:21cb5d86-0320-4b38-b4cc-37fa7eb41e21,Domino,Hasbro,Deadpool Movie,2020,,already_in_app_same_url,wave_or_year_conflict,mlc-domino,Domino (2020) [X-Force] 2020
mephitsu:marvel-legends:5129186b-aebb-4c47-854c-97f15dbde6d4,Domino,Hasbro,Marvel Legends Rerelease,2026,F4737,already_in_app_same_url,no_catalog_figure,,
mephitsu:marvel-legends:871a0e72-aceb-4463-9444-5babba709f51,Domino,Hasbro,Walmart,2007,,already_in_app_same_url,no_catalog_figure,,
mephitsu:marvel-legends:fe8760ca-0ecf-4f65-ac08-d71450e89bf7,Domino,Hasbro,Sasquatch BAF Wave,2018,,already_in_app_same_url,no_catalog_figure,,
mephitsu:marvel-legends:fe05c244-ad6e-4c83-b183-cc557f7d0869,Donald Pierce,Hasbro,"Was SDCC 2020, now Hasbro Pulse",2020,,replaces_existing,no_catalog_figure,,
mephitsu:marvel-legends:a1e6a2e8-55f5-483f-8a00-f6a1715eee7b,Doom 2099,Hasbro,Magic: The Gathering,2026,5010996411372,already_in_app_same_url,no_catalog_figure,,
mephitsu:marvel-legends:e0128363-1bde-4b43-b7e3-a86922fcc41b,Doppleganger Spider-Man,Hasbro,Molten Man BAF Wave,2019,,already_in_app_same_url,no_catalog_figure,,
mephitsu:marvel-legends:ef2af749-af6c-41fd-98ef-d0ea33612f39,Dora Milaje,Hasbro,M'Baku BAF Wave,2019,630509786886,already_in_app_same_url,no_catalog_figure,,
mephitsu:marvel-legends:b461f208-f77a-4c64-a2e4-5aaa2ec44b0b,Dormammu,Hasbro,Dormammu BAF Wave,2016,,replaces_existing,no_catalog_figure,,
mephitsu:marvel-legends:d09b8f18-b19f-4958-98ae-7a42bfcad4df,Dormammu,Hasbro,"SDCC, Book of Vishanti",2015,,replaces_existing,no_catalog_figure,,
mephitsu:marvel-legends:fd394d91-c3ee-4545-9dbc-ea79a46f7b8a,Dormammu,Hasbro,Xemnu BAF Wave,2021,,already_in_app_same_url,no_catalog_figure,,
mephitsu:marvel-legends:0f8f5a56-dd26-4145-97ac-cac90d12d260,Dracula,Hasbro,"Blackheart BAF Wave, Amazon / Fan Channel",2024,,already_in_app_same_url,wave_or_year_conflict,d14ml-ml-classic-dracula,Dracula (2024) [Marvel] 2024
mephitsu:marvel-legends:f103e93b-ad64-417e-94bc-5c37096232ce,Dragon Man,Hasbro,Hasbro Pulse Ultra Deluxe,2025,,already_in_app_same_url,no_catalog_figure,,
mephitsu:marvel-legends:3a1e2ac1-3a1c-434d-8a60-5103dcae482f,Drax,Hasbro,Titus BAF Wave,2017,,already_in_app_same_url,wave_or_year_conflict,mlc-drax,Drax (2017) [Classic] 2018
mephitsu:marvel-legends:89d67954-182d-445b-be9d-e2e4d0a7e380,Drax,Hasbro,Disney Store,2022,653569704867,replaces_existing,no_catalog_figure,,
mephitsu:marvel-legends:8e42d074-ef2c-46a4-9113-0fa929cd07eb,Drax,Hasbro,Entertainment Earth,2015,,already_in_app_same_url,no_catalog_figure,,
mephitsu:marvel-legends:bd31b32f-d8bb-4797-85ba-24c1f62db3cb,Drax,Hasbro,Arnim Zola BAF Wave,2012,,already_in_app_same_url,no_catalog_figure,,
mephitsu:marvel-legends:f1013156-df41-4083-889b-d4b7de25d0c7,Drax,Hasbro,"""Best of"" MCU Gladiator Hulk Wave",2018,,already_in_app_same_url,wave_or_year_conflict,mlc-drax,Drax (2017) [Classic] 2018
mephitsu:marvel-legends:67fe3546-3999-4464-891b-193a623aa223,Drax The Destroyer,Hasbro,Hasbro Pulse,2023,653569956488,already_in_app_same_url,no_catalog_figure,,
mephitsu:marvel-legends:d57904bb-8b67-4db7-a334-f79fa87b92d0,Drax the Destroyer,Hasbro,Groot BAF Wave,2014,,already_in_app_same_url,no_catalog_figure,,
mephitsu:marvel-legends:efa800d9-232c-429e-94d8-ff42e665dab9,Dreadknight,Hasbro,"SDCC, The Raft",2016,,already_in_app_same_url,no_catalog_figure,,
mephitsu:marvel-legends:4c6d6298-81da-4c1a-b6ac-4843f0ba796b,Druig,Hasbro,Gilgamesh BAF Wave,2021,,already_in_app_same_url,wave_or_year_conflict,mlc-druig,Druig (2021) [Eternals] 2022
mephitsu:marvel-legends:560581a3-ea3d-4330-a6a7-3a65d4f34b8d,Dum Dum Dugan,Hasbro,Ninja's vs Super Spies,2009,,already_in_app_same_url,no_catalog_figure,,
mephitsu:marvel-legends:47455169-6d68-401e-8ee7-65a06ecfa016,Dum-Dum Duggan,Hasbro,Fan Channel,2024,,already_in_app_same_url,no_catalog_figure,,
mephitsu:marvel-legends:bca04be7-5460-4801-b65a-07741f27fee6,Earth X Captain America,Hasbro,Avengers,2026,,replaces_existing,no_catalog_figure,,
mephitsu:marvel-legends:2acf7ac8-5b39-48de-979a-2baab95625de,Ebony Maw,Hasbro,Amazon,2020,630509803484,replaces_existing,wave_or_year_conflict,mlc-ebony-maw,Ebony Maw (2020) [Black Order] 2020
mephitsu:marvel-legends:59e8513e-6fbc-4c93-97f2-95553b2121e7,Ebony Maw,Hasbro,Armoured Thanos BAF Wave,2019,21630509803484,already_in_app_same_url,wave_or_year_conflict,ml3-ml-ebony-maw,Ebony Maw (2019) [BAF Wave] 2019
mephitsu:marvel-legends:93775010-6a76-4359-842d-39b509c0166e,Eel,Hasbro,Abomination BAF Wave,2016,,already_in_app_same_url,no_catalog_figure,,
mephitsu:marvel-legends:0350ba6d-87e6-477d-a79c-4cd3ed9becc1,Egghead,Hasbro,Cassie Lang BAF Wave,2023,,already_in_app_same_url,no_catalog_figure,,
mephitsu:marvel-legends:9a5b8227-6e56-4509-aa90-204f27aa6ac9,Ego,Hasbro,GOTG2,2017,,already_in_app_same_url,no_catalog_figure,,
mephitsu:marvel-legends:046e8f90-3fbc-4a45-8517-8e77738194b5,Electro,Hasbro,Deluxe,2025,5010996282729,already_in_app_same_url,no_catalog_figure,,
mephitsu:marvel-legends:9232d7d0-efd8-4ca3-babb-e0cf81cf37f1,Electro,Hasbro,SDCC 2026,2026,5010996294975,already_in_app_same_url,no_catalog_figure,,
mephitsu:marvel-legends:a09e9183-50f3-4fd1-be84-e94635c93762,Electro,Hasbro,Retro 2020,2020,,already_in_app_same_url,wave_or_year_conflict,mlc-electro,Electro (2020) [Classic] 2020
mephitsu:marvel-legends:b5798986-dc4b-413b-86ba-084a613863b9,Electro,Hasbro,Space Knight Venom BAF Wave,2016,653569919346,already_in_app_same_url,no_catalog_figure,,
mephitsu:marvel-legends:c498ae42-dbcc-4baa-8b07-29b22f5bdc5f,Electro,Hasbro,Ultimate Goblin BAF Wave,2014,5010993715480,already_in_app_same_url,no_catalog_figure,,
mephitsu:marvel-legends:8c2c734c-01f6-46ac-acf3-f0a0d7b8d6e7,Electro Francine Frye,Hasbro,Retro Spider-Man Wave,2025,,already_in_app_same_url,no_catalog_figure,,
mephitsu:marvel-legends:1d7f8e1c-cb7d-4291-9a16-542fe312d596,Elektra,Hasbro,Hasbro Pulse,2022,653569345060,already_in_app_same_url,wave_or_year_conflict,ml2-elektra-hand,Elektra (2022) [The Hand] 2023
mephitsu:marvel-legends:6dfe5abb-e1c5-4362-939e-a1fd3ede30af,Elektra,Hasbro,SP//DR BAF Wave,2018,,already_in_app_same_url,no_catalog_figure,,
mephitsu:marvel-legends:b0690654-65db-4686-9d6c-1058f8a8fe1a,Elektra,Hasbro,2008 2-Pack Series,2008,,already_in_app_same_url,no_catalog_figure,,
mephitsu:marvel-legends:64dbdcb5-494a-4741-8a91-3da14d2b0308,Elektra Natchios Daredevil,Hasbro,Spider-Man Legends Wave 2023,2023,5010994181277,already_in_app_same_url,no_catalog_figure,,
mephitsu:marvel-legends:7012c9cb-2dce-49b5-851e-7cf7b4c40b12,"Elektra, Skrull",Hasbro,2008 2-Pack Series,2008,,already_in_app_same_url,no_catalog_figure,,
mephitsu:marvel-legends:512ea432-1673-4423-9077-aec72122c862,Elsa Bloodstone,Hasbro,Avengers,2026,,replaces_existing,wave_or_year_conflict,mlc-elsa-bloodstone,Elsa Bloodstone (2026) [Midnight Sons] 2025
mephitsu:marvel-legends:926c4268-0b1e-47d8-87fe-f852d81ab7d1,Elsa Bloodstone,Hasbro,"Toys R Us, A-Force",2017,,already_in_app_same_url,no_catalog_figure,,
mephitsu:marvel-legends:5cc75d72-0dfc-461c-8159-16b43fe93c0a,Emma Frost,Hasbro,"Was SDCC 2020, now Hasbro Pulse",2020,21630509818853,replaces_existing,no_catalog_figure,,
mephitsu:marvel-legends:a305206c-1d1f-4dbf-97f8-596f981dd090,Emma Frost,Hasbro,Puck BAF Wave,2013,630509818853,already_in_app_same_url,no_catalog_figure,,
mephitsu:marvel-legends:c688a9f1-2c81-425e-840c-3ceda4ae3173,Emma Frost,Hasbro,Walgreens,2019,,already_in_app_same_url,no_catalog_figure,,
mephitsu:marvel-legends:c948ce04-bf0d-4cba-abf7-b5053774449e,Emma Frost,Hasbro,X-Men '97 Wave 3,2025,5010996328199,already_in_app_same_url,no_catalog_figure,,
mephitsu:marvel-legends:ed9ff942-22da-45b0-a9e1-bb73d5985a13,Emma Frost,Hasbro,Annihilus BAF Wave,2007,653569205500,already_in_app_same_url,no_catalog_figure,,
mephitsu:marvel-legends:e59059b9-f10c-40d7-8da6-fd78d7e21606,Emperor Doom,Hasbro,General,2025,5010996338976,already_in_app_same_url,no_catalog_figure,,
mephitsu:marvel-legends:2b101ec3-4215-49aa-8a78-4794d9814225,Enchantress,Hasbro,Dormammu BAF Wave,2016,,already_in_app_same_url,no_catalog_figure,,
mephitsu:marvel-legends:3bb1aff5-2a7f-468c-b82d-ec33bca7949f,Enchantress,Hasbro,"SDCC, The Raft",2016,,already_in_app_same_url,no_catalog_figure,,
mephitsu:marvel-legends:72ceab83-866e-4423-8878-b761b8ccd976,Enchantress,Hasbro,Executioner BAF Wave,2025,630509425358,already_in_app_same_url,wave_or_year_conflict,d14ml-ml-classic-enchantress,Enchantress (2026) [Classic] 2025
mephitsu:marvel-legends:739526ed-0bad-47cf-b51b-aee4942b9913,Erik Killmonger,Hasbro,"Marvel Studios Legacy Collection, Series 1",2022,5010994104924,already_in_app_same_url,no_catalog_figure,,
mephitsu:marvel-legends:3476dce0-f2d1-40a4-ac5f-7b38192e3d2a,Everett Ross,Hasbro,Black Panther Multi-Pack,2018,,already_in_app_same_url,no_catalog_figure,,
mephitsu:marvel-legends:5dd49882-66ec-425d-8db2-629eebebd070,Everett Ross,Hasbro,Attuma BAF,2022,5010994158224,already_in_app_same_url,no_catalog_figure,,
mephitsu:marvel-legends:a1417135-82c3-4e16-96ad-fc1e5e663256,Ex-Nihilo,Hasbro,Mantis BAF Wave,2017,,already_in_app_same_url,no_catalog_figure,,
mephitsu:marvel-legends:53af0576-8607-4860-bd98-bb2f3550ac2d,Executioner,Hasbro,Executioner BAF Wave,2025,,replaces_existing,wave_or_year_conflict,d14ml-ml-classic-executioner,Executioner (2025) [Classic] 2025
mephitsu:marvel-legends:77ea34ce-b1df-4fee-9854-a36cb356e3da,Extremis Iron Man,Hasbro,Amazon,2025,653569690443,already_in_app_same_url,no_catalog_figure,,
mephitsu:marvel-legends:1c69f254-2408-4c5b-ac15-3a3d9f00bf8b,Extremis Iron-Man,Hasbro,Terrrax BAF Wave,2012,,already_in_app_same_url,no_catalog_figure,,
mephitsu:marvel-legends:797dcdfd-901c-4012-a627-4dfaa72c9bd6,Falcon,Hasbro,Deluxe,2024,5010996222626,already_in_app_same_url,no_catalog_figure,,
mephitsu:marvel-legends:7d106f9e-93fd-40e6-810f-c9374ea0c666,Falcon,Hasbro,Walmart,2016,,already_in_app_same_url,no_catalog_figure,,
mephitsu:marvel-legends:b5b4a29e-a056-46f0-8017-060fd70f24e7,Falcon,Hasbro,"""Best Of"" Giantman Wave",2017,,already_in_app_same_url,no_catalog_figure,,
mephitsu:marvel-legends:c76ef99b-fc11-4b3e-9698-14ff0fa8d589,Falcon,Hasbro,Secret Wars Wave 2,2026,5010996355713,already_in_app_same_url,no_catalog_figure,,
mephitsu:marvel-legends:cbebc4c8-4fab-4dc2-86dd-10315011e9f1,Falcon,Hasbro,Disney Store,2016,630509750825,replaces_existing,no_catalog_figure,,
mephitsu:marvel-legends:ce63b1eb-1800-4320-9a75-e623900862da,Falcon,Hasbro,Target,2018,,already_in_app_same_url,no_catalog_figure,,
mephitsu:marvel-legends:d69c9d93-35c8-4c66-bce2-101cf36e91cb,Falcon,Hasbro,Toybiz Retro 2022,2022,5010993986163,already_in_app_same_url,no_catalog_figure,,
mephitsu:marvel-legends:db4abcaf-8a57-4dd8-92ec-366d4e98af7d,Falcon,Hasbro,Joe Fixit BAF Wave,2020,630509423163,already_in_app_same_url,no_catalog_figure,,
mephitsu:marvel-legends:8fcd86a9-3634-4e7c-9bf1-fcbe20f80e3b,Fallen One,Hasbro,Heralds of Galactus,2022,,already_in_app_same_url,no_catalog_figure,,
mephitsu:marvel-legends:9db10354-d184-4584-bc93-6817de030c15,Fang,Hasbro,Ch'od BAF Wave,2023,,already_in_app_same_url,no_catalog_figure,,
mephitsu:marvel-legends:563804ed-f3c1-46e1-9c36-3517ddbb347e,Fantomex,Hasbro,Amazon,2020,,already_in_app_same_url,no_catalog_figure,,
mephitsu:marvel-legends:d4f511c9-0ae8-408c-b922-03cd7bb9c729,Felicia Hardy Black Cat,Hasbro,Sony Spider-Man Gamerverse Wave,2025,5010996300539,already_in_app_same_url,no_catalog_figure,,
mephitsu:marvel-legends:f90cf6fe-9489-494d-bc27-7208211cfe13,Feral,Hasbro,Mini-Comic Wave 2,2025,5010996322470,already_in_app_same_url,no_catalog_figure,,
mephitsu:marvel-legends:f1a2e784-ec5a-4004-a71f-7178b2dcbde2,Fin Fang Foom,Hasbro,Fin Fang Foom BAF Wave,2008,653569291374,replaces_existing,no_catalog_figure,,
mephitsu:marvel-legends:e84e1dd5-0338-4829-a265-7343dcdc57f3,Fire Lord,Hasbro,Fantastic Four Special,2022,,already_in_app_same_url,no_catalog_figure,,
mephitsu:marvel-legends:66cd888c-3b14-4b57-a1b8-a87becff8dcb,Firestar,Hasbro,Spider-Man & his Amazing Friends Boxset,2022,5010993962686,already_in_app_same_url,no_catalog_figure,,
mephitsu:marvel-legends:75c17278-90cd-48a2-8df6-4f8d03362aec,Firestar,Hasbro,Special Release,2021,5010993792504,already_in_app_same_url,no_catalog_figure,,
mephitsu:marvel-legends:3b10ddba-61ea-4932-93e2-191102a594ba,Forge,Hasbro,2008 2-Pack Series,2008,,already_in_app_same_url,no_catalog_figure,,
mephitsu:marvel-legends:af4ffa55-6d24-4184-afd9-cb0364dd58aa,Forge,Hasbro,X-Men 60th Anniversary,2023,653569340461,already_in_app_same_url,wave_or_year_conflict,mlc-forge-classic,Forge (2023) [X-Men] 2022
mephitsu:marvel-legends:c724e48c-e56e-4e1f-a08c-0603d9fbfb80,Forge,Hasbro,Caliban BAF Wave,2019,,already_in_app_same_url,no_catalog_figure,,
mephitsu:marvel-legends:d85e4df5-60b6-44ea-af19-0f737a8aa676,Frankie Raye Nova,Hasbro,HasLab,2022,,replaces_existing,no_catalog_figure,,
mephitsu:marvel-legends:833cd368-bf8a-437b-ab15-f4a8cdcbbcdc,Franklin Richards,Hasbro,Fantastic Four Special,2023,,already_in_app_same_url,no_catalog_figure,,
mephitsu:marvel-legends:19a29897-45e1-46af-8d7b-55abf1f29486,Friendly Neighborhood Spider-Man,Hasbro,No Way Home  Wave,2023,,already_in_app_same_url,no_catalog_figure,,
mephitsu:marvel-legends:60a3600c-8d3e-4d33-a073-83721cc8d452,Friendly Neighborhood Spider-Man,Hasbro,"No Way Home , Hasbro Pulse",2023,,replaces_existing,no_catalog_figure,,
mephitsu:marvel-legends:4e08f38b-7fb3-4f8e-9f92-3b023eccff72,Frog Man,Hasbro,Stilt Man BAF Wave,2021,,already_in_app_same_url,no_catalog_figure,,
mephitsu:marvel-legends:789bd493-0b35-42a4-b5fc-8037e8ef1068,Future Ant-Man,Hasbro,Cassie Lang BAF Wave,2023,5010994180058,already_in_app_same_url,no_catalog_figure,,
mephitsu:marvel-legends:9b3f0ffa-0aa3-4cbe-be1e-94f1c8c2d4e1,Future Foundation Spider-Man,Hasbro,Arnim Zola BAF Wave,2012,653569704898,already_in_app_same_url,no_catalog_figure,,
mephitsu:marvel-legends:271a068f-1801-4bc5-b5b1-f75af4fda100,Gambit,Hasbro,X-Men 60th Anniversary,2023,5010996143761,already_in_app_same_url,wave_or_year_conflict,ml5-ml-x97-gambit,Gambit (2023) [X-Men '97 Legends] 2023
mephitsu:marvel-legends:8a515977-f74d-478c-910f-6a6eea94c473,Gambit,Hasbro,Caliban BAF Wave,2019,,already_in_app_same_url,no_catalog_figure,,
mephitsu:marvel-legends:8ab2a35e-2cf0-4f95-8ac3-de71519f4f08,Gambit,Hasbro,Avengers: Doomsday Wave 1,2026,5010996355812,already_in_app_same_url,no_catalog_figure,,
mephitsu:marvel-legends:966e15e1-42bc-4211-ac2e-59359f518267,Gambit,Hasbro,Target / Fan Channel,2021,,already_in_app_same_url,wave_or_year_conflict,ml2-gambit-aes,Gambit (2020) [Astonishing] 2021
mephitsu:marvel-legends:a890c5de-aa9f-484a-8673-f336dccf3bfc,Gambit,Hasbro,X-Men '97 Twin Packs,2025,5010993771905,already_in_app_same_url,wave_or_year_conflict,lv-hasbro-marvel-legends-gambit-nemesis-2025,Gambit (2025) [Nemesis] 2025
mephitsu:marvel-legends:0b2a5a8e-a3cd-4c18-b583-122b5b44dcdf,Gamora,Hasbro,"""Best of"" MCU Gladiator Hulk Wave",2018,,already_in_app_same_url,wave_or_year_conflict,mlc-gamora,Gamora (2018) [Classic] 2018
mephitsu:marvel-legends:0b6836ac-4eef-4db2-ad7d-93f4061c523f,Gamora,Hasbro,Mantis BAF Wave,2017,,already_in_app_same_url,no_catalog_figure,,
mephitsu:marvel-legends:1b6e48ba-2025-4c55-885d-64db1f82e3df,Gamora,Hasbro,Disney Store,2022,653569956501,replaces_existing,no_catalog_figure,,
mephitsu:marvel-legends:c5cf06ec-e6a2-4af6-b7ec-63bee5fd4bd9,Gamora,Hasbro,Groot BAF Wave,2014,,already_in_app_same_url,no_catalog_figure,,
mephitsu:marvel-legends:d471e643-f8bb-4007-9a37-9a2541b0eb37,Gamora,Hasbro,Entertainment Earth,2015,,already_in_app_same_url,no_catalog_figure,,
mephitsu:marvel-legends:5e992397-e3c1-458b-bc4b-e3615a837d89,Gargantos,Hasbro,Amazon / Fan Channel Marvel vs Capcom,2025,5010996335319,already_in_app_same_url,no_catalog_figure,,
mephitsu:marvel-legends:d0efb5a1-50d5-433e-8a83-70ce5492da23,Gargantos (Player 2),Hasbro,Marvel Games,2026,,replaces_existing,no_catalog_figure,,
mephitsu:marvel-legends:3d1aa5f4-b61b-4c0d-960c-bdbb0c7884d0,Genis-Vell,Hasbro,Kree Sentry BAF Wave,2019,,already_in_app_same_url,no_catalog_figure,,
mephitsu:marvel-legends:0a1afeaa-675f-44b2-9bab-59e55a787df3,Ghost,Hasbro,Thunderbolts SDCC Exclusive,2013,5010996246158,already_in_app_same_url,no_catalog_figure,,
mephitsu:marvel-legends:4044fdef-a720-4b9c-8ee7-e40edef5d3b1,Ghost,Hasbro,80th Anniversary,2019,630509318247,already_in_app_same_url,no_catalog_figure,,
mephitsu:marvel-legends:020cd651-264e-4b76-86f9-671f5e64762d,Ghost Rider,Hasbro,Special,2022,5010994162047,already_in_app_same_url,no_catalog_figure,,
mephitsu:marvel-legends:264dd449-2d22-4d4a-9572-cdffa207b5f6,Ghost Rider,Hasbro,Rhino BAF Wave,2015,71630509318247,already_in_app_same_url,no_catalog_figure,,
mephitsu:marvel-legends:f694af42-97c3-443f-975a-cca666b3ddcc,Ghost Rider,Hasbro,Terrrax BAF Wave,2012,653569690474,already_in_app_same_url,no_catalog_figure,,
mephitsu:marvel-legends:8f27ab0b-93a8-40e8-b483-3e1546009310,Ghost Rider & Bike,Hasbro,Marvel 85th Anniversary,2024,5010994188115,already_in_app_same_url,no_catalog_figure,,
mephitsu:marvel-legends:1ced1422-7954-4659-8221-b70177ad669d,Ghost Rider & Motorbike,Hasbro,Deluxe,2026,5010996352767,already_in_app_same_url,no_catalog_figure,,
mephitsu:marvel-legends:58f1ec36-f8bb-4e8b-8c2d-46ca9286c09a,Ghost Rider (Robbie Reyes),Hasbro,Box Build-a-Figure Wave,2026,5010996382542,already_in_app_same_url,no_catalog_figure,,
mephitsu:marvel-legends:6f08af20-789b-4e3e-b496-3ebdd5afc31d,"Ghost Rider, w/ Bike",Hasbro,Ultimate Riders,2018,,already_in_app_same_url,no_catalog_figure,,
mephitsu:marvel-legends:5acaff45-358b-4701-9069-304cf78ed840,Giant Man,Hasbro,Ultron BAF Wave,2015,,already_in_app_same_url,no_catalog_figure,,
mephitsu:marvel-legends:6041bb4a-f917-4f2f-8a57-1a6616f2a1d6,Giant Man,Hasbro,"Fan Channel, 80th Anniversary",2019,,already_in_app_same_url,no_catalog_figure,,
mephitsu:marvel-legends:9c9ebbc0-bb25-49bd-8a6e-82e87058b35b,Giant Man,Hasbro,"""Best Of"" Giantman Wave",2017,,replaces_existing,no_catalog_figure,,
mephitsu:marvel-legends:f03c47e5-93a7-41f1-a532-cb05d5544035,Giant Man,Hasbro,Giantman BAF Wave,2016,,replaces_existing,no_catalog_figure,,
mephitsu:marvel-legends:6d9cac74-73b6-4e91-a0b7-c92790d96cea,"Giant Man, Hank Pym",Hasbro,SDCC,2015,,already_in_app_same_url,no_catalog_figure,,
mephitsu:marvel-legends:beb4af79-f196-4aee-aada-84c23a93b2a5,Giant-Man,Hasbro,HasLab,2024,630509319855,replaces_existing,no_catalog_figure,,
mephitsu:marvel-legends:e605690a-1c2e-4b3b-beb3-b55dc813560f,"Giant-Man, Hank Pym",Hasbro,Hasbro Pulse,2024,,already_in_app_same_url,no_catalog_figure,,
mephitsu:marvel-legends:f7bc8e6c-bef6-45c8-9067-ec0bdcdb21f3,Gilgamesh,Hasbro,Gilgamesh BAF Wave,2021,,replaces_existing,wave_or_year_conflict,mlc-gilgamesh,Gilgamesh (2021) [Eternals] 2021
mephitsu:marvel-legends:3d1993cc-8f8f-4154-82f9-ed4cd8e8eea3,Gladiator,Hasbro,Apocalypse BAF Wave,2018,,already_in_app_same_url,no_catalog_figure,,
mephitsu:marvel-legends:4e540ee9-2ab9-41be-99a2-4f4bdd03fe5c,Gladiator,Hasbro,"SDCC, The Thanos Imperative",2014,,already_in_app_same_url,no_catalog_figure,,
mephitsu:marvel-legends:5e9d6993-0261-4d39-9516-b4dd9de8cbf1,Gladiator,Hasbro,Fan Channel & Amazon,2025,5010996282866,already_in_app_same_url,wave_or_year_conflict,ml3-ml-gladiator,Gladiator (2025) [BAF] 2024
mephitsu:marvel-legends:59b85847-7338-4cf5-8763-67e2c200be6a,Gladiator Hulk,Hasbro,Gladiator Hulk BAF Wave,2017,71630509526413,replaces_existing,no_catalog_figure,,
mephitsu:marvel-legends:6d652f5e-b507-4949-bf88-69cd171995d8,Gladiator Hulk,Hasbro,Amazon,2023,5010996178312,already_in_app_same_url,no_catalog_figure,,
mephitsu:marvel-legends:94eda9b2-2d08-4a62-9265-062f4ae80f17,Gladiator Hulk,Hasbro,"""Best of"" MCU Gladiator Hulk Wave",2018,71630509526406,replaces_existing,no_catalog_figure,,
mephitsu:marvel-legends:89a9b798-8b04-4d57-9867-24ae37dd4ae0,Gladiator Thor,Hasbro,Gladiator Hulk BAF Wave,2017,630509526390,already_in_app_same_url,no_catalog_figure,,
mephitsu:marvel-legends:6dbb761b-4b7a-44a1-a007-a1b60d6266e9,Goblin Queen,Hasbro,X-Men '97 Wave 2,2024,5010996201966,already_in_app_same_url,no_catalog_figure,,
mephitsu:marvel-legends:5aff1c87-f4c6-4442-8a25-bd74958a4de2,Goliath,Hasbro,Disney+ Hydra Stomper BAF Wave,2023,,already_in_app_same_url,wave_or_year_conflict,mlc-goliath,Goliath (2023) [Hank Pym] 2023
mephitsu:marvel-legends:9c64013a-cd0b-4019-adbe-adc490b8ee92,"Goliath, Hank Pym",Hasbro,SDCC,2015,,already_in_app_same_url,no_catalog_figure,,
mephitsu:marvel-legends:f1ebc387-61bb-447c-a9da-9f104f55ff22,Gorgon,Hasbro,Inhumans,2025,5010996328366,already_in_app_same_url,no_catalog_figure,,
mephitsu:marvel-legends:7b19386f-423e-409f-b982-d743939cd5a4,Gorr,Hasbro,Amazon,2022,,already_in_app_same_url,no_catalog_figure,,
mephitsu:marvel-legends:e66bbad6-7791-486c-a26d-be18671fbbeb,Gorr,Hasbro,Korg BAF,2022,,already_in_app_same_url,no_catalog_figure,,
mephitsu:marvel-legends:5d2c3e94-87fc-4b69-87b4-aa151ae1cd59,Green Goblin,Hasbro,Unleashed,2008,,already_in_app_same_url,no_catalog_figure,,
mephitsu:marvel-legends:803fae86-9352-45c3-8ef3-33489559d54b,Green Goblin,Hasbro,Deluxe,2026,5010996352378,already_in_app_same_url,no_catalog_figure,,
mephitsu:marvel-legends:ce07deda-ad72-42cc-838c-4a7cdaa3c574,Green Goblin,Hasbro,Sandman BAF Wave,2017,,already_in_app_same_url,no_catalog_figure,,
mephitsu:marvel-legends:e1f66873-0ec6-493a-85f7-471d4162e2a9,Green Goblin,Hasbro,VHS Spider-Man,2023,5010993954513,already_in_app_same_url,wave_or_year_conflict,d14ml-gg-nwh,Green Goblin (2023) [No Way Home] 2023
mephitsu:marvel-legends:fcd97c9e-0725-4a4b-aa5f-3843d6013c41,Green Goblin,Hasbro,Sandman BAF Wave,2007,5010993715497,already_in_app_same_url,no_catalog_figure,,
mephitsu:marvel-legends:ea580d89-ddc0-4405-83da-50db213c6ab0,Grey Gargoyle,Hasbro,Kree Sentry BAF Wave,2019,630509775477,already_in_app_same_url,no_catalog_figure,,
mephitsu:marvel-legends:7aea154b-f303-45d0-8f8e-35a22db6d8f5,Grey Hulk,Hasbro,The Avengers 60th Anniversary,2023,630509858019,replaces_existing,no_catalog_figure,,
mephitsu:marvel-legends:ee81478f-e577-429b-8eef-f48c9c750595,Grey Hulk,Hasbro,"Retro 2019, 80th Anniversary",2019,,already_in_app_same_url,no_catalog_figure,,
mephitsu:marvel-legends:45f78d64-faf2-428c-82b9-79855a5188b9,Grim Reaper,Hasbro,Ultron BAF Wave,2015,630509319848,already_in_app_same_url,no_catalog_figure,,
mephitsu:marvel-legends:7ba7206f-bc2c-4b29-9b09-d7b2c47b9357,Grizzly,Hasbro,Deluxe,2026,5010996352415,already_in_app_same_url,wave_or_year_conflict,afmon-hasbro-grizzly-hsg2084,Grizzly (2026) [Spider-Man Marvel Legends] 2026
mephitsu:marvel-legends:04309880-dd4e-4921-a9bd-a1f9d0cf6523,Groot,Hasbro,Entertainment Earth,2015,,already_in_app_same_url,no_catalog_figure,,
mephitsu:marvel-legends:559cce6f-3e97-4ae1-96ad-e7fd82448c31,Groot,Hasbro,Korg BAF,2022,,already_in_app_same_url,no_catalog_figure,,
mephitsu:marvel-legends:85928ea8-1f36-40b9-8465-2d60a628eeed,Groot,Hasbro,GOTG Vol.3 Deluxe,2023,5010994181673,already_in_app_same_url,no_catalog_figure,,
mephitsu:marvel-legends:86dc8642-7fae-4e55-8251-3775896dced5,Groot,Hasbro,"Toys R Us, Evolutions of Groot",2017,,already_in_app_same_url,no_catalog_figure,,
mephitsu:marvel-legends:8f7e60e2-08c3-4fdd-9a3f-86b8749e45f2,Groot,Hasbro,"Fan Channel, Evolution of Groot",2020,,already_in_app_same_url,no_catalog_figure,,
mephitsu:marvel-legends:de997664-dc69-4a41-97f2-682d92233911,Groot,Hasbro,Disney Store,2022,630509552658,replaces_existing,no_catalog_figure,,
mephitsu:marvel-legends:f452f8c4-c478-4f11-90ba-526946eff20f,Groot (BAF),Hasbro,Groot BAF Wave,2014,71653569956471,replaces_existing,no_catalog_figure,,
mephitsu:marvel-legends:73977cf7-d7da-4335-9083-1d451cc35c4d,Guardian,Hasbro,Wendigo BAF Wave,2019,,already_in_app_same_url,no_catalog_figure,,
mephitsu:marvel-legends:73fdcb57-05f8-4edf-8700-3c77a8c4e245,Guardian,Hasbro,Walmart Ares BAF Wave,2008,5010993860777,already_in_app_same_url,no_catalog_figure,,
mephitsu:marvel-legends:9fe44a49-6b7a-41fd-9652-7b2135708879,Gwen Stacey,Hasbro,Across the Spiderverse Wave 2,2024,,already_in_app_same_url,no_catalog_figure,,
mephitsu:marvel-legends:586cf79a-56d5-4da6-ba34-94ed7d6444aa,Gwen Stacy,Hasbro,Retro 2020,2020,5010993786534,already_in_app_same_url,no_catalog_figure,,
mephitsu:marvel-legends:4cfcb147-ac69-45b4-aeb9-43acf746e2b6,Gwen Stacy Ghost Spider,Hasbro,Stilt Man BAF Wave,2021,5010993715503,already_in_app_same_url,no_catalog_figure,,
mephitsu:marvel-legends:619c812c-c91c-4fdc-8324-017b92840c1e,Gwenpool,Hasbro,Lizard BAF Wave,2018,,already_in_app_same_url,no_catalog_figure,,
mephitsu:marvel-legends:ef3e4d03-391f-4377-abec-140f2a1a746e,Hallows' Eve,Hasbro,Fan Channel Spider-Man Retro,2024,5010996197078,already_in_app_same_url,no_catalog_figure,,
mephitsu:marvel-legends:bd84b099-8538-4595-bc65-e83c380c181b,Hammerhead,Hasbro,Spider-Man Retro 2022,2022,5010993938025,already_in_app_same_url,wave_or_year_conflict,d14ml-ml-gamerverse-hammer,Hammerhead (2022) [Gamerverse] 2021
mephitsu:marvel-legends:3a73a1fc-6031-40b0-871a-3ed54469acc0,Hand Ninja,Hasbro,Hasbro Pulse,2021,,already_in_app_same_url,no_catalog_figure,,
mephitsu:marvel-legends:73ad57c0-37bb-480d-bbbf-e15f5909a770,Hand Ninja (Red),Hasbro,Ninja's vs Super Spies,2009,653569359326,already_in_app_same_url,no_catalog_figure,,
mephitsu:marvel-legends:1829b537-a44e-4b9e-9273-2859ac784732,Hand Ninja (White),Hasbro,Ninja's vs Super Spies,2009,5010993787906,already_in_app_same_url,no_catalog_figure,,
mephitsu:marvel-legends:7a2e6943-23bd-45df-9989-92414018cff5,Hank Pym,Hasbro,SDCC,2015,,already_in_app_same_url,no_catalog_figure,,
mephitsu:marvel-legends:b2301de8-2cea-46bb-91da-87372fd2d0eb,Hank Pym,Hasbro,"Amazon, West Coast Avengers",2023,,replaces_existing,no_catalog_figure,,
mephitsu:marvel-legends:46738d03-440c-4326-b0c2-f8258a8e3ad6,Happy Hogan,Hasbro,"Infinity Saga, Target (US)",2021,,already_in_app_same_url,no_catalog_figure,,
mephitsu:marvel-legends:f690baf7-0656-4a24-8583-93c2a9b9c49f,Hatut Zeraze,Hasbro,Attuma BAF,2022,5010993938964,already_in_app_same_url,no_catalog_figure,,
mephitsu:marvel-legends:0976c745-9b26-4480-b54d-3a90079736d6,Havok,Hasbro,Juggernaught BAF Wave,2016,,already_in_app_same_url,no_catalog_figure,,
mephitsu:marvel-legends:2da1b416-afeb-4e3f-a843-aa5d3b99b496,Havok,Hasbro,Bonebreaker BAF,2022,630509448760,already_in_app_same_url,no_catalog_figure,,
mephitsu:marvel-legends:9955be27-ec40-4620-a250-891493776ad8,Havok,Hasbro,"Fan Channel, 80th Anniversary",2019,5010993654246,already_in_app_same_url,wave_or_year_conflict,mlc-havok,Havok (2019) [X-Men] 2020
mephitsu:marvel-legends:82b81644-7506-467f-8f06-90f489830452,Hawkeye,Hasbro,Retro Wave 2,2018,630509774784,already_in_app_same_url,wave_or_year_conflict,mlc-hawkeye-classic,Hawkeye (2018) [Classic] 2018
mephitsu:marvel-legends:9e066cf2-5fd5-4b63-b82b-f4bbac2f3fe6,Hawkeye,Hasbro,Avengers,2012,,already_in_app_same_url,no_catalog_figure,,
mephitsu:marvel-legends:a3e16f24-7a99-482b-a065-f5e0a985a044,Hawkeye,Hasbro,Rocket Raccoon BAF Wave,2013,653569858683,already_in_app_same_url,no_catalog_figure,,
mephitsu:marvel-legends:a7eb765c-5a30-4285-a676-84e6aa6f34d2,Hawkeye,Hasbro,The Allfatther BAF Wave,2015,630509273959,already_in_app_same_url,wave_or_year_conflict,lv-hasbro-marvel-legends-hawkeye-allfather-2015,Hawkeye (2015) [Allfather] 2015
mephitsu:marvel-legends:cf671d7c-03bb-4cba-b98b-2298a4a2fdfc,Hawkeye,Hasbro,Amazon,2015,5010993722143,already_in_app_same_url,wave_or_year_conflict,lv-hasbro-marvel-legends-hawkeye-allfather-2015,Hawkeye (2015) [Allfather] 2015
mephitsu:marvel-legends:db5aacf3-592d-487c-9ce5-f197ca4188c5,Hawkeye,Hasbro,"Euro ""Best Of"" Hulkbuster BAF Wave",2016,653569693918,already_in_app_same_url,no_catalog_figure,,
mephitsu:marvel-legends:6948c1f6-5ca5-4acf-93de-16fba1bd5eb7,Hawkeye in Ronin Suit,Hasbro,Walmart (US) / Fan Channel,2023,,already_in_app_same_url,no_catalog_figure,,
mephitsu:marvel-legends:e884bd57-af5f-4e9c-87f3-9268b81ebbba,Hawkeye with Sky Cycle,Hasbro,The Avengers 60th Anniversary Ultimate Riders,2023,5010996142665,already_in_app_same_url,no_catalog_figure,,
mephitsu:marvel-legends:0e93c030-85d9-4b19-806c-70ecd59300bb,"Hawkeye, Clint Barton",Hasbro,"Disney+ Wave, Infinity Ultron BAF",2022,,already_in_app_same_url,no_catalog_figure,,
mephitsu:marvel-legends:0d38b330-17b7-41da-b756-426ac375318b,"Hawkeye, Quantum Suit",Hasbro,Target,2019,,already_in_app_same_url,no_catalog_figure,,
mephitsu:marvel-legends:655ef246-f9cf-4a91-ada7-27203da9a6fb,He Who Remains,Hasbro,"Disney+ Wave, Khonshu BAF",2022,5010993942732,already_in_app_same_url,no_catalog_figure,,
mephitsu:marvel-legends:5045d5d4-eb17-4873-b688-0f119de769f9,Headpool with Logan,Hasbro,Deadpool & Wolverine Wave 1,2024,5010996283771,already_in_app_same_url,no_catalog_figure,,
mephitsu:marvel-legends:9595197b-aed9-4502-a11a-5b2b6d73c56f,Heist Nebula,Hasbro,"Disney+ Wave, The Watcher BAF",2021,5010993797288,already_in_app_same_url,no_catalog_figure,,
mephitsu:marvel-legends:13636a45-4625-4f44-b80b-072e1c484b55,Hela,Hasbro,"SDCC, Book of Vishanti",2015,,replaces_existing,no_catalog_figure,,
mephitsu:marvel-legends:1a34384e-33ee-4278-a875-aaf14f315914,Hela,Hasbro,"""Best of"" MCU Gladiator Hulk Wave",2018,630509833627,already_in_app_same_url,wave_or_year_conflict,mlc-hela,Hela (2018) [Ragnarok] 2018
mephitsu:marvel-legends:602f1edf-81fd-4680-a897-5900f651066b,Hela,Hasbro,Gladiator Hulk BAF Wave,2017,,already_in_app_same_url,no_catalog_figure,,
mephitsu:marvel-legends:bd83fe91-c4e8-4c1f-a8f6-35f2e4d7d26a,Hela,Hasbro,80th Anniversary,2019,,already_in_app_same_url,no_catalog_figure,,
mephitsu:marvel-legends:6252faeb-ceba-4c15-a269-148110308798,Hellcat,Hasbro,Thanos BAF Wave,2015,630509284313,already_in_app_same_url,no_catalog_figure,,
mephitsu:marvel-legends:b0bce75d-212e-426a-937d-de928ca921b2,Hellfire Club Goon,Hasbro,Hasbro Pulse Army Builder,2020,94560000,already_in_app_same_url,no_catalog_figure,,
mephitsu:marvel-legends:94194961-a6e3-4c16-ace4-7acd4c969342,Hellfire Gala Spider-Man,Hasbro,Walmart (US) / Fan Channel,2025,,already_in_app_same_url,no_catalog_figure,,
mephitsu:marvel-legends:4dd4476a-cc62-4a9c-98fd-2dc4bc7cd5d9,Hercules,Hasbro,Annihilus BAF Wave,2007,653569205487,already_in_app_same_url,no_catalog_figure,,
mephitsu:marvel-legends:7bb0bae9-8208-4e93-9de7-413a55333967,Hercules,Hasbro,Hasbro Pulse / Fan Channel,2021,,already_in_app_same_url,no_catalog_figure,,
mephitsu:marvel-legends:e0a2268d-cce1-4f43-ba35-c6a20a972d55,Hercules,Hasbro,Armoured Thanos BAF Wave,2019,,already_in_app_same_url,no_catalog_figure,,
mephitsu:marvel-legends:94736271-d2dc-4af1-8343-6f0f697a4833,Heroes Re-born Iron-Man,Hasbro,Walmart Ares BAF Wave,2008,653569333333,already_in_app_same_url,no_catalog_figure,,
mephitsu:marvel-legends:ebb8e6a9-1ea9-4a3b-94d6-fdf0346259df,Heroic Age Iron-Man,Hasbro,Iron Monger BAF Wave,2013,,already_in_app_same_url,no_catalog_figure,,
mephitsu:marvel-legends:e6336d0a-6ebe-45be-b028-39daef676633,Heroic Age Thor,Hasbro,SDCC Heroic Age Thor,2011,653569698487,already_in_app_same_url,no_catalog_figure,,
mephitsu:marvel-legends:f6b8efc9-cd09-4392-9e48-da5d358f7ddc,High Evolutionary,Hasbro,Fantastic Four Special,2021,5010993842599,already_in_app_same_url,no_catalog_figure,,
mephitsu:marvel-legends:f236ed6c-6d0b-4211-963f-f526135b90cb,Hit Monkey,Hasbro,Hit Monkey BAF Wave,2013,653569821007,replaces_existing,no_catalog_figure,,
mephitsu:marvel-legends:52ab0882-9b2b-49cc-88b7-ae6af2fb6b70,Hit-Monkey,Hasbro,"Fan Channel, 80th Anniversary",2019,5010993657780,already_in_app_same_url,no_catalog_figure,,
mephitsu:marvel-legends:7de53902-54cd-48fd-8e22-42ae98315130,Hobgoblin,Hasbro,Hobgoblin BAF Wave,2015,,replaces_existing,no_catalog_figure,,
mephitsu:marvel-legends:cfd0fbf9-71ae-4f48-a39c-4ba5f7c149bb,Hobgoblin,Hasbro,Space Knight Venom BAF Wave,2016,,already_in_app_same_url,no_catalog_figure,,
mephitsu:marvel-legends:4e8bd0db-fabd-49e3-9dc8-e04327f34dcd,Hologram Iron-Man,Hasbro,Ursa Major BAF Wave,2021,5010993791118,already_in_app_same_url,no_catalog_figure,,
mephitsu:marvel-legends:d1c07039-1e22-4040-95db-f491efdc637c,Hope Summers,Hasbro,Terrrax BAF Wave,2012,653569690566,already_in_app_same_url,no_catalog_figure,,
mephitsu:marvel-legends:ce7e18a5-1452-446f-8bf7-f65ea06e3d95,Howard the Duck,Hasbro,"Disney+ Wave, Khonshu BAF",2022,5010993942619,already_in_app_same_url,no_catalog_figure,,
mephitsu:marvel-legends:1657e136-1a46-4e94-999a-f9f5155cc7e1,Hulk,Hasbro,Spider-Man: Brand New Day,2026,5010996404879,already_in_app_same_url,no_catalog_figure,,
mephitsu:marvel-legends:76f91e77-d9db-4ea5-98f6-894662bd87c1,Hulk,Hasbro,Disney Store,2015,,already_in_app_same_url,no_catalog_figure,,
mephitsu:marvel-legends:77d7e7a2-a2d8-456a-93b8-ea5a74076ae5,Hulk,Hasbro,Target,2015,653569308393,already_in_app_same_url,no_catalog_figure,,
mephitsu:marvel-legends:910069fd-a997-4ee4-9759-b1097b3ab49f,Hulk,Hasbro,Thanos BAF Wave,2015,653569308348,already_in_app_same_url,no_catalog_figure,,
mephitsu:marvel-legends:accc3b29-d313-470d-8a47-f581e4935d45,Hulk,Hasbro,"Euro ""Best Of"" Hulkbuster BAF Wave",2016,630509707744,already_in_app_same_url,no_catalog_figure,,
mephitsu:marvel-legends:c5a8124b-e4b6-4dd8-881f-037217adaebc,Hulk,Hasbro,Avengers,2012,,already_in_app_same_url,no_catalog_figure,,
mephitsu:marvel-legends:d2e63b1d-3f9e-4a61-adb7-a88f35e976d9,Hulk,Hasbro,20th Anniversary,2022,5010993956746,already_in_app_same_url,no_catalog_figure,,
mephitsu:marvel-legends:ef7e59f7-94b8-42d8-8b01-6e5484854ac2,Hulk,Hasbro,"SDCC, Retro 2019, 80th Anniversary",2019,630509846948,already_in_app_same_url,wave_or_year_conflict,d14ml-hulk-baf,Hulk (2019) [Build-A-Figure] 2019
mephitsu:marvel-legends:f42c60f8-ad54-43f8-9a06-301b583c32ed,Hulk,Hasbro,80th Anniversary,2019,630509526987,already_in_app_same_url,wave_or_year_conflict,d14ml-hulk-baf,Hulk (2019) [Build-A-Figure] 2019
mephitsu:marvel-legends:f9543c45-1c28-4445-bc33-bbb08c1d9cec,Hulk,Hasbro,Toys R' Us,2010,653569693895,already_in_app_same_url,no_catalog_figure,,
mephitsu:marvel-legends:c9ebd4e3-e536-418d-990d-4237b1e801b1,Hulk 'Maximum Series',Hasbro,"Maximum Series, Amazon & Fan Channel",2025,5010996290243,already_in_app_same_url,no_catalog_figure,,
mephitsu:marvel-legends:bae8f4da-7338-4915-abd1-64d4ab72632c,Hulk (Possessed),Hasbro,First Ten Years,2018,,already_in_app_same_url,no_catalog_figure,,
mephitsu:marvel-legends:d2dbe22a-be0c-4b8e-a548-9eebf395583a,Hulk 2099,Hasbro,Hulk Deluxe,2026,5010996382498,already_in_app_same_url,no_catalog_figure,,
mephitsu:marvel-legends:06cdc9e1-04bd-4f97-a273-10de9b7ef69f,Hulkbuster,Hasbro,Marvel 85th Anniversary,2024,5010996244208,already_in_app_same_url,no_catalog_figure,,
mephitsu:marvel-legends:a40882d4-381a-47c6-af38-b08b245ee67f,Hulkbuster,Hasbro,First Ten Years,2018,,replaces_existing,no_catalog_figure,,
mephitsu:marvel-legends:6238aa11-bfa1-452f-8241-fcb85f7a9fc7,Hulkbuster (BAF),Hasbro,Hulkbuster BAF Wave,2015,71630509310944,replaces_existing,no_catalog_figure,,
mephitsu:marvel-legends:0a28d974-e642-4994-b33a-3271ddae7203,Hulkbuster (BAF) Dark Red,Hasbro,"Euro ""Best Of"" Hulkbuster BAF Wave",2016,,replaces_existing,no_catalog_figure,,
mephitsu:marvel-legends:1f609889-11fe-4717-aa11-c268b7b9f59f,Human Fly,Hasbro,Amazon,2023,,already_in_app_same_url,no_catalog_figure,,
mephitsu:marvel-legends:5350b400-7207-4aed-ae28-79f6f7961dff,Human Torch,Hasbro,Fantastic Four: First Steps,2025,5010996283016,already_in_app_same_url,no_catalog_figure,,
mephitsu:marvel-legends:56b0581c-7d64-4a1d-b19e-dc00f69064f0,Human Torch,Hasbro,Classic Colors,2009,5010993842544,already_in_app_same_url,no_catalog_figure,,
mephitsu:marvel-legends:b781da21-2e0c-4943-a245-bb4f0ff12300,Human Torch,Hasbro,Walmart Ares BAF Wave,2008,630509589227,already_in_app_same_url,no_catalog_figure,,
mephitsu:marvel-legends:5f77a15b-88ce-4c7d-a9da-a08e39ea1fce,Human Torch (Nova Flame),Hasbro,Walmart Ares BAF Wave,2008,653569253242,already_in_app_same_url,no_catalog_figure,,
mephitsu:marvel-legends:4d636b18-5617-4860-9178-dab0ba49d49a,"Human Torch, Powered Down",Hasbro,Hasbro Pulse,2021,,already_in_app_same_url,no_catalog_figure,,
mephitsu:marvel-legends:f251d440-b4b1-46b9-90c5-8c995a00023f,Husk,Hasbro,"Nemesis BAF Wave, Amazon & Fan Channel",2025,,already_in_app_same_url,no_catalog_figure,,
mephitsu:marvel-legends:66db6082-990b-4537-99d5-3c1b67e1ec36,Hydra Enforcer,Hasbro,Toys R Us,2017,,already_in_app_same_url,no_catalog_figure,,
mephitsu:marvel-legends:44fd876d-1746-4fec-885f-caabbe6224fd,Hydra Soldier,Hasbro,Brood Queen BAF Wave,2007,653569955115,already_in_app_same_url,no_catalog_figure,,
mephitsu:marvel-legends:4c6aaf81-1221-43e7-9920-6725bbe8c3fe,Hydra Soldier,Hasbro,Mandroid BAF Wave,2014,,already_in_app_same_url,no_catalog_figure,,
mephitsu:marvel-legends:b5b19978-aafa-48f7-b8c4-66a0507b363a,Hydra Soldier,Hasbro,Toys R Us,2017,,already_in_app_same_url,no_catalog_figure,,
mephitsu:marvel-legends:dbd366f3-2bf4-4bda-a3a7-c2b8f9fcb4cf,Hydra Soldier (open mouth),Hasbro,Brood Queen BAF Wave,2007,,already_in_app_same_url,no_catalog_figure,,
mephitsu:marvel-legends:23a0b249-7586-4d96-8a3d-3ae46488b257,Hydra Stomper,Hasbro,"Disney+ Wave, The Watcher BAF",2021,5010994179953,already_in_app_same_url,no_catalog_figure,,
mephitsu:marvel-legends:c393d7ec-8223-46fc-a045-ea9b72f96e34,Hydra Stomper,Hasbro,Disney+ Hydra Stomper BAF Wave,2023,5010993843138,replaces_existing,no_catalog_figure,,
mephitsu:marvel-legends:a912554d-4e31-4566-ba78-855fda1f9fb0,Hydra Supreme Leader Captain America,Hasbro,Comic 2-Pack,2019,,already_in_app_same_url,no_catalog_figure,,
mephitsu:marvel-legends:c3848365-7ae0-4683-801b-798dfb1d3480,Hydra Trooper,Hasbro,Hasbro Pulse,2023,5010993723454,already_in_app_same_url,wave_or_year_conflict,ml6-ml-hydra-trooper,Hydra Trooper (2023) [Wave6] 2024
mephitsu:marvel-legends:f6734495-54f3-4844-9adc-7b36ab875143,Hydra Trooper,Hasbro,"Hasbro Pulse, Army Building",2020,,already_in_app_same_url,no_catalog_figure,,
mephitsu:marvel-legends:1ebe1374-41c4-45f3-b5e8-3f9c43b77850,Hydro-Man,Hasbro,Hasbro Pulse,2024,,already_in_app_same_url,no_catalog_figure,,
mephitsu:marvel-legends:f749ac41-798e-4043-a3bf-50c6f29a35e5,Hydro-Man,Hasbro,Molten Man BAF Wave,2019,,already_in_app_same_url,no_catalog_figure,,
mephitsu:marvel-legends:14da94d4-146e-48ab-83bc-bfc4ae532fdb,Hyperion,Hasbro,Squadron Supreme Special,2023,653569820963,replaces_existing,wave_or_year_conflict,lv-hasbro-marvel-legends-hyperion-2023,Hyperion (2023) [] 2023
mephitsu:marvel-legends:5777df6c-e491-4693-a569-65aa6ddeb203,Hyperion,Hasbro,Hit Monkey BAF Wave,2013,,already_in_app_same_url,no_catalog_figure,,
mephitsu:marvel-legends:4a5df292-ed97-49b8-a5d9-9ed35f1f7cb5,Hypno-Hustler,Hasbro,Spider-Man Retro,2026,5010996355911,already_in_app_same_url,no_catalog_figure,,
mephitsu:marvel-legends:7fa190d1-e384-40de-82ca-d39c8666b2a1,Ice-Man,Hasbro,Super Powers Fan Channel & Amazon,2025,,already_in_app_same_url,no_catalog_figure,,
mephitsu:marvel-legends:a83dfcf4-cca1-444d-9e94-4d464f1ed210,Ice-Man,Hasbro,"Toys R Us, All New X-Men",2014,,already_in_app_same_url,no_catalog_figure,,
mephitsu:marvel-legends:bdf0868d-d772-4eb5-8d00-08e638ac82c7,Ice-Man,Hasbro,Spider-Man & his Amazing Friends Boxset,2022,,already_in_app_same_url,no_catalog_figure,,
mephitsu:marvel-legends:d1030a6f-e7a6-4a28-88dc-d269a890a92c,Ice-Man,Hasbro,Juggernaught BAF Wave,2016,,already_in_app_same_url,no_catalog_figure,,
mephitsu:marvel-legends:358febe1-2e7f-4acb-a815-e0f940738d74,Ikaris,Hasbro,Fan Channel Zabu BAF Wave,2024,,already_in_app_same_url,no_catalog_figure,,
mephitsu:marvel-legends:baafb188-3f0a-4a2d-9e48-9a457d8649cd,Ikaris,Hasbro,Gilgamesh BAF Wave,2021,,already_in_app_same_url,wave_or_year_conflict,mlc-ikaris,Ikaris (2021) [Eternals] 2022
mephitsu:marvel-legends:dc855023-ed1f-4cba-8b02-44c15c71b144,Infamous Iron-Man,Hasbro,Walgreens,2019,630509807529,already_in_app_same_url,no_catalog_figure,,
mephitsu:marvel-legends:88b216a1-5a80-4c14-91c7-40218b2d93ac,Infinity Ultron,Hasbro,"Disney+ Wave, Infinity Ultron BAF",2022,5010994134709,replaces_existing,no_catalog_figure,,
mephitsu:marvel-legends:ce530fa8-907c-4c2e-8a00-fae01bf0c04d,Inner Demon,Hasbro,Gamestop / Fan Channel,2022,,already_in_app_same_url,no_catalog_figure,,
mephitsu:marvel-legends:a4ed8a97-3e66-4ead-bb04-3696693e3d7e,Invincible Iron-Man,Hasbro,Okoye BAF Wave,2018,21630509628827,already_in_app_same_url,no_catalog_figure,,
mephitsu:marvel-legends:8d2f67c2-8d7e-4520-9356-dd00deb23b88,"Invincible Iron-Man, Stealth Suit",Hasbro,"Fan Channel, 80th Anniversary",2019,,already_in_app_same_url,no_catalog_figure,,
mephitsu:marvel-legends:7a5c5478-80ca-4b01-a6f3-cb312835eb95,Invisible Woman,Hasbro,Super Skrull BAF Wave,2020,5010993655502,already_in_app_same_url,no_catalog_figure,,
mephitsu:marvel-legends:8a87e802-c6a7-4780-ab61-cd43af05e245,Invisible Woman,Hasbro,Classic Colors,2009,653569345107,replaces_existing,no_catalog_figure,,
mephitsu:marvel-legends:b74ccf3b-efc0-4292-95e5-37ba4c12e955,Invisible Woman,Hasbro,Walgreens,2017,630509565054,already_in_app_same_url,no_catalog_figure,,
mephitsu:marvel-legends:7bb526d4-6f92-436f-8c29-51dfd7e6104e,Invisible Woman Sue Storm,Hasbro,Fantastic Four: First Steps,2025,5010996282996,already_in_app_same_url,no_catalog_figure,,
mephitsu:marvel-legends:ca0f507e-eddd-4998-be93-367da3c06caf,"Invisible Woman, Invisible",Hasbro,Hasbro Pulse,2021,,already_in_app_same_url,no_catalog_figure,,
mephitsu:marvel-legends:79c198c2-6803-4c10-a18d-45becc45bba1,Iron Fist,Hasbro,Marvel 85th Anniversary,2024,5010996246264,already_in_app_same_url,wave_or_year_conflict,ml4-iron-fist-immortal,Iron Fist (2024) [Immortal] 2024
mephitsu:marvel-legends:3c9a6c5e-e5c8-47b6-91b8-35c6b01af834,Iron Man,Hasbro,Secret Wars Retro Wave 1,2024,5010996273185,already_in_app_same_url,wave_or_year_conflict,ml6-ml-ironman-model20,Iron Man (2024) [Model 20 Wave6] 2024
mephitsu:marvel-legends:ee9b2b89-3c6e-42e3-a4eb-741164f78133,Iron Man,Hasbro,Marvel Games,2026,5010996142528,already_in_app_same_url,no_catalog_figure,,
mephitsu:marvel-legends:b98426d6-fc28-4e52-b0de-23ad1b0b4827,Iron Man 'I Love You 3000',Hasbro,'I Love You 3000',2026,5010996352491,already_in_app_same_url,no_catalog_figure,,
mephitsu:marvel-legends:663bc2c5-c14f-4075-bb5c-c466496c06c0,Iron Man (Model 1 Gold),Hasbro,Iron Man Retro Wave,2024,5010996206664,already_in_app_same_url,no_catalog_figure,,
mephitsu:marvel-legends:ac94bf6a-0c93-43ff-b6b4-823afee015e4,Iron Man (Model 20),Hasbro,Iron Man Retro Wave,2024,5010996206657,already_in_app_same_url,no_catalog_figure,,
mephitsu:marvel-legends:59e2724e-3260-4dde-a0f1-a37992d41e49,Iron Man (Model 9),Hasbro,Iron Man Retro Wave,2024,5010996206671,already_in_app_same_url,no_catalog_figure,,
mephitsu:marvel-legends:affb527c-52c9-4f5f-abd5-ac79858f0e28,Iron Man Mk III,Hasbro,Marvel Studios Fan Channel,2026,,already_in_app_same_url,no_catalog_figure,,
mephitsu:marvel-legends:4b94f1d2-59fd-4868-a529-cd372fd1ed89,Iron Monger,Hasbro,Iron Monger BAF Wave,2013,71653569819707,replaces_existing,no_catalog_figure,,
mephitsu:marvel-legends:ed9239bc-1471-4c2e-8f3f-5b1cb15d49c8,Iron Monger,Hasbro,Infinity Saga,2021,,already_in_app_same_url,wave_or_year_conflict,d14ml-iron-monger,Iron Monger (2021) [Classic] 2020
mephitsu:marvel-legends:2cb584b3-b9eb-4043-aa95-1e771c387f66,Iron Patriot,Hasbro,Iron Monger BAF Wave,2013,71653569819721,already_in_app_same_url,no_catalog_figure,,
mephitsu:marvel-legends:c096e98c-8ff5-4c8f-b329-2105c5848b80,Iron Patriot,Hasbro,"Marvel 85th Anniversary, Amazon",2024,630509856152,already_in_app_same_url,wave_or_year_conflict,mlc-rhodey,Iron Patriot (2024) [James Rhodes] 2024
mephitsu:marvel-legends:f34f482a-3743-4719-8205-5835df0ceb70,Iron Patriot,Hasbro,Iron Monger BAF Wave,2013,,already_in_app_same_url,no_catalog_figure,,
mephitsu:marvel-legends:f8070d81-839a-4a9f-bb95-cd910c7dcdec,Iron Patriot,Hasbro,Endgame Thor BAF WAve,2019,71630509856152,already_in_app_same_url,no_catalog_figure,,
mephitsu:marvel-legends:3ce3f83d-e218-4d3a-b41b-760027f1152e,Iron Skull,Hasbro,Abomination BAF Wave,2016,,already_in_app_same_url,no_catalog_figure,,
mephitsu:marvel-legends:51002e98-51e6-4d95-926d-e7737d200e86,Iron Spider,Hasbro,Spider-Man 60th Anniversary,2022,5010994153816,already_in_app_same_url,no_catalog_figure,,
mephitsu:marvel-legends:f499dd29-39cb-4b93-a74a-6e0821cfe915,Iron Spider,Hasbro,"""Best of MCU"" Armoured Thanos",2020,630509833474,already_in_app_same_url,no_catalog_figure,,
mephitsu:marvel-legends:31650abf-af3f-4d39-988b-92193cc8cf92,Iron Spider (Aaron Davies),Hasbro,General,2026,,already_in_app_same_url,no_catalog_figure,,
mephitsu:marvel-legends:513c1a12-0a86-4ca4-96ed-81739b0dd571,Iron-Fist,Hasbro,Dormammu BAF Wave,2016,21630509425327,already_in_app_same_url,no_catalog_figure,,
mephitsu:marvel-legends:8fc23589-12cc-4ce6-a6c7-d48d4760be86,Iron-Fist,Hasbro,"Amazon, The Defenders",2018,71630509632077,already_in_app_same_url,no_catalog_figure,,
mephitsu:marvel-legends:de046be2-9fc9-447d-b54e-ec365aed5e23,Iron-Fist,Hasbro,The Allfatther BAF Wave,2015,,already_in_app_same_url,no_catalog_figure,,
mephitsu:marvel-legends:f470cfcf-2bc0-4865-a4ba-14d003098260,Iron-Heart,Hasbro,Deluxe,2022,5010994158491,already_in_app_same_url,no_catalog_figure,,
mephitsu:marvel-legends:05bd8fd0-b07c-491b-9c96-69dbf1a60428,Iron-Man,Hasbro,S.H.I.E.L.D. Super Spies,2009,5010993956722,already_in_app_same_url,no_catalog_figure,,
mephitsu:marvel-legends:0d0d0386-cc1d-4939-aae5-e94b5e62fa6a,Iron-Man,Hasbro,Hulkbuster BAF Wave,2015,5010993741793,already_in_app_same_url,no_catalog_figure,,
mephitsu:marvel-legends:0e05504f-5ae7-4465-b598-1289e0dcb7d8,Iron-Man,Hasbro,"Amazon, West Coast Avengers",2023,653569693963,replaces_existing,wave_or_year_conflict,ml2-ironman-ultimate,Iron Man (2023) [Ultimate] 2023
mephitsu:marvel-legends:36786d70-690b-4a57-933d-a421fd98f63c,Iron-Man,Hasbro,80th Anniversary,2019,630509833559,already_in_app_same_url,wave_or_year_conflict,mlc-ironman-extremis,Iron Man (2019) [Extremis] 2019
mephitsu:marvel-legends:4b71b34a-37d3-47b6-9fe3-3eb0653132bb,Iron-Man,Hasbro,Unleashed,2008,630509428335,already_in_app_same_url,no_catalog_figure,,
mephitsu:marvel-legends:4c6c5ffb-6f62-4ebc-b431-3d935e02a956,Iron-Man,Hasbro,Disney Store,2015,5010996142702,already_in_app_same_url,no_catalog_figure,,
mephitsu:marvel-legends:5e7b9a96-bcbf-4ad5-ba4c-b1056fecefc7,Iron-Man,Hasbro,The Mindless One BAF Wave,2023,653569956464,already_in_app_same_url,wave_or_year_conflict,ml2-ironman-ultimate,Iron Man (2023) [Ultimate] 2023
mephitsu:marvel-legends:64aa74a2-01fe-4687-a22d-204f6fe55828,Iron-Man,Hasbro,20th Anniversary,2022,630509707706,already_in_app_same_url,no_catalog_figure,,
mephitsu:marvel-legends:8fa60e13-3a01-4f62-9dbb-ada2fd38b616,Iron-Man,Hasbro,Iron Monger BAF Wave,2013,630509447411,already_in_app_same_url,no_catalog_figure,,
mephitsu:marvel-legends:9431d0bb-5d6e-4151-af78-72766d1a2a0e,Iron-Man,Hasbro,Epic Heroes,2013,653569775874,already_in_app_same_url,no_catalog_figure,,
mephitsu:marvel-legends:e8885524-abd4-4c18-8ea0-545e3270a11f,Iron-Man,Hasbro,S.H.I.E.L.D. Leaders,2009,630509628414,already_in_app_same_url,no_catalog_figure,,
mephitsu:marvel-legends:f0edfdf2-9243-4591-9b4d-380837808a0c,Iron-Man,Hasbro,Abomination BAF Wave,2020,5010996142726,already_in_app_same_url,no_catalog_figure,,
mephitsu:marvel-legends:f63108f8-bb88-484d-afba-cb0a2464edf4,Iron-Man,Hasbro,Retro Wave 1,2018,5010993848850,already_in_app_same_url,no_catalog_figure,,
mephitsu:marvel-legends:a0f6cefb-8882-4094-aaf0-c8c536eaa7fe,Iron-Man  (Model 01),Hasbro,The Avengers 60th Anniversary,2023,,already_in_app_same_url,no_catalog_figure,,
mephitsu:marvel-legends:2bc56c21-90e4-4a8f-8327-0fc45f4249cc,Iron-Man 'Heroes Return',Hasbro,Totally Awesome Hulk BAF Wave,2023,,already_in_app_same_url,no_catalog_figure,,
mephitsu:marvel-legends:c98460b3-9873-4e66-81de-31fab212d2ea,Iron-Man 2020,Hasbro,Walgreens,2020,5010993677412,already_in_app_same_url,no_catalog_figure,,
mephitsu:marvel-legends:80b693a8-ad9c-4379-aa63-77af9b3375e8,Iron-Man Extremis,Hasbro,Puff Adder BAF,2023,5010994181178,already_in_app_same_url,no_catalog_figure,,
mephitsu:marvel-legends:4a40b970-a8a4-402e-84b3-f271009c2260,Iron-Man Mk 2,Hasbro,Infinity Saga,2023,,already_in_app_same_url,no_catalog_figure,,
mephitsu:marvel-legends:90f01c85-6639-438c-a538-0dba3f3fc15d,Iron-Man Mk1,Hasbro,Toys R Us,2008,,already_in_app_same_url,no_catalog_figure,,
mephitsu:marvel-legends:cf3c0a1d-15a8-4922-ad62-f0510ef4a102,Iron-Man Mk1,Hasbro,First Ten Years,2018,,already_in_app_same_url,no_catalog_figure,,
mephitsu:marvel-legends:db0f64e8-0d22-48fe-9762-02396c3f0050,Iron-Man Mk1,Hasbro,Iron-Man,2008,,already_in_app_same_url,no_catalog_figure,,
mephitsu:marvel-legends:7712dda7-cb99-4ba6-977b-4484d8b49b29,Iron-Man Mk2,Hasbro,Toys R Us,2008,,already_in_app_same_url,no_catalog_figure,,
mephitsu:marvel-legends:8ced74a3-1fe2-4ed3-a98d-b80539d33333,Iron-Man Mk2,Hasbro,Iron-Man,2008,,already_in_app_same_url,no_catalog_figure,,
mephitsu:marvel-legends:e76227d4-c03c-4319-aa24-7e7e6f594c56,"Iron-Man Mk2 ""Snap On"" Armour",Hasbro,Iron-Man,2008,,already_in_app_same_url,no_catalog_figure,,
mephitsu:marvel-legends:60e80d2f-e6db-441a-a21c-48df09972fb0,Iron-Man Mk21 'Midas',Hasbro,"Infinity Saga, Target (US)",2021,,already_in_app_same_url,no_catalog_figure,,
mephitsu:marvel-legends:8a6b61fe-3a16-4934-9084-f7a6ffada261,Iron-Man Mk22 'Hotrod',Hasbro,First Ten Years,2018,,already_in_app_same_url,no_catalog_figure,,
mephitsu:marvel-legends:24d06b97-f065-4127-8ade-dc4a64416de1,Iron-Man Mk27 'Disco',Hasbro,Iron-Man 2-Pack,2016,,already_in_app_same_url,no_catalog_figure,,
mephitsu:marvel-legends:4bd62a87-7048-4314-840c-69271375dbcb,Iron-Man Mk3,Hasbro,Toys R Us,2008,,already_in_app_same_url,no_catalog_figure,,
mephitsu:marvel-legends:c4ca093c-1a1f-4106-80a2-d2954c396883,Iron-Man Mk3,Hasbro,Infinity Saga,2021,,already_in_app_same_url,no_catalog_figure,,
mephitsu:marvel-legends:ced41aff-a780-4f50-baf4-3a1e55837051,Iron-Man Mk3,Hasbro,Iron-Man,2008,,already_in_app_same_url,no_catalog_figure,,
mephitsu:marvel-legends:ffdadb9e-a1bf-4560-81b9-860e2e7c4766,"Iron-Man Mk3 ""Snap On"" Armour",Hasbro,Iron-Man,2008,,already_in_app_same_url,no_catalog_figure,,
mephitsu:marvel-legends:b22ee814-f415-44e2-83ad-da964f8c6ea9,Iron-Man Mk4,Hasbro,Iron-Man 2,2010,,already_in_app_same_url,no_catalog_figure,,
mephitsu:marvel-legends:823334bf-9168-4b13-8c44-49c285c57361,Iron-Man Mk42,Hasbro,Iron Monger BAF Wave,2013,,already_in_app_same_url,no_catalog_figure,,
mephitsu:marvel-legends:16e7da59-f07b-49e0-85dc-31ad0beaed1f,Iron-Man Mk43,Hasbro,Thanos BAF Wave,2015,,already_in_app_same_url,no_catalog_figure,,
mephitsu:marvel-legends:9c1a308f-1067-4b9c-b278-fb31b0f17286,Iron-Man Mk43,Hasbro,"Euro ""Best Of"" Hulkbuster BAF Wave",2016,,already_in_app_same_url,no_catalog_figure,,
mephitsu:marvel-legends:55413f25-caac-48ea-9846-3bd791c9c008,Iron-Man Mk46,Hasbro,Infinity Saga,2023,,already_in_app_same_url,no_catalog_figure,,
mephitsu:marvel-legends:80b078d2-6b5c-4fa4-888d-782d3125d550,Iron-Man Mk46,Hasbro,Disney Store,2016,,replaces_existing,no_catalog_figure,,
mephitsu:marvel-legends:97910cc9-9c31-4d3b-ba80-4a24c03efc2f,Iron-Man Mk46,Hasbro,"""Best Of"" Giantman Wave",2017,,already_in_app_same_url,no_catalog_figure,,
mephitsu:marvel-legends:c3c79222-5e53-48a4-9490-1606f035697c,Iron-Man Mk46,Hasbro,Giantman BAF Wave,2016,,already_in_app_same_url,no_catalog_figure,,
mephitsu:marvel-legends:fc8a5f3d-cec4-43ea-afb8-63beedf06bc2,"Iron-Man Mk46, Battle Damage",Hasbro,Civil War Multi-Pack,2016,,already_in_app_same_url,no_catalog_figure,,
mephitsu:marvel-legends:dd75d9ed-57d5-458d-b0ae-4166d76509f2,Iron-Man Mk47,Hasbro,Spider-Man : Homecoming,2017,,already_in_app_same_url,no_catalog_figure,,
mephitsu:marvel-legends:d84b9086-48de-4b5c-abaa-f8cb23c40366,Iron-Man Mk5,Hasbro,Iron-Man 2,2010,,already_in_app_same_url,no_catalog_figure,,
mephitsu:marvel-legends:153e06bd-48a7-4c09-a78a-ac018f4cd90e,Iron-Man Mk50,Hasbro,MCU Thanos BAF Wave,2018,,already_in_app_same_url,no_catalog_figure,,
mephitsu:marvel-legends:5d505fc3-da2c-49d9-a9e9-dc575dafd5f9,Iron-Man Mk50,Hasbro,UK Wave,2019,,already_in_app_same_url,no_catalog_figure,,
mephitsu:marvel-legends:6773eff6-b9d1-47f9-b1fa-52f79ba485b3,Iron-Man Mk50,Hasbro,"""Best Of"" Thanos BAF Wave",2019,,already_in_app_same_url,no_catalog_figure,,
mephitsu:marvel-legends:391050fd-6b3c-4a8e-b8bf-4f622f3236f7,Iron-Man Mk50 (LED),Hasbro,First Ten Years,2018,,already_in_app_same_url,no_catalog_figure,,
mephitsu:marvel-legends:6779c4b5-5fcb-4ee7-933a-a288f7179381,"Iron-Man Mk50, Nanotech",Hasbro,"Target, 80th Anniversary",2019,,already_in_app_same_url,no_catalog_figure,,
mephitsu:marvel-legends:0124d724-10bb-4f2c-8725-bed7296cad18,Iron-Man Mk6,Hasbro,Iron-Man 2,2010,,already_in_app_same_url,no_catalog_figure,,
mephitsu:marvel-legends:e13c38ad-6226-4ce4-9867-693de935cd2f,Iron-Man Mk6,Hasbro,Avengers,2012,,already_in_app_same_url,no_catalog_figure,,
mephitsu:marvel-legends:6357eafd-602b-404e-a370-438ecf56487c,Iron-Man Mk7,Hasbro,First Ten Years,2018,,already_in_app_same_url,no_catalog_figure,,
mephitsu:marvel-legends:7ff5b2b2-5034-49d4-a60d-1a5a0fdf529d,Iron-Man Mk72,Hasbro,Executioner BAF Wave,2025,,already_in_app_same_url,no_catalog_figure,,
mephitsu:marvel-legends:ae11d3f0-0522-489f-98e3-3baf80e0e6a1,Iron-Man Mk85,Hasbro,"""Best of MCU"" Armoured Thanos",2020,,already_in_app_same_url,no_catalog_figure,,
mephitsu:marvel-legends:aed08f1e-c637-48cd-aa53-e26bd8dcea6e,Iron-Man Mk85,Hasbro,Infinity Saga,2021,,already_in_app_same_url,no_catalog_figure,,
mephitsu:marvel-legends:aeddad61-8b45-4ef4-97ba-03c388cef46b,Iron-Man Mk85,Hasbro,Marvel Studios,2024,,already_in_app_same_url,no_catalog_figure,,
mephitsu:marvel-legends:f9c2aa83-a163-4239-a7d0-5cabbe4f3e6c,Iron-Man Mk85,Hasbro,Endgame Thor BAF WAve,2019,,already_in_app_same_url,no_catalog_figure,,
mephitsu:marvel-legends:85604cbd-ff65-458b-aa31-7fb6b50f94c1,"Iron-Man, Modular Cannon",Hasbro,Hasbro Pulse Con 2022,2022,,already_in_app_same_url,no_catalog_figure,,
mephitsu:marvel-legends:2a064c47-13b7-4d0d-a639-c502c5f414fc,"Iron-Man, Starboost Armour",Hasbro,Target,2020,,already_in_app_same_url,no_catalog_figure,,
mephitsu:marvel-legends:2fc9c0b4-2dbe-499d-99e7-ed12848d13e5,"Iron-Man, Tony Stark AI",Hasbro,Mr Hyde BAF Wave,2021,,already_in_app_same_url,no_catalog_figure,,
mephitsu:marvel-legends:b106aee3-df01-4266-9a7d-13b9b2c2e96c,Iron-Monger (Blue Arc Reactor),Hasbro,Iron-Man,2008,,already_in_app_same_url,no_catalog_figure,,
mephitsu:marvel-legends:12fcdd7e-4277-4c04-b840-433219a4c7d7,Iron-Monger (Red Arc Reactor),Hasbro,Iron-Man,2008,,already_in_app_same_url,no_catalog_figure,,
mephitsu:marvel-legends:51d80736-e29a-477e-a7bd-abd55456fd58,Iron-Spider,Hasbro,Marvel Studios,2024,5010996202185,already_in_app_same_url,no_catalog_figure,,
mephitsu:marvel-legends:6330975d-7e7b-49b9-ab30-5447bd165acd,Iron-Spider,Hasbro,MCU Thanos BAF Wave,2018,,already_in_app_same_url,wave_or_year_conflict,mlc-spiderman-iron,Iron Spider (2018) [Infinity War] 2018
mephitsu:marvel-legends:777e1ada-3c02-4e49-b124-52629361d05b,Iron-Spider,Hasbro,"Target, 80th Anniversary",2019,71630509659180,already_in_app_same_url,no_catalog_figure,,
mephitsu:marvel-legends:ee8ce214-7ef8-41a3-b704-c4fc192cb72c,Iron-Spider,Hasbro,"""Best Of"" Thanos BAF Wave",2019,630509659180,already_in_app_same_url,no_catalog_figure,,
mephitsu:marvel-legends:a347dafa-aad7-449c-b7bc-6d30be3a186a,Ironheart,Hasbro,Ursa Major BAF Wave,2021,,already_in_app_same_url,no_catalog_figure,,
mephitsu:marvel-legends:298b07c2-62ac-4a8a-ad5a-9b09fe4a07fa,J. Jonah Jameson,Hasbro,Retro 2021,2021,5010993844753,already_in_app_same_url,no_catalog_figure,,
mephitsu:marvel-legends:8bb244c7-03d3-4220-86d2-72681fabaf57,J. Jonah Jameson,Hasbro,Armadillo BAF Wave,2021,5010993767304,already_in_app_same_url,no_catalog_figure,,
mephitsu:marvel-legends:9fca0b46-347d-4860-a044-66cab8284543,Jack O'Lantern,Hasbro,Fan Channel Spider-Man Retro,2024,5010996197061,already_in_app_same_url,no_catalog_figure,,
mephitsu:marvel-legends:eba4e8d4-678c-466c-b7bc-7f8e267b3be0,Jack O'Lantern,Hasbro,Absorbing Man BAF Wave,2016,71630509397365,already_in_app_same_url,no_catalog_figure,,
mephitsu:marvel-legends:dbdc2fd0-92fb-4657-9cba-03aa572fe6f6,Jackal,Hasbro,Sandman BAF Wave,2017,,already_in_app_same_url,no_catalog_figure,,
mephitsu:marvel-legends:a5054672-8b9f-40da-9c07-5bff9b75f59d,Jane Foster Thor,Hasbro,"SDCC, Battle for Asgard",2017,,already_in_app_same_url,no_catalog_figure,,
mephitsu:marvel-legends:e677b869-8b39-4623-a586-37278b52d261,Jane Foster Thor,Hasbro,Gladiator Hulk BAF Wave,2017,,already_in_app_same_url,no_catalog_figure,,
mephitsu:marvel-legends:147f323d-33b4-44f6-b867-3a899312d3b6,"Jason Wyndgarde, Mastermind",Hasbro,Wolverine 5-Pack,2021,,already_in_app_same_url,no_catalog_figure,,
mephitsu:marvel-legends:01248178-a877-4673-9df8-2876d477e437,Jean Grey,Hasbro,Sugar Man BAF Wave,2020,,already_in_app_same_url,wave_or_year_conflict,mlc-jean-aoa,Jean Grey (2020) [Age of Apocalypse] 2020
mephitsu:marvel-legends:22cabe64-e9bf-4a07-9a69-010946a5b4c4,Jean Grey,Hasbro,X-Men Animated VHS Series,2022,5010994148188,already_in_app_same_url,no_catalog_figure,,
mephitsu:marvel-legends:2bf42482-7b65-4505-91e7-82d293c8da69,Jean Grey,Hasbro,Fan Channel,2019,,already_in_app_same_url,no_catalog_figure,,
mephitsu:marvel-legends:2d1c265e-3b6e-4b8d-9988-a4a06750d3a5,Jean Grey,Hasbro,"Was SDCC 2020, now Hasbro Pulse",2020,5010993682287,replaces_existing,wave_or_year_conflict,mlc-jean-aoa,Jean Grey (2020) [Age of Apocalypse] 2020
mephitsu:marvel-legends:312d4dda-760c-426b-b189-694bed67d9d4,Jean Grey,Hasbro,House of X Wave,2021,653569219750,already_in_app_same_url,wave_or_year_conflict,ml2-jean-grey-phoenix,Jean Grey (2021) [Phoenix] 2021
mephitsu:marvel-legends:65c6e68d-5393-4a62-a02b-ac2c81cc865e,Jean Grey,Hasbro,X-Men '97 Twin Packs,2025,5010996201980,already_in_app_same_url,wave_or_year_conflict,lv-hasbro-marvel-legends-jean-grey-uncanny-x-men-2025,Jean Grey (2025) [Uncanny X-Men] 2025
mephitsu:marvel-legends:88bfd148-9ff5-44bb-ae21-202c14a22749,Jean Grey,Hasbro,Rocket Raccoon BAF Wave,2013,5010993790159,already_in_app_same_url,no_catalog_figure,,
mephitsu:marvel-legends:cc022a3f-840d-4962-9b86-ea88876a5cfb,Jean Grey,Hasbro,Blob BAF Wave,2007,653569254645,already_in_app_same_url,no_catalog_figure,,
mephitsu:marvel-legends:bf21e4a5-76d9-4dfc-b67d-85e43f00db4d,Jean Grey 'X-Factor',Hasbro,Target (US) / Fan Channel,2025,5010996290205,already_in_app_same_url,no_catalog_figure,,
mephitsu:marvel-legends:5017498e-b299-464a-bb6d-5b7ebbb725e1,Jean Grey (Phoenix),Hasbro,Blob BAF Wave,2007,,already_in_app_same_url,no_catalog_figure,,
mephitsu:marvel-legends:ce3b2c38-2133-432b-981f-c5b1f9139dbe,Jean Grey Phoenix Force,Hasbro,General,2024,,already_in_app_same_url,no_catalog_figure,,
mephitsu:marvel-legends:7140cc22-d5f7-45e0-8952-945f76115050,Jeff the Land Shark,Hasbro,Marvel Rivals,2026,5010996411280,already_in_app_same_url,no_catalog_figure,,
mephitsu:marvel-legends:c296a4d4-3b6b-4fbd-a0d6-9be4ea7da8c0,Jessica Drew,Hasbro,Across the Spiderverse Part 1,2023,5010994181963,already_in_app_same_url,wave_or_year_conflict,mlc-jessica-drew,Jessica Drew (2023) [Spider-Woman] 2023
mephitsu:marvel-legends:cc7ab117-3139-4899-91ed-d9dabe109933,Jessica Drew Spider-Woman,Hasbro,Spider-Man Legends Wave 2023,2023,5010994181291,already_in_app_same_url,no_catalog_figure,,
mephitsu:marvel-legends:1d9be903-5837-4f89-8e3f-0210867743fc,Jessica Jones,Hasbro,Man-Thing BAF Wave,2017,,already_in_app_same_url,no_catalog_figure,,
mephitsu:marvel-legends:75e78594-3a25-409e-8136-2b931a844ab8,Jessica Jones,Hasbro,"SDCC, Rail Authority Set",2018,630509526468,already_in_app_same_url,wave_or_year_conflict,d14ml-jj-nf,Jessica Jones (2018) [Netflix] 2019
mephitsu:marvel-legends:b1406601-c221-457a-b62c-080399d11554,Jessica Jones,Hasbro,"Amazon, The Defenders",2018,,already_in_app_same_url,wave_or_year_conflict,d14ml-jj-nf,Jessica Jones (2018) [Netflix] 2019
mephitsu:marvel-legends:b3538e57-6b32-48f7-a8bf-c8188b730e25,Jessica Jones,Hasbro,Daredevil: Born Again,2026,5010996449368,already_in_app_same_url,no_catalog_figure,,
mephitsu:marvel-legends:1a1893fb-6ad1-4268-a2e0-e15920d97682,Jigsaw,Hasbro,Walgreens (US) / Fan Channel,2022,5010993943708,already_in_app_same_url,no_catalog_figure,,
mephitsu:marvel-legends:5d14306b-c308-4865-9e08-f367096be360,Jocasta,Hasbro,Joe Fixit BAF Wave,2020,,already_in_app_same_url,no_catalog_figure,,
mephitsu:marvel-legends:bf46310f-d9ed-4633-8a16-51d26cf92c62,Joe Fixit,Hasbro,Walmart (US),2023,5010993734177,already_in_app_same_url,no_catalog_figure,,
mephitsu:marvel-legends:d5dcaadd-ea4c-4e77-824a-a5545f3ee857,Joe Fixit,Hasbro,Wolverine 50th Anniversary (Fan Channel),2024,5010996173775,already_in_app_same_url,no_catalog_figure,,
mephitsu:marvel-legends:2b62a3e3-a279-46fc-af74-4033ce057b52,Joe Fixit Hulk,Hasbro,Joe Fixit BAF Wave,2020,5010993734184,replaces_existing,no_catalog_figure,,
mephitsu:marvel-legends:40c60dfd-bf55-4f9f-9f65-250a68f3173b,John F Walker,Hasbro,Special,2021,5010996324702,already_in_app_same_url,no_catalog_figure,,
mephitsu:marvel-legends:c03ef60c-eb84-4cce-97d3-1919653b5ded,Johnny Storm,Hasbro,Fantastic Four: First Steps,2025,,already_in_app_same_url,no_catalog_figure,,
mephitsu:marvel-legends:cdd816c1-9e37-4be8-8b57-8ba3ac61ac5c,Johnny Storm,Hasbro,Avengers: Doomsday Walmart (US) / Fan Channel (UK),2026,5010996282989,already_in_app_same_url,no_catalog_figure,,
mephitsu:marvel-legends:6d866598-89ab-45c4-850c-12798af0d05d,"Johnny Storm, The Human Torch",Hasbro,Fantastic Four Special,2021,,already_in_app_same_url,no_catalog_figure,,
mephitsu:marvel-legends:04ecc66a-33f7-4a48-98cf-7ea9062ed2c9,Jubilee,Hasbro,X-Men 60th Anniversary,2023,5010994188092,already_in_app_same_url,wave_or_year_conflict,ml5-ml-jubilee-90s,Jubilee (2023) [90s Animated] 2023
mephitsu:marvel-legends:59793bf7-cfe4-4937-ba79-d297e25e50b9,Jubilee,Hasbro,X-Men Animated VHS Series,2022,,already_in_app_same_url,wave_or_year_conflict,ml2-jubilee-aes,Jubilee (2022) [Astonishing] 2021
mephitsu:marvel-legends:7e724043-ef31-46be-acac-e204704666a5,Jubilee,Hasbro,Caliban BAF Wave,2019,,already_in_app_same_url,wave_or_year_conflict,mlc-jubilee,Jubilee (2019) [X-Men] 2020
mephitsu:marvel-legends:d0e49d1c-1920-44e3-b03c-ec46f6dd95ea,Jubilee,Hasbro,Jubilee BAF Wave,2014,,replaces_existing,no_catalog_figure,,
mephitsu:marvel-legends:d632d2df-431d-40d6-be3e-3acc08d0704b,Juggernaught,Hasbro,Juggernaught BAF Wave,2016,,replaces_existing,no_catalog_figure,,
mephitsu:marvel-legends:0159ba50-ef0a-41b2-998e-cca52058c36e,Juggernaut,Hasbro,Amazon / Fan Channel Marvel vs Capcom,2025,5010996325341,already_in_app_same_url,wave_or_year_conflict,ml4-juggernaut-classic,Juggernaut (2025) [Classic] 2026
mephitsu:marvel-legends:10ca8128-e20d-484b-b89b-611a690105f4,Juggernaut,Hasbro,Blob BAF Wave,2007,653569219743,already_in_app_same_url,no_catalog_figure,,
mephitsu:marvel-legends:177d1730-9e36-4707-a0b4-4d52a4ab13c9,Juggernaut,Hasbro,80th Anniversary,2019,630509847433,already_in_app_same_url,wave_or_year_conflict,d14ml-juggernaut-baf,Juggernaut (2019) [Build-A-Figure] 2019
mephitsu:marvel-legends:160e841b-3e07-4e8d-84d3-1bed18a277a1,Justice,Hasbro,Fan Channel The Void BAF Wave,2024,,already_in_app_same_url,no_catalog_figure,,
mephitsu:marvel-legends:9e009767-2675-49ee-b156-36b79accac4c,Ka-Za,Hasbro,Fan Channel Zabu BAF Wave,2024,5010996222435,already_in_app_same_url,no_catalog_figure,,
mephitsu:marvel-legends:997fd88d-fb5d-46c9-8485-49b6c84f05b6,Ka-Zar,Hasbro,SDCC Savage Land 3-Pack,2008,,already_in_app_same_url,no_catalog_figure,,
mephitsu:marvel-legends:4b061a0a-6f54-4ead-a194-cdd87a8e93a7,Kaine,Hasbro,Retro Spider-Man Wave,2025,5010996282736,already_in_app_same_url,wave_or_year_conflict,lv-hasbro-marvel-legends-kaine-spider-man-retro-collection-5-2025,Kaine (2025) [Spider-Man: Retro Collection 5] 2025
mephitsu:marvel-legends:9f8c4989-976b-4260-a608-f267ce1869a4,Kang,Hasbro,Joe Fixit BAF Wave,2020,,already_in_app_same_url,no_catalog_figure,,
mephitsu:marvel-legends:c5ea3fc0-000d-4cd7-b096-7978527db761,Kang,Hasbro,Walmart Ares BAF Wave,2008,,already_in_app_same_url,no_catalog_figure,,
mephitsu:marvel-legends:21f863bf-b5b6-43fd-9a5d-1bbb2cb12cc7,Kang the Conqueror,Hasbro,Hasbro Pulse Con 2024,2024,5010994180072,already_in_app_same_url,no_catalog_figure,,
mephitsu:marvel-legends:8344c178-438e-4e44-bd3b-95346c82d791,Kang the Conqueror,Hasbro,Cassie Lang BAF Wave,2023,,already_in_app_same_url,no_catalog_figure,,
mephitsu:marvel-legends:5c3bab13-e385-4196-8bf1-8e82477f56db,Karl Mordo,Hasbro,Dormammu BAF Wave,2016,630509425372,already_in_app_same_url,no_catalog_figure,,
mephitsu:marvel-legends:a288c180-1b49-4e68-8d7b-8019d51912c4,Karnak,Hasbro,Totally Awesome Hulk BAF Wave,2023,,already_in_app_same_url,no_catalog_figure,,
mephitsu:marvel-legends:076ce5f3-85c1-40e0-9692-dea944b300fd,Kate Bishop,Hasbro,"Disney+ Wave, Infinity Ultron BAF",2022,5010994134679,already_in_app_same_url,no_catalog_figure,,
mephitsu:marvel-legends:24fbd833-df9d-4ea1-a9a3-026fb54d3f9c,Kate Bishop Hawkeye,Hasbro,Target,2016,,already_in_app_same_url,no_catalog_figure,,
mephitsu:marvel-legends:5644de07-d61a-47ee-b267-470cd646e646,Katy,Hasbro,Target (US),2021,,already_in_app_same_url,no_catalog_figure,,
mephitsu:marvel-legends:d02f818c-0a8d-4852-ac8f-d7e208c4ca93,Khonshu,Hasbro,"Disney+ Wave, Khonshu BAF",2022,,replaces_existing,no_catalog_figure,,
mephitsu:marvel-legends:9dc955fd-aae8-439a-9c26-5fcf2b1a1cf2,Kid Nova,Hasbro,Titus BAF Wave,2017,,already_in_app_same_url,no_catalog_figure,,
mephitsu:marvel-legends:c9edd18d-8432-406d-aa7d-b9c08041d124,Kid Omega,Hasbro,Ch'od BAF Wave,2023,5010994181093,already_in_app_same_url,wave_or_year_conflict,d14ml-kid-omega,Kid Omega (2023) [X-Men] 2023
mephitsu:marvel-legends:a0cf45d3-ba44-46d1-a32e-15abce11b439,Killmonger,Hasbro,Okoye BAF Wave,2018,,already_in_app_same_url,no_catalog_figure,,
mephitsu:marvel-legends:c080cf00-3255-4612-ba95-09d9f207c01f,Killmonger,Hasbro,Amazon,2023,5010994181864,already_in_app_same_url,no_catalog_figure,,
mephitsu:marvel-legends:50343e25-12d5-49e3-bb85-e49d7a1b3610,"Killmonger, Tactical Suit",Hasbro,M'Baku BAF Wave,2019,,already_in_app_same_url,no_catalog_figure,,
mephitsu:marvel-legends:232a1910-f61f-4acb-81ae-b975bd18b5d7,"Killmonger, unmasked",Hasbro,Black Panther Multi-Pack,2018,,already_in_app_same_url,no_catalog_figure,,
mephitsu:marvel-legends:f4ba7706-124c-4c16-a9fc-639d3bbff795,King Hulk,Hasbro,Fin Fang Foom BAF Wave,2008,630509284375,already_in_app_same_url,no_catalog_figure,,
mephitsu:marvel-legends:99a14a0c-a9fd-4e7e-a440-64d04f51fb72,King T'Chaka,Hasbro,M'Baku BAF Wave,2019,,already_in_app_same_url,no_catalog_figure,,
mephitsu:marvel-legends:658f293f-1b5c-49e3-9cf0-4baeb6bfa19b,King Valkyrie,Hasbro,Korg BAF,2022,630509584031,already_in_app_same_url,no_catalog_figure,,
mephitsu:marvel-legends:dfbdb747-099e-4ca7-a224-4992398d4cb7,Kingo,Hasbro,Gilgamesh BAF Wave,2021,,already_in_app_same_url,wave_or_year_conflict,mlc-kingo,Kingo (2021) [Eternals] 2022
mephitsu:marvel-legends:1aa57776-f2ad-47c2-aae1-044fe0c05b81,Kingpin,Hasbro,Disney+ Hydra Stomper BAF Wave,2023,,already_in_app_same_url,wave_or_year_conflict,ml3-ml-kingpin-baf,Kingpin (2023) [BAF] 2022
mephitsu:marvel-legends:f3df3ff3-b36b-40e9-ae6c-672159953bdd,Kingpin,Hasbro,Amazon,2025,5010993731718,already_in_app_same_url,wave_or_year_conflict,ml5-ml-kingpin,Kingpin (2025) [Spider-Man] 2025
mephitsu:marvel-legends:c83465e1-5d03-4f68-aaa8-af313624e099,Kitty Pride,Hasbro,X-Men Two Pack,2026,630509448791,already_in_app_same_url,no_catalog_figure,,
mephitsu:marvel-legends:b8168811-492e-4bc9-945c-d3af3b86e2b7,Kitty Pryde,Hasbro,Juggernaught BAF Wave,2016,,already_in_app_same_url,no_catalog_figure,,
mephitsu:marvel-legends:cd15a56d-90a2-4234-b3a2-17912f3e04cc,Kitty Pryde,Hasbro,Marvel Unlimited Subscription,2021,,already_in_app_same_url,no_catalog_figure,,
mephitsu:marvel-legends:7d32e375-9ceb-4e4d-a385-3cc67d6a7c67,Klaw,Hasbro,Toys R Us,2018,,already_in_app_same_url,no_catalog_figure,,
mephitsu:marvel-legends:e50874d6-fb6d-4f5f-94f6-d035c241af06,Klaw,Hasbro,Terrrax BAF Wave,2012,653569690450,already_in_app_same_url,no_catalog_figure,,
mephitsu:marvel-legends:5a557168-aa62-4f0c-bc0a-592d1d6cf24d,Knight-Spider,Hasbro,Marvel Unlimited Subscription,2024,,already_in_app_same_url,no_catalog_figure,,
mephitsu:marvel-legends:6693ca93-4031-4378-b779-5dbb71c410e6,Knull,Hasbro,"King in Black Box Set, Spider-Man 60th Anniversary",2022,,already_in_app_same_url,wave_or_year_conflict,ml3-ml-knull-baf,Knull (2022) [BAF] 2022
mephitsu:marvel-legends:5c1f7f39-5c9d-438f-8e33-a2f30f9316ef,Korg,Hasbro,Korg BAF,2022,630509833511,replaces_existing,no_catalog_figure,,
mephitsu:marvel-legends:9b6f6cd9-4781-407d-aced-b7aca55f9e9a,Korg,Hasbro,80th Anniversary,2019,,already_in_app_same_url,no_catalog_figure,,
mephitsu:marvel-legends:63c3c4c2-cbd5-4cf0-b1cc-11045b10e725,Kraven,Hasbro,Rhino BAF Wave,2015,,already_in_app_same_url,no_catalog_figure,,
mephitsu:marvel-legends:d8555c48-f307-453d-aad8-517038e9cb81,Kraven,Hasbro,Target,2019,630509318278,already_in_app_same_url,no_catalog_figure,,
mephitsu:marvel-legends:baf1e7ac-348b-42f9-8cac-4763244574bb,Kraven The Hunter,Hasbro,Walmart (US) / Fan Channel,2023,5010994181819,already_in_app_same_url,no_catalog_figure,,
mephitsu:marvel-legends:2f55df28-90dd-4636-b485-6b5b1bc4ef16,Kree Sentry,Hasbro,Kree Sentry BAF Wave,2019,630509775484,replaces_existing,no_catalog_figure,,
mephitsu:marvel-legends:55dc3c4f-405b-4ca6-9d65-9aab07463831,Kree Soldier,Hasbro,Alien Armies,2009,,already_in_app_same_url,no_catalog_figure,,
mephitsu:marvel-legends:0629d6f6-d660-4351-93b5-3c276b21d2a2,Kro,Hasbro,Special,2021,5010993749713,already_in_app_same_url,no_catalog_figure,,
mephitsu:marvel-legends:2b833863-af14-47bd-ae11-24a8aae187c4,Lady Bullseye,Hasbro,The Mindless One BAF Wave,2023,,already_in_app_same_url,no_catalog_figure,,
mephitsu:marvel-legends:2adc8614-ffb1-4961-8730-58b491f30f3c,Lady Deadpool,Hasbro,Sauron BAF Wave,2018,,already_in_app_same_url,no_catalog_figure,,
mephitsu:marvel-legends:4e6c1eff-dbc0-43ac-aa80-2e689842d46d,Lady Deadpool,Hasbro,Box Build-a-Figure Wave,2026,630509632039,already_in_app_same_url,no_catalog_figure,,
mephitsu:marvel-legends:a1c3de9c-e5b1-4352-9827-628448639101,Lady Deathstrike,Hasbro,Xemnu BAF Wave,2021,,already_in_app_same_url,no_catalog_figure,,
mephitsu:marvel-legends:6804a6aa-e300-4f53-9cbb-a7d0c36f230b,Lasher,Hasbro,Lizard BAF Wave,2018,,already_in_app_same_url,wave_or_year_conflict,d14ml-lasher-d,Lasher (2018) [Symbiote] 2020
mephitsu:marvel-legends:0207779f-fc27-44f1-9fab-7923b379b37b,Last Stand Spider-Man,Hasbro,Fan Channel Spider-Man Retro,2024,5010996197030,already_in_app_same_url,wave_or_year_conflict,lv-hasbro-marvel-legends-spider-man-last-stand-spider-man-retro-collection-4-2024,Spider-Man (Last Stand) (2024) [Spider-Man: Retro Collection 4] 2024
mephitsu:marvel-legends:dd20f942-ccfc-4252-9368-95b67d1b9aa3,Lilandra Neramani,Hasbro,Wolverine 50th Anniversary (Fan Channel),2024,,already_in_app_same_url,no_catalog_figure,,
mephitsu:marvel-legends:45918eed-9d15-4b34-b58d-8d08d98664cb,Lilith,Hasbro,"Blackheart BAF Wave, Amazon / Fan Channel",2024,,already_in_app_same_url,no_catalog_figure,,
mephitsu:marvel-legends:9fe2f190-85ec-4e3b-ba33-42412084e542,Living Lazer,Hasbro,Armoured Thanos BAF Wave,2019,,already_in_app_same_url,no_catalog_figure,,
mephitsu:marvel-legends:59ace79e-665e-4fb5-992f-e06d6f2ca18c,Lizard,Hasbro,SDCC 2026,2026,,already_in_app_same_url,no_catalog_figure,,
mephitsu:marvel-legends:5f7190ed-bbd2-422d-9112-a28d50f7c7a5,Lizard,Hasbro,Retro Carded Re-Release,2027,F3461,already_in_app_same_url,no_catalog_figure,,
mephitsu:marvel-legends:8409951f-57e7-482f-be3b-e1a5e0c2c8a5,Lizard,Hasbro,Lizard BAF Wave,2018,,replaces_existing,no_catalog_figure,,
mephitsu:marvel-legends:aa9bab96-b8f7-458c-8850-1061136bb15a,Lizard,Hasbro,"Walmart & Fan Channel, Spider-Man Retro 2022",2022,,already_in_app_same_url,wave_or_year_conflict,d14ml-lizard-baf;ml3-ml-lizard-baf,The Lizard (2022) [No Way Home BAF] 2022 | Lizard (2022) [BAF] 2021
mephitsu:marvel-legends:e41b9177-48f3-4f82-97b9-254c5a98e921,Lizard,Hasbro,Amazon,2025,,already_in_app_same_url,wave_or_year_conflict,mlc-lizard-nwh,The Lizard (2025) [No Way Home] 2025
mephitsu:marvel-legends:f25ca92d-9758-409c-9a85-57290d1c35fb,Lizard,Hasbro,Amazon,2026,,already_in_app_same_url,no_catalog_figure,,
mephitsu:marvel-legends:22364130-880a-43bb-873e-b18ba801b608,Lockjaw,Hasbro,Amazon,2024,,already_in_app_same_url,no_catalog_figure,,
mephitsu:marvel-legends:7780b30f-e19f-4157-b2db-a4336f6f9a52,Logan,Hasbro,"Was SDCC 2020, now Hasbro Pulse",2020,5010993647262,already_in_app_same_url,no_catalog_figure,,
mephitsu:marvel-legends:e444cfd5-82c1-43b6-b938-ee6fddcd07c1,Logan,Hasbro,X-Men '97 Wave 3,2025,5010996327659,already_in_app_same_url,no_catalog_figure,,
mephitsu:marvel-legends:e745fe61-76db-45bc-8992-032658ecb180,Logan,Hasbro,Wolverine 5-Pack,2021,94570000,already_in_app_same_url,no_catalog_figure,,
mephitsu:marvel-legends:fd5bfd1c-066a-45af-bb14-5a6157d17b5e,Logan 'WW2',Hasbro,Executioner BAF Wave,2025,,already_in_app_same_url,no_catalog_figure,,
mephitsu:marvel-legends:09f54c0f-3675-4a24-a813-dd59cf44b5ec,Loki,Hasbro,"Toys R Us, A-Force",2017,,already_in_app_same_url,no_catalog_figure,,
mephitsu:marvel-legends:1c506ba8-7c4f-4686-9d37-e1a58ae9d26c,Loki,Hasbro,"Euro ""Best Of"" Hulkbuster BAF Wave",2016,,already_in_app_same_url,no_catalog_figure,,
mephitsu:marvel-legends:2469e930-5538-4279-a768-753d7786f9cd,Loki,Hasbro,Avengers,2012,,already_in_app_same_url,no_catalog_figure,,
mephitsu:marvel-legends:256d984b-4f23-4011-94c2-cae703859f1a,Loki,Hasbro,"""Best of"" MCU Gladiator Hulk WaveMCU",2018,653569693932,already_in_app_same_url,wave_or_year_conflict,mlc-loki-classic,Loki (2018) [Classic] 2018
mephitsu:marvel-legends:5c67919a-db9a-48d9-bafc-6c52c1fbea91,Loki,Hasbro,Toybiz Retro 2022,2022,5010993986088,already_in_app_same_url,no_catalog_figure,,
mephitsu:marvel-legends:67c194e0-536a-4d35-ba14-08ab5cd791ef,Loki,Hasbro,Smart Hulk BAF Wave,2019,,already_in_app_same_url,no_catalog_figure,,
mephitsu:marvel-legends:8711f5bb-b20c-418a-ba62-46df431498ea,Loki,Hasbro,"Disney+ Wave, Falcon Wings BAF",2021,5010993849017,already_in_app_same_url,wave_or_year_conflict,ml5-ml-loki-president,Loki (2021) [Retro Kenner 3.75] 2021
mephitsu:marvel-legends:a595423f-8117-4ad7-b603-e810f87a487d,Loki,Hasbro,Gladiator Hulk BAF Wave,2017,,already_in_app_same_url,no_catalog_figure,,
mephitsu:marvel-legends:eab50381-a2cf-4532-81bf-67e2f8f63e85,Loki,Hasbro,Walmart,2019,,already_in_app_same_url,no_catalog_figure,,
mephitsu:marvel-legends:fdc0bf0c-67dc-436c-b4fd-0a815bf915da,Loki (withTesseract),Hasbro,Special,2022,,already_in_app_same_url,no_catalog_figure,,
mephitsu:marvel-legends:ca191163-9719-4d98-a203-c82ac9b7fe8f,"Loki, Agent of Asgard",Hasbro,Toybiz Retro 2022,2022,5010993987528,already_in_app_same_url,no_catalog_figure,,
mephitsu:marvel-legends:3aa1ebc6-3277-43ba-9030-2b0015fb6782,Longshot,Hasbro,Summer Convention Exclusive,2022,,already_in_app_same_url,no_catalog_figure,,
mephitsu:marvel-legends:9d68313f-48b6-49dd-9c36-ce4f2f02bbc9,Longshot,Hasbro,X-Men Retro Wave 2,2022,5010994140595,already_in_app_same_url,no_catalog_figure,,
mephitsu:marvel-legends:bcd9c834-e707-4759-b44f-d3ef5dfdbd4b,Luis,Hasbro,80th Anniversary,2019,630509833535,already_in_app_same_url,no_catalog_figure,,
mephitsu:marvel-legends:42c48fc8-b670-479b-b88a-bb3c3824151f,Luke Cage,Hasbro,"SDCC, Rail Authority Set",2018,,already_in_app_same_url,no_catalog_figure,,
mephitsu:marvel-legends:9f02dd88-130a-49e7-88d7-bfc6b8d6a34c,Luke Cage,Hasbro,Walmart,2018,,already_in_app_same_url,no_catalog_figure,,
mephitsu:marvel-legends:b62234ca-8301-4c98-898f-4efcf4bf3391,Luke Cage,Hasbro,"Amazon, The Defenders",2018,,already_in_app_same_url,no_catalog_figure,,
mephitsu:marvel-legends:bfa6b012-a6d3-4459-a745-7c97b72988cc,Luke Cage,Hasbro,Marvel 85th Anniversary,2024,630509712212,replaces_existing,wave_or_year_conflict,ml4-luke-cage-hero,Luke Cage (2024) [Hero for Hire] 2024
mephitsu:marvel-legends:f7cd38ab-988e-4f82-8531-044f860693cc,Luke Cage,Hasbro,Thunderbolts SDCC Exclusive,2013,,already_in_app_same_url,no_catalog_figure,,
mephitsu:marvel-legends:8709fa6e-2df7-4bcc-b30f-84ffbaecd498,Luke Cage Power Man,Hasbro,The Mindless One BAF Wave,2023,5010996166722,already_in_app_same_url,no_catalog_figure,,
mephitsu:marvel-legends:c4d440f7-c939-4ea1-9d19-c21bfcc20f8d,Luna Snow,Hasbro,Marvel Rivals,2026,5010996411242,replaces_existing,no_catalog_figure,,
mephitsu:marvel-legends:61d18ff1-eef4-480e-86ed-bc035082c363,M'Baku,Hasbro,M'Baku BAF Wave,2019,,replaces_existing,no_catalog_figure,,
mephitsu:marvel-legends:658a0bbb-8a81-4942-bece-236ba464dfd8,M'Baku,Hasbro,Target (US) / Fan Channel,2022,,already_in_app_same_url,no_catalog_figure,,
mephitsu:marvel-legends:598dd19f-77b8-416e-9969-33b04d98fdc7,M.O.D.O.K.,Hasbro,Deluxe,2021,,already_in_app_same_url,no_catalog_figure,,
mephitsu:marvel-legends:f5816e80-5cf2-4e9e-85c6-bafa2c8d9089,M.O.D.O.K.,Hasbro,Hasbro Pulse Con,2021,,already_in_app_same_url,no_catalog_figure,,
mephitsu:marvel-legends:6d45e479-b6d1-4917-9f6f-2838242b6d0c,Mach-I,Hasbro,Abomination BAF Wave,2020,,already_in_app_same_url,no_catalog_figure,,
mephitsu:marvel-legends:f4aa2c20-7fa1-4bf0-8cf2-76b77a4235be,Machine Man,Hasbro,The Allfatther BAF Wave,2015,630509273928,already_in_app_same_url,no_catalog_figure,,
mephitsu:marvel-legends:d53d0e83-57a1-43dd-85fa-894e2254159d,Madame Hydra,Hasbro,The Controller BAF,2022,5010993942657,already_in_app_same_url,no_catalog_figure,,
mephitsu:marvel-legends:00d65f63-f6b5-4b28-b793-fa87e33a1b50,Madame Masque,Hasbro,Amazon,2025,653569704874,already_in_app_same_url,no_catalog_figure,,
mephitsu:marvel-legends:d5e842bd-7977-4a65-9a5f-6439b179386d,Madame Masque,Hasbro,Arnim Zola BAF Wave,2012,,already_in_app_same_url,no_catalog_figure,,
mephitsu:marvel-legends:2024082c-c154-4534-80a0-f7984821de1f,Maestro,Hasbro,Deluxe,2021,5010993839834,already_in_app_same_url,wave_or_year_conflict,ml2-hulk-maestro,Maestro (2021) [Future Imperfect] 2022
mephitsu:marvel-legends:333376a6-12d3-4082-b82b-55e4e47858ff,Maggott,Hasbro,Bonebreaker BAF,2022,,already_in_app_same_url,no_catalog_figure,,
mephitsu:marvel-legends:369cac70-6a64-46b2-ad2d-c651978958b2,Magik,Hasbro,US Re-Release,2024,630509734818,already_in_app_same_url,no_catalog_figure,,
mephitsu:marvel-legends:5b0a6242-3e7b-4401-a081-be7715828ebd,Magik,Hasbro,"SDCC, Book of Vishanti",2015,,replaces_existing,no_catalog_figure,,
mephitsu:marvel-legends:6d74b037-b6e6-4b15-a55f-428921d562be,Magik,Hasbro,Secret Wars Wave 2,2026,5010996355737,already_in_app_same_url,wave_or_year_conflict,mlc-magik-limbo,Magik (2026) [Limbo] 2026
mephitsu:marvel-legends:08b8799b-233c-46a1-8a62-95629574aa7d,Magneto,Hasbro,Avengers: Doomsday Amazon,2026,5010996201959,already_in_app_same_url,no_catalog_figure,,
mephitsu:marvel-legends:1d4a95c9-b067-41b7-a7e0-9f8dbc559c24,Magneto,Hasbro,Jubilee BAF Wave,2014,,already_in_app_same_url,no_catalog_figure,,
mephitsu:marvel-legends:7a6b5b3b-3377-4145-a403-935c38893cb8,Magneto,Hasbro,House of X Wave,2021,5010993722082,already_in_app_same_url,wave_or_year_conflict,ml2-magneto-aes,Magneto (2021) [Astonishing] 2021
mephitsu:marvel-legends:864cde7d-b33c-4e6a-92e4-39067c40d0fb,Magneto,Hasbro,"80th Anniversary, Amazon, Family Matters",2019,,already_in_app_same_url,no_catalog_figure,,
mephitsu:marvel-legends:c62ed7cf-13f1-467f-8d43-9751a4e45cfc,Magneto,Hasbro,X-Men '97 Wave 1,2023,5010993842612,already_in_app_same_url,no_catalog_figure,,
mephitsu:marvel-legends:cf47f3cb-70fa-4726-a093-3cf942744738,Magneto,Hasbro,Apocalypse BAF Wave,2018,,already_in_app_same_url,no_catalog_figure,,
mephitsu:marvel-legends:d02cbc15-f321-4d22-9e0c-caf0820e96f2,Magneto,Hasbro,20th Anniversary,2020,,already_in_app_same_url,wave_or_year_conflict,ml3-ml-magneto-aoa,Magneto (2020) [AOA BAF Wave] 2020
mephitsu:marvel-legends:d4606076-e542-419d-92d3-c6339de519fe,Magneto,Hasbro,Age of Apocalypse Wave 2,2021,630509242580,already_in_app_same_url,wave_or_year_conflict,ml2-magneto-aes,Magneto (2021) [Astonishing] 2021
mephitsu:marvel-legends:f5fef7af-43b4-451c-9f17-4647b64d2acd,Makkari,Hasbro,Gilgamesh BAF Wave,2021,,already_in_app_same_url,wave_or_year_conflict,mlc-makkari,Makkari (2021) [Eternals] 2022
mephitsu:marvel-legends:2da0f0c6-3c5c-4965-905f-44a999fa3320,Malekith,Hasbro,Cull Obsidian BAF Wave,2018,,already_in_app_same_url,no_catalog_figure,,
mephitsu:marvel-legends:7cae07f0-c73a-4295-931a-fd67a77610ec,Malekith,Hasbro,"SDCC, Battle for Asgard",2017,,already_in_app_same_url,no_catalog_figure,,
mephitsu:marvel-legends:f364e679-b7f5-47c2-b151-ccf94b8147cf,Malice (Sue Storm),Hasbro,Magic: The Gathering,2026,,already_in_app_same_url,no_catalog_figure,,
mephitsu:marvel-legends:0aaadaaf-69d3-4505-b0a5-d4f2f2a17dcc,Man-Thing,Hasbro,Deluxe Fan Channel,2024,5010996244307,already_in_app_same_url,no_catalog_figure,,
mephitsu:marvel-legends:fa6f5f5a-d822-4b14-a093-9df7de6b4445,Man-Thing,Hasbro,Man-Thing BAF Wave,2017,,replaces_existing,no_catalog_figure,,
mephitsu:marvel-legends:f9de11fa-0c46-4019-b9c5-b27ecc995ecc,Man-Wolf,Hasbro,Spider-Man x Magic The Gathering,2025,5010996323316,already_in_app_same_url,no_catalog_figure,,
mephitsu:marvel-legends:f7fe0b90-0db4-4295-bb00-32bae1801d10,Mandarin,Hasbro,Amazon,2025,,already_in_app_same_url,no_catalog_figure,,
mephitsu:marvel-legends:792c6d5d-87a1-43db-8d73-595817a25c01,Mandroid,Hasbro,Mandroid BAF Wave,2014,,replaces_existing,no_catalog_figure,,
mephitsu:marvel-legends:671f964f-297a-484c-bb39-7e0f9f8da5ee,Mania,Hasbro,Target (US) / Fan Channel,2023,,already_in_app_same_url,wave_or_year_conflict,d14ml-maniac-d,Mania (2023) [Symbiote] 2022
mephitsu:marvel-legends:e24926c8-a9dd-4584-ac43-d431b14ef0bb,Mantis,Hasbro,Mantis BAF Wave,2017,,replaces_existing,no_catalog_figure,,
mephitsu:marvel-legends:ff534da8-5b54-455b-9e42-ab0e0a34377e,Mantis,Hasbro,GOTG Vol. 3 Cosmo BAF Wave,2023,,already_in_app_same_url,wave_or_year_conflict,ml2-mantis-comic,Mantis (2023) [Comic] 2022
mephitsu:marvel-legends:b6068bf8-35f8-47bc-a356-38ca6803b161,Mar-Vell,Hasbro,Abomination BAF Wave,2020,630509401840,already_in_app_same_url,no_catalog_figure,,
mephitsu:marvel-legends:6fc01869-a5b2-4ee4-b03d-73b45be0472f,Maria Hill,Hasbro,S.H.I.E.L.D. Leaders,2009,,already_in_app_same_url,no_catalog_figure,,
mephitsu:marvel-legends:91661207-974e-4971-afc8-870bd7b2d444,Maria Hill,Hasbro,Toys R US,2015,,already_in_app_same_url,no_catalog_figure,,
mephitsu:marvel-legends:f69dd6cb-355f-4e2a-ae63-18f3b06f13d9,Marrina,Hasbro,Box Build-a-Figure Wave,2026,,already_in_app_same_url,no_catalog_figure,,
mephitsu:marvel-legends:c750bc4b-e93e-4465-b93b-7a6aab058200,Marvel Boy,Hasbro,Totally Awesome Hulk BAF Wave,2023,630509310944,already_in_app_same_url,wave_or_year_conflict,d14ml-marvel-boy,Marvel Boy (2023) [Young Avengers] 2022
mephitsu:marvel-legends:0fef4706-1479-4321-bb3e-8850fd47661d,Marvel Girl,Hasbro,Walmart,2007,653569858720,replaces_existing,no_catalog_figure,,
mephitsu:marvel-legends:2cabb4af-6c74-4a87-8342-06069fea2cd7,Marvel Girl,Hasbro,Brood Queen BAF Wave,2007,653569254270,already_in_app_same_url,no_catalog_figure,,
mephitsu:marvel-legends:ec6930ee-567f-4009-b172-8627f1d377f1,Marvel Girl,Hasbro,"Toys R Us, All New X-Men",2014,653569253587,already_in_app_same_url,no_catalog_figure,,
mephitsu:marvel-legends:fe7712f1-945b-46be-83b1-e73164942935,Marvel Girl (cosmic),Hasbro,Brood Queen BAF Wave,2007,,already_in_app_same_url,no_catalog_figure,,
mephitsu:marvel-legends:413ac6f8-1066-4f96-955e-3511c2947ff4,Mary Jane,Hasbro,Sandman BAF Wave,2007,71630509548026,already_in_app_same_url,no_catalog_figure,,
mephitsu:marvel-legends:5e80f775-09ea-4013-b39c-c67141efb423,Mary Jane,Hasbro,Toys R Us,2017,,already_in_app_same_url,no_catalog_figure,,
mephitsu:marvel-legends:087db247-efd7-4c5a-95e2-c27a4046fffa,Mary-Jane Spinneret,Hasbro,"Renew Your Vows Box Set, Spider-Man 60th Anniversary",2022,,already_in_app_same_url,no_catalog_figure,,
mephitsu:marvel-legends:1cc3100c-e6ae-4471-ac57-f219508eb2ea,Mary-Jane Watson,Hasbro,VHS Spider-Man,2023,630509548026,replaces_existing,no_catalog_figure,,
mephitsu:marvel-legends:84e0b9f6-c10b-4855-8025-8608f2ffe98d,Master Mordo,Hasbro,Rintrah BAF Wave,2022,5010993790999,already_in_app_same_url,no_catalog_figure,,
mephitsu:marvel-legends:418f2fc8-2a6b-41e3-9c54-7394b7cd44f0,Matt Murdock,Hasbro,No Way Home  Wave,2023,5010996146113,already_in_app_same_url,no_catalog_figure,,
mephitsu:marvel-legends:6a69a938-9a56-4932-8221-34ae439fc61a,Maverick,Hasbro,Strong Guy BAF Wave,2020,,already_in_app_same_url,no_catalog_figure,,
mephitsu:marvel-legends:0ddfdd00-470a-497f-95c4-279d5c97aea7,Medusa,Hasbro,Inhumans,2025,630509632107,replaces_existing,no_catalog_figure,,
mephitsu:marvel-legends:2fb413ab-5205-4766-9f9a-3e212db529a3,Medusa,Hasbro,"SDCC, The Thanos Imperative",2014,,already_in_app_same_url,no_catalog_figure,,
mephitsu:marvel-legends:d4c794bd-71ff-4c30-8710-f6462309c0af,Medusa,Hasbro,Walgreens,2017,,already_in_app_same_url,no_catalog_figure,,
mephitsu:marvel-legends:ef95fb3b-64c4-4055-b1fd-571c6c716747,Meggan,Hasbro,Hasbro Pulse,2022,,already_in_app_same_url,wave_or_year_conflict,mlc-meggan,Meggan (2022) [Excalibur] 2023
mephitsu:marvel-legends:69355756-6cc3-4e16-b6fd-369579126e64,Mephisto and Infernal Throne,Hasbro,Hasbro Pulse Ultra Deluxe,2026,,already_in_app_same_url,no_catalog_figure,,
mephitsu:marvel-legends:7eff4c5e-f055-4fa2-b49e-860cbb69320d,"Mighty Thor, Jane Foster",Hasbro,Korg BAF,2022,5010993964369,already_in_app_same_url,no_catalog_figure,,
mephitsu:marvel-legends:016373ea-52ef-4f46-930a-f4e9c395d7ae,Miles Morales,Hasbro,Across the Spiderverse Part 1,2023,5010996290946,already_in_app_same_url,no_catalog_figure,,
mephitsu:marvel-legends:05f0d67d-a346-4225-ace1-0afbe35bac39,Miles Morales,Hasbro,Space Knight Venom BAF Wave,2016,71630509402663,already_in_app_same_url,no_catalog_figure,,
mephitsu:marvel-legends:0c97dcef-a366-4576-b631-9fdd88d6a91c,Miles Morales,Hasbro,Across the Spiderverse Wave 2,2024,5010996237811,already_in_app_same_url,no_catalog_figure,,
mephitsu:marvel-legends:2d0ec689-95b6-46ac-82b2-62b66cd97463,Miles Morales,Hasbro,Venompool BAF Wave,2020,5010993844708,already_in_app_same_url,wave_or_year_conflict,d14ml-ml-gamerverse-miles,Miles Morales (2020) [Gamerverse] 2020
mephitsu:marvel-legends:f7fbc0e6-04aa-401b-a347-afaad7858d19,Miles Morales,Hasbro,Spider-Man Legends Wave 2023,2023,5010994181895,already_in_app_same_url,no_catalog_figure,,
mephitsu:marvel-legends:565ae93c-5ad0-41c9-9d10-265217b4f0e6,Miles Morales Prowler,Hasbro,Across the Spiderverse Wave 2,2024,5010996237873,already_in_app_same_url,no_catalog_figure,,
mephitsu:marvel-legends:02686129-00f0-42cb-b593-400d2e9c7694,Miles Morales Spider-Man,Hasbro,Armadillo BAF Wave,2021,630509402663,already_in_app_same_url,no_catalog_figure,,
mephitsu:marvel-legends:8ba2b8d4-9533-44bf-bcb5-06a51931148d,Miles Morales Spider-Man,Hasbro,Special,2023,5010996126153,already_in_app_same_url,no_catalog_figure,,
mephitsu:marvel-legends:b154b75d-b0bd-4016-b2f0-bceb796a9880,Miles Morales Spider-Man,Hasbro,Gamestop (US),2021,5010993842704,already_in_app_same_url,no_catalog_figure,,
mephitsu:marvel-legends:bfa0b7d2-432b-4d07-a8e6-4759e45892eb,Miles Morales Spider-Man,Hasbro,Comic Book Series 1,2025,5010994181246,already_in_app_same_url,no_catalog_figure,,
mephitsu:marvel-legends:e5dfb78a-819c-43f9-b345-d378eda3e6dd,Miles Morales Spider-Man,Hasbro,Stilt Man BAF Wave,2021,5010993786411,already_in_app_same_url,no_catalog_figure,,
mephitsu:marvel-legends:14998954-06b7-4cfc-ac09-c5cfe4f5216f,Miles Morales Spider-Man 'Upgraded Suit',Hasbro,Sony Spider-Man Gamerverse Wave,2025,5010996300508,already_in_app_same_url,no_catalog_figure,,
mephitsu:marvel-legends:8024b538-3f02-4482-9d12-25f06580d0b8,Miles Morales Spider-Man Boricua Suit,Hasbro,Sony Spider-Man Gamerverse Wave,2025,5010996300515,already_in_app_same_url,no_catalog_figure,,
mephitsu:marvel-legends:bbeb8c37-87c0-4e25-b08e-49b21c9193e9,Miles Morales Spider-Man Brooklyn 2099 Suit,Hasbro,Sony Spider-Man Gamerverse Wave,2025,5010996300546,already_in_app_same_url,no_catalog_figure,,
mephitsu:marvel-legends:7604b5a6-24cb-4bd1-bec6-df8c5f69b012,Mister Fantastic 'Future Foundation',Hasbro,Future Foundation,2026,,already_in_app_same_url,no_catalog_figure,,
mephitsu:marvel-legends:952c9351-a58c-42a1-bed8-ae783b13650e,Mister Fantastic and H.E.R.B.I.E.,Hasbro,Avengers: Doomsday Walmart (US) / Fan Channel (UK),2026,5010996282972,already_in_app_same_url,no_catalog_figure,,
mephitsu:marvel-legends:163ec148-937d-4d43-99ba-4c8d0ad5ee61,Mister Fantastic Reed Richards,Hasbro,Fantastic Four: First Steps,2025,,already_in_app_same_url,no_catalog_figure,,
mephitsu:marvel-legends:915a00e0-bcd4-46e3-853a-caa2c54aa07e,Misty Knight,Hasbro,Rhino BAF Wave,2015,71630509318308,already_in_app_same_url,no_catalog_figure,,
mephitsu:marvel-legends:e227e5f1-b936-4f39-9f71-f06f79882626,MJ,Hasbro,Target,2019,,already_in_app_same_url,no_catalog_figure,,
mephitsu:marvel-legends:246d6836-7cc7-42de-b5ca-d8e62807fe07,Mobius,Hasbro,Target (US),2021,5010993842841,already_in_app_same_url,wave_or_year_conflict,d14ml-ml-mobius,Mobius (2021) [Loki Series] 2021
mephitsu:marvel-legends:49c5ce47-2654-4641-8ae8-9c73300152db,Mockingbird,Hasbro,Red Onslaught BAF Wave,2016,,already_in_app_same_url,no_catalog_figure,,
mephitsu:marvel-legends:f64b58d6-06c1-40dd-9605-5078a16fda52,Mockingbird,Hasbro,"Amazon, West Coast Avengers",2023,,replaces_existing,no_catalog_figure,,
mephitsu:marvel-legends:c79c85d6-60b2-44d2-88ba-7721e0f00775,Modular Iron-Man,Hasbro,Ursa Major BAF Wave,2021,5010993790517,already_in_app_same_url,no_catalog_figure,,
mephitsu:marvel-legends:df2e8df6-3e9f-4ddd-858d-6155730d4c1d,Moira McTaggert,Hasbro,House of X Wave,2021,,already_in_app_same_url,no_catalog_figure,,
mephitsu:marvel-legends:79216b0b-a5a7-49ad-8afb-067d779c26a4,Mojo,Hasbro,Deluxe,2022,5010994164881,already_in_app_same_url,no_catalog_figure,,
mephitsu:marvel-legends:b9525580-428c-4bca-869f-0fd71ce88da7,Mojo,Hasbro,Summer Convention Exclusive,2022,,already_in_app_same_url,no_catalog_figure,,
mephitsu:marvel-legends:fdd53498-0a56-4d72-873a-2c4cab88f4ee,Mole Man,Hasbro,Ronan the Accuser BAF Wave,2007,,already_in_app_same_url,no_catalog_figure,,
mephitsu:marvel-legends:c4cdaa05-4965-455b-b5fd-2d478eb9c38c,Mole-Man & Moloids,Hasbro,Fan Channel,2026,5010996411228,already_in_app_same_url,no_catalog_figure,,
mephitsu:marvel-legends:50b2f238-2da2-4fae-a578-c87c3ed570b5,Molecule Man,Hasbro,Puff Adder BAF,2023,,already_in_app_same_url,no_catalog_figure,,
mephitsu:marvel-legends:0df30900-39bc-462c-9daa-6054848d500e,Molten Man,Hasbro,Amazon,2023,,already_in_app_same_url,no_catalog_figure,,
mephitsu:marvel-legends:688a1047-cdb9-4f6a-8f1b-d719de4a6eda,Molten Man,Hasbro,Molten Man BAF Wave,2019,,replaces_existing,no_catalog_figure,,
mephitsu:marvel-legends:18b93ee1-0a58-4ec7-85a1-9bbdc194f590,Monet St. Croix,Hasbro,Ch'od BAF Wave,2023,5010994181062,already_in_app_same_url,no_catalog_figure,,
mephitsu:marvel-legends:3d462802-41f7-4824-a52a-b401b08bb60e,Monica Rambeau,Hasbro,"Toys R Us, A-Force",2017,,already_in_app_same_url,no_catalog_figure,,
mephitsu:marvel-legends:99902b7e-9b91-4c58-899d-1082f46daa6f,Monica Rambeau Captain Marvel,Hasbro,The Avengers 60th Anniversary,2023,,already_in_app_same_url,no_catalog_figure,,
mephitsu:marvel-legends:30ef55d2-be38-4f7a-8931-48a664c84791,Monster Venom,Hasbro,Monster Venom BAF Wave,2018,21630509713585,replaces_existing,ambiguous_multiple_photos,d14ml-venom-classic-d,Venom (2018) [Monster Venom Wave] 2018
mephitsu:marvel-legends:63eb59c1-3a10-4da6-8b71-57f5de57600c,Monster Venom,Hasbro,Fan Channel,2020,630509713608,already_in_app_same_url,no_catalog_figure,,
mephitsu:marvel-legends:4d16a318-2067-4a6a-855a-0dbc98ac7b91,Moon Knight,Hasbro,Target (US) / Fan Channel,2023,5010993962662,already_in_app_same_url,wave_or_year_conflict,mlc-moonknight-classic,Moon Knight (2023) [Classic] 2023
mephitsu:marvel-legends:5c237b4b-9857-4335-b7e1-065961fbc00b,Moon Knight,Hasbro,Vulture Suit BAF Wave,2017,630509517411,already_in_app_same_url,no_catalog_figure,,
mephitsu:marvel-legends:abf8f1aa-eb6c-4b2d-a099-1f14b7efdd4b,Moon Knight,Hasbro,"Blackheart BAF Wave, Amazon / Fan Channel",2024,5010994182472,already_in_app_same_url,no_catalog_figure,,
mephitsu:marvel-legends:cb92391c-4dde-4268-9e03-8a04c6e3ad79,Moon Knight,Hasbro,Special,2023,5010996196804,already_in_app_same_url,wave_or_year_conflict,mlc-moonknight-classic,Moon Knight (2023) [Classic] 2023
mephitsu:marvel-legends:cdf0333a-b053-4ed0-8aa7-81598df789ef,Moon Knight,Hasbro,Marvel Rivals,2026,5010996411266,already_in_app_same_url,no_catalog_figure,,
mephitsu:marvel-legends:de5b0605-0a79-439b-9c34-ffe39067a29a,Moon Knight,Hasbro,Walgreens,2020,71630509517411,already_in_app_same_url,wave_or_year_conflict,d14ml-ml-retro-moonknight,Moon Knight (2020) [Retro Card] 2019
mephitsu:marvel-legends:e03ee66d-99ae-4de3-be57-75e964b359a2,Moon Knight,Hasbro,"Disney+ Wave, Infinity Ultron BAF",2022,5010994134686,already_in_app_same_url,no_catalog_figure,,
mephitsu:marvel-legends:563fa40f-3b0f-447a-ae65-b75e81ed95e8,Moondragon,Hasbro,Hasbro Pulse,2023,5010996145949,already_in_app_same_url,wave_or_year_conflict,ml3-ml-moondragon,Moondragon (2023) [BAF Wave] 2024
mephitsu:marvel-legends:6d9ca469-f4e6-4966-939a-d27d2df88bd7,Moonstone,Hasbro,Walgreens / Fan Channel,2022,5010994151959,already_in_app_same_url,no_catalog_figure,,
mephitsu:marvel-legends:dd9469f9-29ac-443a-80ce-65deaac1953b,Moonstone,Hasbro,Thunderbolts SDCC Exclusive,2013,,already_in_app_same_url,no_catalog_figure,,
mephitsu:marvel-legends:03004d06-5a80-4fa5-8af3-5a4d2ac5ae3c,Morbius,Hasbro,Walmart (US) / Fan Channel,2023,,already_in_app_same_url,wave_or_year_conflict,mlc-morbius-classic2,Morbius (2023) [Classic] 2023
mephitsu:marvel-legends:256d3017-98f1-4991-839f-391fb78fb720,Morbius,Hasbro,Hasbro Pulse,2024,5010996145994,already_in_app_same_url,no_catalog_figure,,
mephitsu:marvel-legends:6cb03cc5-59a7-407e-8a55-09c610d8004e,Morbius,Hasbro,Venompool BAF Wave,2020,,already_in_app_same_url,wave_or_year_conflict,mlc-morbius,Morbius (2020) [Living Vampire] 2020
mephitsu:marvel-legends:ba9afdde-0615-4727-91af-e3552ce65065,Morbius,Hasbro,Absorbing Man BAF Wave,2016,,already_in_app_same_url,no_catalog_figure,,
mephitsu:marvel-legends:0f2006ab-9cf2-4fb7-af03-ffde82d52481,Morg,Hasbro,HasLab,2022,,replaces_existing,no_catalog_figure,,
mephitsu:marvel-legends:39fa5ab1-5b87-410e-81c0-81817282f0dd,Morlun,Hasbro,Armadillo BAF Wave,2021,,already_in_app_same_url,no_catalog_figure,,
mephitsu:marvel-legends:4a411caa-159d-4bf9-bc9b-2b5c1e621735,Morph,Hasbro,X-Men Animated VHS Series,2022,,already_in_app_same_url,no_catalog_figure,,
mephitsu:marvel-legends:ce9b82ec-593d-4ebe-b46b-2c09ec712fe4,Morph,Hasbro,Sugar Man BAF Wave,2020,,already_in_app_same_url,no_catalog_figure,,
mephitsu:marvel-legends:8175f3f1-45e4-4c17-b3ad-b8f2d1428467,Mr Hyde,Hasbro,Mr Hyde BAF Wave,2021,5010993790494,replaces_existing,no_catalog_figure,,
mephitsu:marvel-legends:c105c748-31dc-44eb-9c56-7a787fb6a846,Mr Negative,Hasbro,Gamestop / Fan Channel,2022,,already_in_app_same_url,no_catalog_figure,,
mephitsu:marvel-legends:04508766-b006-4ca8-afa5-c0f2bc584a50,Mr. Fantastic,Hasbro,Ronan the Accuser BAF Wave,2007,5010993842520,already_in_app_same_url,no_catalog_figure,,
mephitsu:marvel-legends:806286a4-2f17-4bb6-8ccb-1049f9c3d519,Mr. Fantastic,Hasbro,Walgreens,2018,,already_in_app_same_url,no_catalog_figure,,
mephitsu:marvel-legends:8a451da9-d046-4326-9b95-816377d143ee,Mr. Fantastic,Hasbro,Super Skrull BAF Wave,2020,21630509631032,already_in_app_same_url,no_catalog_figure,,
mephitsu:marvel-legends:afc035f5-a8bd-42ef-9587-636dcf3fc751,Mr. Fantastic,Hasbro,2008 2-Pack Series,2008,653569340539,already_in_app_same_url,no_catalog_figure,,
mephitsu:marvel-legends:e032362b-b2d8-4b8e-8be0-ebc1d9ff73bd,Mr. Knight,Hasbro,"Disney+ Wave, Infinity Ultron BAF",2022,5010994134723,already_in_app_same_url,wave_or_year_conflict,ml2-moonknight-mrknight,Mr. Knight (2022) [Midnight Mission] 2022
mephitsu:marvel-legends:c34e905c-fd83-4ea8-bf9d-9841edc2ca63,Mr. Sinister,Hasbro,X-Men Animated VHS Series,2022,5010993954698,already_in_app_same_url,no_catalog_figure,,
mephitsu:marvel-legends:26335924-6c84-4d55-83c2-bcdc1750f37b,Ms. Marvel,Hasbro,Totally Awesome Hulk BAF Wave,2023,5010993978304,already_in_app_same_url,no_catalog_figure,,
mephitsu:marvel-legends:5e57bd30-14a1-49bc-aaa5-0258ae1ca678,Ms. Marvel,Hasbro,Sandman BAF Wave,2017,71630509490547,already_in_app_same_url,no_catalog_figure,,
mephitsu:marvel-legends:7d4f7879-0502-4ba2-a1f9-724e224df503,Ms. Marvel,Hasbro,Target,2014,,already_in_app_same_url,no_catalog_figure,,
mephitsu:marvel-legends:93b418c1-5d0e-4714-bc44-df1ae1ac1d28,Ms. Marvel,Hasbro,Marvel Unlimited Subscription,2020,5010993702794,replaces_existing,no_catalog_figure,,
mephitsu:marvel-legends:d61e5ed6-23d6-486b-b556-590ec73a5a8f,Ms. Marvel,Hasbro,Abomination BAF Wave,2020,630509490547,already_in_app_same_url,no_catalog_figure,,
mephitsu:marvel-legends:dbaa3be4-2dc1-4ab0-9fba-f0c88c304657,Ms. Marvel,Hasbro,"Disney+ Wave, Infinity Ultron BAF",2022,5010994134693,already_in_app_same_url,wave_or_year_conflict,mlc-ms-marvel,Ms. Marvel (2022) [Kamala Khan] 2022
mephitsu:marvel-legends:73c943b3-2ebb-498f-b49a-d4bd798225f6,Multiple Man,Hasbro,Apocalypse BAF Wave,2018,,already_in_app_same_url,no_catalog_figure,,
mephitsu:marvel-legends:a28ff962-cb23-4013-ad04-1b51ff029aaa,Multiple Man,Hasbro,X-Men Retro Wave 2,2022,5010994140632,already_in_app_same_url,no_catalog_figure,,
mephitsu:marvel-legends:08755ccb-2144-4835-8eca-010f30e5cc7d,Muse,Hasbro,Hasbro Pulse,2026,,already_in_app_same_url,no_catalog_figure,,
mephitsu:marvel-legends:40aa3480-9eda-4965-a4b1-af61ed95aff5,Mysterio,Hasbro,Retro 2020,2020,,already_in_app_same_url,no_catalog_figure,,
mephitsu:marvel-legends:7fe0168a-1aef-48d3-a186-30ac02402c5c,Mysterio,Hasbro,Walmart US / Fan Channel,2025,5010996323101,already_in_app_same_url,wave_or_year_conflict,ml5-ml-mysterio,Mysterio (2025) [Spider-Man] 2025
mephitsu:marvel-legends:9ed27569-fa59-4205-9bc1-06fc46c85531,Mysterio,Hasbro,Retro Carded Re-Release,2027,5010993723805,already_in_app_same_url,no_catalog_figure,,
mephitsu:marvel-legends:a9d925f1-b65b-40aa-bf0a-cddde83e790d,Mysterio,Hasbro,Molten Man BAF Wave,2019,,already_in_app_same_url,wave_or_year_conflict,mlc-mysterio-ffh,Mysterio (2019) [Far From Home] 2019
mephitsu:marvel-legends:85858b07-7b43-42d4-b22c-c3a564eec764,Mysterio (green head variant),Hasbro,Lizard BAF Wave,2018,,already_in_app_same_url,no_catalog_figure,,
mephitsu:marvel-legends:6ac2038d-9313-4d3a-8cbf-d9ffbbfd6d15,Mysterio (white head variant),Hasbro,Lizard BAF Wave,2018,,already_in_app_same_url,no_catalog_figure,,
mephitsu:marvel-legends:06d5c43f-8229-44f9-a271-bc6241cff429,Mystique,Hasbro,20th Anniversary,2020,,already_in_app_same_url,no_catalog_figure,,
mephitsu:marvel-legends:0bb91174-825b-45ff-8e15-b24f80ac2de7,Mystique,Hasbro,X-Men Animated VHS Series,2022,653569775881,already_in_app_same_url,wave_or_year_conflict,ml2-mystique-aes,Mystique (2022) [Astonishing] 2022
mephitsu:marvel-legends:773f635e-1572-43a2-9a34-7794a402965a,Mystique,Hasbro,Target (US) / Fan Channel,2025,630509772599,already_in_app_same_url,wave_or_year_conflict,ml4-mystique-classic,Mystique (2025) [Brotherhood] 2026
mephitsu:marvel-legends:9dfbe85d-4aaf-44d0-b1ce-48a9400d6cdc,Mystique,Hasbro,Walmart,2019,,already_in_app_same_url,wave_or_year_conflict,mlc-mystique-movie,Mystique (2019) [X-Men Movie] 2019
mephitsu:marvel-legends:e40bf367-9e0e-4fc9-9089-b560507b4e1d,Mystique,Hasbro,Epic Heroes,2013,5010996322975,already_in_app_same_url,no_catalog_figure,,
mephitsu:marvel-legends:3b81f3a8-8192-4545-b4c7-283bcd677ce4,Nakia,Hasbro,Okoye BAF Wave,2018,,already_in_app_same_url,wave_or_year_conflict,d14ml-nakia,Nakia (2018) [Black Panther] 2018
mephitsu:marvel-legends:ebbd277e-fb5a-4b1c-8959-267c54847f83,Nakia,Hasbro,Attuma BAF,2022,5010994104900,already_in_app_same_url,no_catalog_figure,,
mephitsu:marvel-legends:f439cc8a-5e65-49ed-a719-9cc4d8f3dea8,Nakia,Hasbro,"Marvel Studios Legacy Collection, Series 1",2022,,already_in_app_same_url,no_catalog_figure,,
mephitsu:marvel-legends:04963c30-3a21-486f-9d63-2b544d366b52,Namor,Hasbro,Ronan the Accuser BAF Wave,2007,,already_in_app_same_url,no_catalog_figure,,
mephitsu:marvel-legends:0b4e10b2-ee57-4422-927a-699317dcb503,Namor,Hasbro,Walgreens,2016,,already_in_app_same_url,no_catalog_figure,,
mephitsu:marvel-legends:1c061b30-abbf-4b50-b25b-4f8046830ac5,Namor,Hasbro,Okoye BAF Wave,2018,,already_in_app_same_url,no_catalog_figure,,
mephitsu:marvel-legends:3374d4e1-f89e-49eb-885c-4bef74a5acac,Namor,Hasbro,Attuma BAF,2022,,already_in_app_same_url,wave_or_year_conflict,mlc-namor-classic,Namor (2022) [Sub-Mariner] 2021
mephitsu:marvel-legends:92fff916-3ce1-44fb-85fe-ec85c11d33fb,Namor,Hasbro,Fan Channel The Void BAF Wave,2024,630509437108,already_in_app_same_url,no_catalog_figure,,
mephitsu:marvel-legends:128569d7-10f2-43c6-8344-ca560d2473aa,Nebula,Hasbro,Mantis BAF Wave,2017,,already_in_app_same_url,no_catalog_figure,,
mephitsu:marvel-legends:38d025de-f5d0-48d3-8411-a8e637e31143,Nebula,Hasbro,GOTG Vol. 3 Cosmo BAF Wave,2023,,already_in_app_same_url,wave_or_year_conflict,ml2-nebula-comic,Nebula (2023) [Comic] 2022
mephitsu:marvel-legends:7121db95-fae7-435f-83b4-519df8be0ae7,Ned Leeds,Hasbro,Spider-Man 60th Anniversary,2022,5010994153755,replaces_existing,wave_or_year_conflict,d14ml-ned-nwh,Ned Leeds (2022) [No Way Home] 2022
mephitsu:marvel-legends:ea3b11d7-9e9f-4bde-876c-b2648db68678,Negasonic Teenage Warhead,Hasbro,Deadpool Movie,2020,5010993723744,replaces_existing,no_catalog_figure,,
mephitsu:marvel-legends:58a4ad1e-3121-4ade-b0ef-09fdaa5a9514,Negative Zone Spider-Man,Hasbro,Target,2021,5010993767373,already_in_app_same_url,no_catalog_figure,,
mephitsu:marvel-legends:ded45c3a-49d1-4ec0-9919-ea57bf57d133,Nemesis,Hasbro,Walgreens Nemesis BAF Wave,2009,,replaces_existing,no_catalog_figure,,
mephitsu:marvel-legends:0698519f-36df-4a5f-a60d-5664cbbee300,New Goblin,Hasbro,Sandman BAF Wave,2007,,already_in_app_same_url,no_catalog_figure,,
mephitsu:marvel-legends:11122db9-51c1-4148-ab98-475ba834f697,Nick Fury,Hasbro,Fan Channel,2024,5010996328380,already_in_app_same_url,no_catalog_figure,,
mephitsu:marvel-legends:67c1bce2-5ae6-414b-b177-3e58c09431be,Nick Fury,Hasbro,Ninja's vs Super Spies,2009,71653569345091,replaces_existing,no_catalog_figure,,
mephitsu:marvel-legends:71c5261b-c85d-4e7e-8347-4715d4557763,Nick Fury,Hasbro,Giantman BAF Wave,2016,71630509775446,already_in_app_same_url,no_catalog_figure,,
mephitsu:marvel-legends:8633fa8b-07f4-471a-b8ae-268d2c62f4fd,Nick Fury,Hasbro,2008 2-Pack Series,2008,630509401895,already_in_app_same_url,no_catalog_figure,,
mephitsu:marvel-legends:90ba0c48-e6a2-4a80-9b6e-413bda93317a,Nick Fury,Hasbro,Kree Sentry BAF Wave,2019,630509775446,already_in_app_same_url,wave_or_year_conflict,mlc-nick-fury,Nick Fury (2019) [Classic] 2019
mephitsu:marvel-legends:d26290a9-71f3-4f38-8271-b2a9e80b6f92,Nick Fury,Hasbro,Captain America,2011,,already_in_app_same_url,no_catalog_figure,,
mephitsu:marvel-legends:db8121fc-0dbc-4e3a-bf23-5f0b9f5ba2a2,Nick Fury,Hasbro,Disney+ Hydra Stomper BAF Wave,2023,5010994179946,already_in_app_same_url,no_catalog_figure,,
mephitsu:marvel-legends:ff5123f6-b4a8-4dea-8598-dd4e98019013,Nick Fury,Hasbro,Toys R US,2015,,already_in_app_same_url,no_catalog_figure,,
mephitsu:marvel-legends:3e72905e-2cbf-48c8-a742-eebb9474f22c,Nico Minoru,Hasbro,Dormammu BAF Wave,2016,630509425341,already_in_app_same_url,no_catalog_figure,,
mephitsu:marvel-legends:22e053f6-cfb2-437f-a921-286157267af0,Night Thrasher,Hasbro,Kingpin BAF Wave,2019,630509781805,already_in_app_same_url,no_catalog_figure,,
mephitsu:marvel-legends:3b5fc0c0-53ca-4630-98ce-7bd948264364,Nightcrawler,Hasbro,X-Men '97 Wave 2,2024,653569253549,already_in_app_same_url,no_catalog_figure,,
mephitsu:marvel-legends:c31ff984-e6a9-488d-8c35-c87f83ee75b6,Nightcrawler,Hasbro,Wendigo BAF Wave,2019,,already_in_app_same_url,no_catalog_figure,,
mephitsu:marvel-legends:8e880a0b-5d64-42f8-a20d-6624b901e15d,Nighthawk,Hasbro,Armoured Thanos BAF Wave,2019,,already_in_app_same_url,no_catalog_figure,,
mephitsu:marvel-legends:a4f9002e-e9bb-4d59-ac4b-7442f854454b,Nighthawk,Hasbro,Squadron Supreme Special,2023,,already_in_app_same_url,no_catalog_figure,,
mephitsu:marvel-legends:5c342ccc-a66d-4f39-bf5f-d7d5e82cd436,Nimrod,Hasbro,Special,2026,5010996357557,already_in_app_same_url,wave_or_year_conflict,afmon-hasbro-nimrod-hsg2080,Nimrod (2026) [X-Men Comics Marvel Legends] 2026
mephitsu:marvel-legends:76bb0898-c719-4f80-9159-fd6dfc51c42a,Nimrod,Hasbro,Amazon,2020,,already_in_app_same_url,no_catalog_figure,,
mephitsu:marvel-legends:09385055-16ed-4094-99fe-e8fd1dc114aa,Noh-Varr,Hasbro,Hit Monkey BAF Wave,2013,,already_in_app_same_url,no_catalog_figure,,
mephitsu:marvel-legends:c1244f09-3dd1-45e4-9398-d9f758ab20a7,North Star,Hasbro,"Amazon, Alpha Flight",2019,,already_in_app_same_url,no_catalog_figure,,
mephitsu:marvel-legends:876152b8-6078-4639-9af1-09f0d9a5d5f5,Nova,Hasbro,Groot BAF Wave,2014,653569956471,already_in_app_same_url,no_catalog_figure,,
mephitsu:marvel-legends:9775772b-b109-4fc1-82be-d0f4fac1d9d7,Nova,Hasbro,Walgreens Nemesis BAF Wave,2009,630509501304,already_in_app_same_url,no_catalog_figure,,
mephitsu:marvel-legends:f4426824-995d-463d-ae70-cdac06f802c4,Nova,Hasbro,Walgreens,2021,5010993954490,already_in_app_same_url,no_catalog_figure,,
mephitsu:marvel-legends:51be1f62-5698-4a4c-afc8-3d02e7fbbdf8,Nuke,Hasbro,Giantman BAF Wave,2016,,already_in_app_same_url,no_catalog_figure,,
mephitsu:marvel-legends:c10fccfb-1fd6-4b34-adca-0cca0c772b0c,Obadiah Stane,Hasbro,Infinity Saga,2021,,already_in_app_same_url,no_catalog_figure,,
mephitsu:marvel-legends:bba29b60-9cde-44e2-9d18-c99edd353b30,Obadian Stane in Iron Monger Armour,Hasbro,Iron-Man,2008,,already_in_app_same_url,no_catalog_figure,,
mephitsu:marvel-legends:3ea1897d-8028-4131-98e0-0454f8ab56d6,Odin,Hasbro,Marvel 85th Anniversary,2024,5010996269683,already_in_app_same_url,no_catalog_figure,,
mephitsu:marvel-legends:bd0d0878-f445-4323-b7cb-0e448ca9976a,Odin,Hasbro,Infinity Saga,2021,5010993839384,already_in_app_same_url,wave_or_year_conflict,mlc-odin,Odin (2021) [All-Father] 2020
mephitsu:marvel-legends:856ac71c-ccee-4c5a-adef-72c743290789,Odinson,Hasbro,Gladiator Hulk BAF Wave,2017,,already_in_app_same_url,no_catalog_figure,,
mephitsu:marvel-legends:a1b7ee8d-eb81-4f33-bff3-2e636722c57f,Odinson,Hasbro,"SDCC, Battle for Asgard",2017,,already_in_app_same_url,no_catalog_figure,,
mephitsu:marvel-legends:1940ccb0-a094-497a-90c4-68bf834821b5,Okoye,Hasbro,Attuma BAF,2022,,already_in_app_same_url,wave_or_year_conflict,ml5-ml-okoye,Okoye (2022) [Black Panther] 2022
mephitsu:marvel-legends:96a67011-6608-44ac-9407-0d622a2184ec,Okoye,Hasbro,Okoye BAF Wave,2018,,replaces_existing,no_catalog_figure,,
mephitsu:marvel-legends:980e6abb-7d56-469a-9f18-fc8fcda44f6d,Old Man Hawkeye,Hasbro,X-Men 2-Pack,2020,,already_in_app_same_url,no_catalog_figure,,
mephitsu:marvel-legends:4124631c-c0c2-4a60-98d3-2c5f4f82fec6,Old Man Logan,Hasbro,Warlock BAF Wave,2017,,already_in_app_same_url,no_catalog_figure,,
mephitsu:marvel-legends:958aacb4-dfb7-4936-9c30-c777a1492f57,Old Man Logan,Hasbro,X-Men 2-Pack,2020,630509502257,already_in_app_same_url,wave_or_year_conflict,mlc-old-man-logan,Old Man Logan (2020) [Wolverine] 2018
mephitsu:marvel-legends:4d0f9b1c-914e-451b-90cd-acfeb1424a4f,Omega Red,Hasbro,Sauron BAF Wave,2018,,already_in_app_same_url,wave_or_year_conflict,d14ml-omega-red,Omega Red (2018) [X-Men Classic] 2018
mephitsu:marvel-legends:dca8ec94-c39d-4068-8492-93123eb6e7ed,Omega Red,Hasbro,Wolverine 5-Pack,2021,,already_in_app_same_url,wave_or_year_conflict,ml3-ml-omega-red,Omega Red (2021) [BAF] 2022
mephitsu:marvel-legends:f46f72b1-0225-4b32-b522-0872a84f16ba,Omega Red,Hasbro,Walmart (US) / Fan Channel,2025,5010996320513,already_in_app_same_url,no_catalog_figure,,
mephitsu:marvel-legends:ec617f1d-08dc-4031-b725-633ca65acc80,Omega Sentinel,Hasbro,House of X Wave,2021,5010993790524,already_in_app_same_url,no_catalog_figure,,
mephitsu:marvel-legends:8381886f-4dc3-4c70-8601-c511f1ae3ba8,Outback Rogue,Hasbro,"X-Men 60th Anniversary, Fan Channel",2023,,already_in_app_same_url,no_catalog_figure,,
mephitsu:marvel-legends:8730eb46-01a3-4520-a3e3-edef5ddd78e6,Outrider (1),Hasbro,Fan Channel / Amazon,2024,,already_in_app_same_url,no_catalog_figure,,
mephitsu:marvel-legends:fd9ae871-6898-4eb5-a5c9-3ea1fc58e7bb,Outrider (2),Hasbro,Fan Channel / Amazon,2024,,already_in_app_same_url,no_catalog_figure,,
mephitsu:marvel-legends:50386830-3cfd-4b1e-bbbd-ecd318790649,Paladin,Hasbro,Sasquatch BAF Wave,2018,,already_in_app_same_url,no_catalog_figure,,
mephitsu:marvel-legends:5a8246b9-4eea-474c-ad66-c3fc9e040e1e,Pavitr Prabhakar,Hasbro,Across the Spiderverse Wave 2,2024,5010996237859,already_in_app_same_url,no_catalog_figure,,
mephitsu:marvel-legends:4f43dc1a-a742-45dd-98d7-88357df7f027,Peggy Carter,Hasbro,"Amazon, 80th Anniversary",2019,,already_in_app_same_url,wave_or_year_conflict,d14ml-peggy,Peggy Carter (2019) [WWII] 2020
mephitsu:marvel-legends:171912fd-27bb-4937-ae22-98eaae0d12d6,Pepper Potts,Hasbro,First Ten Years,2018,630509707720,already_in_app_same_url,no_catalog_figure,,
mephitsu:marvel-legends:c4ff88c1-dbc3-46a0-b517-9cb8888f1cb0,"Pepper Potts, Rescue",Hasbro,"Infinity Saga, Amazon",2021,,already_in_app_same_url,no_catalog_figure,,
mephitsu:marvel-legends:3a62fe13-4373-4393-87a9-e68c87b308fa,Peter B Parker,Hasbro,Stilt Man BAF Wave,2021,5010993786428,already_in_app_same_url,no_catalog_figure,,
mephitsu:marvel-legends:840c497e-5df8-4cee-98a6-c0b3a9a44d18,Peter B. Parker,Hasbro,Across the Spiderverse Part 1,2023,5010994181949,already_in_app_same_url,no_catalog_figure,,
mephitsu:marvel-legends:29094e5a-b2c3-4e38-b575-a0c67c74305d,Peter Parker,Hasbro,Spider-Man 60th Anniversary,2022,5010996300492,replaces_existing,wave_or_year_conflict,d14ml-ml-gamerverse-peter,Peter Parker (2022) [Gamerverse] 2021
mephitsu:marvel-legends:4c940a1a-7398-43ce-9f3a-f5fa02fac875,Peter Parker,Hasbro,"Hasbro Pulse, Disney Store VHS Spider-Man",2023,5010993715473,already_in_app_same_url,no_catalog_figure,,
mephitsu:marvel-legends:a46d8bdc-41e0-41a3-8265-f9f001e5d4fd,Peter Parker,Hasbro,Retro 2020,2020,5010996322852,already_in_app_same_url,no_catalog_figure,,
mephitsu:marvel-legends:c7fbe768-4a40-42d7-8153-e2a15ed69461,Peter Parker,Hasbro,Across the Spiderverse Wave 2,2024,5010996237866,already_in_app_same_url,no_catalog_figure,,
mephitsu:marvel-legends:d5a56e4b-b321-42da-9de1-a928f9048d23,Phage,Hasbro,Venompool BAF Wave,2020,,already_in_app_same_url,wave_or_year_conflict,d14ml-phage-d,Phage (2020) [Symbiote] 2020
mephitsu:marvel-legends:717c0358-4d04-42d0-8a4f-d6a536f01004,Phantom Rider,Hasbro,Executioner BAF Wave,2025,5010996317407,already_in_app_same_url,no_catalog_figure,,
mephitsu:marvel-legends:65236042-cc38-4264-b0c1-c195ae7d7262,Phastos,Hasbro,Gilgamesh BAF Wave,2021,,already_in_app_same_url,no_catalog_figure,,
mephitsu:marvel-legends:7d8eac34-9959-4289-9ca7-57a8a2a8d6ee,Phoenix,Hasbro,Juggernaught BAF Wave,2016,630509448753,already_in_app_same_url,no_catalog_figure,,
mephitsu:marvel-legends:44f5ed28-0b17-4092-b02b-31bc5ca5e8b0,Phoenix (Jean Grey),Hasbro,Mini-Comic Wave 2,2025,,already_in_app_same_url,no_catalog_figure,,
mephitsu:marvel-legends:aa1ac2c6-4256-4ffe-9377-d3aa319d23fc,"Photon, Monica Rambeau",Hasbro,Totally Awesome Hulk BAF Wave,2023,,already_in_app_same_url,no_catalog_figure,,
mephitsu:marvel-legends:a48b5bb2-25ec-4d69-9d28-e88b08df740d,Piledriver,Hasbro,Arnim Zola BAF Wave,2012,,already_in_app_same_url,no_catalog_figure,,
mephitsu:marvel-legends:c5b69ca0-bf18-4e0b-a901-d14a6c6ffc87,Planet Hulk,Hasbro,Annihilus BAF Wave,2007,653569205166,already_in_app_same_url,no_catalog_figure,,
mephitsu:marvel-legends:ee475aa4-c75c-4922-a250-817af51f8f3c,Poison,Hasbro,Monster Venom BAF Wave,2018,,already_in_app_same_url,no_catalog_figure,,
mephitsu:marvel-legends:83829bd2-1a11-4ff7-94fa-ae2021ace78b,Polaris,Hasbro,"Fan Channel, 80th Anniversary",2019,,already_in_app_same_url,wave_or_year_conflict,mlc-polaris,Polaris (2019) [X-Men] 2020
mephitsu:marvel-legends:2e3a3498-fded-4de6-b1f9-5946e7801a27,Potted Groot,Hasbro,"Toys R Us, Evolutions of Groot",2017,,already_in_app_same_url,no_catalog_figure,,
mephitsu:marvel-legends:79ac8370-aa98-4c21-82df-ed375f3c547f,Potted Groot,Hasbro,"Fan Channel, Evolution of Groot",2020,,already_in_app_same_url,no_catalog_figure,,
mephitsu:marvel-legends:cf4aea63-6d5e-4581-a887-32d652b0ad77,Pretty Boy,Hasbro,X-Men 60th Anniversary,2023,,already_in_app_same_url,no_catalog_figure,,
mephitsu:marvel-legends:254cfc4d-20d1-463e-973a-5a121360e750,Prime Sentinel,Hasbro,HasLab,2021,,already_in_app_same_url,no_catalog_figure,,
mephitsu:marvel-legends:cf886b6a-10ad-4190-89dc-8d51f78c7739,Professor Charles Xavier and Hover Chair,Hasbro,SDCC 2026,2026,,already_in_app_same_url,no_catalog_figure,,
mephitsu:marvel-legends:c07b7c0e-a493-40cb-9280-62767a6fb034,Professor Hulk,Hasbro,Deluxe,2026,5010996362315,already_in_app_same_url,wave_or_year_conflict,afmon-hasbro-professor-hulk-hsg2405,Professor Hulk (2026) [Marvel Legends] 2026
mephitsu:marvel-legends:756de973-8279-4b15-96f4-a2c094153785,Professor X,Hasbro,House of X Wave,2021,5010996290182,already_in_app_same_url,no_catalog_figure,,
mephitsu:marvel-legends:c8e53671-bcf2-4e7c-8ba5-a4411c8baaff,Professor X,Hasbro,20th Anniversary,2020,630509775101,already_in_app_same_url,no_catalog_figure,,
mephitsu:marvel-legends:3d4c94e3-304a-48f7-8758-b7302f24830a,"Professor X, w/ Hoverchair",Hasbro,Ultimate Riders,2019,,already_in_app_same_url,no_catalog_figure,,
mephitsu:marvel-legends:1f10e1c1-8879-429a-8b54-cb61563c1876,Prowler,Hasbro,Stilt Man BAF Wave,2021,,already_in_app_same_url,no_catalog_figure,,
mephitsu:marvel-legends:3d97edae-d703-43e8-aa7f-dcfa625ce6b7,Prowler,Hasbro,Walmart (US) / Fan Channel,2024,5010996215673,already_in_app_same_url,no_catalog_figure,,
mephitsu:marvel-legends:eb495cf3-85b0-44a8-aec2-4bb817c7477f,Prowler,Hasbro,Lizard BAF Wave,2018,,already_in_app_same_url,no_catalog_figure,,
mephitsu:marvel-legends:2181d598-cacd-4fa0-b70d-800d5f2ac9e8,Proxima Midnight,Hasbro,MCU Thanos BAF Wave,2018,21630509612284,already_in_app_same_url,no_catalog_figure,,
mephitsu:marvel-legends:ae0222d1-a511-4c9b-8a28-204e075ba328,Proxima Midnight,Hasbro,Amazon,2020,630509612284,replaces_existing,wave_or_year_conflict,mlc-proxima,Proxima Midnight (2020) [Black Order] 2020
mephitsu:marvel-legends:80691d69-0dde-4a2d-b45c-c870fa2ffb10,Psycho-Man,Hasbro,Fantastic Four Special,2021,5010993842537,already_in_app_same_url,wave_or_year_conflict,d14ml-psycho-man,Psycho-Man (2022) [Classic] 2021
mephitsu:marvel-legends:0a25040c-1335-4965-ab7f-b06cf4253ddb,Psylocke,Hasbro,Amazon,2020,,already_in_app_same_url,wave_or_year_conflict,ml2-psylocke-aes,Psylocke (2020) [Astonishing] 2021
mephitsu:marvel-legends:5f402353-67d4-470d-9138-7a07484b07e1,Psylocke,Hasbro,Box Build-a-Figure Wave,2026,5010996313201,already_in_app_same_url,no_catalog_figure,,
mephitsu:marvel-legends:669bfb26-237b-47a6-951a-f9278603c632,Psylocke,Hasbro,SDCC Uncanny X-Force,2012,,already_in_app_same_url,no_catalog_figure,,
mephitsu:marvel-legends:72914f0c-19fb-41dd-b8ad-413670e64432,Psylocke,Hasbro,Target (US) / Fan Channel Exclusive,2025,5010994189198,replaces_existing,no_catalog_figure,,
mephitsu:marvel-legends:98ebd458-c273-4a86-8f0d-417fac7ca1c1,Psylocke,Hasbro,Apocalypse BAF Wave,2018,,already_in_app_same_url,no_catalog_figure,,
mephitsu:marvel-legends:c276d8ae-5022-4db5-92d3-a4a6a0577a7d,Psylocke,Hasbro,Wolverine 50th Anniversary (Fan Channel),2024,5010996202123,replaces_existing,no_catalog_figure,,
mephitsu:marvel-legends:d102a778-0766-409b-87e9-92a0a49fb4fb,Psylocke,Hasbro,Marvel Games,2026,5010996411532,already_in_app_same_url,no_catalog_figure,,
mephitsu:marvel-legends:fa2010f2-2582-421d-b385-179465cd0889,Psylocke,Hasbro,X-Men 60th Anniversary,2023,,already_in_app_same_url,wave_or_year_conflict,d14ml-psylocke-kw,Psylocke (2023) [Kwannon] 2022
mephitsu:marvel-legends:fd22a300-629f-49ec-80f2-7512bc25fd15,Psylocke (purple hair variant),Hasbro,Apocalypse BAF Wave,2018,630509678181,already_in_app_same_url,no_catalog_figure,,
mephitsu:marvel-legends:78850b3b-9ab3-4aaa-bb28-fd9c6e482b53,Puck,Hasbro,Puck BAF Wave,2013,,replaces_existing,no_catalog_figure,,
mephitsu:marvel-legends:c0d1661f-b2af-4f88-8433-6945095bbcd3,Puck,Hasbro,"Amazon, Alpha Flight",2019,,already_in_app_same_url,no_catalog_figure,,
mephitsu:marvel-legends:46e91478-6018-4ba0-8e1b-376d6e2d2b3f,Puff Adder,Hasbro,Puff Adder BAF,2023,5010994181154,replaces_existing,no_catalog_figure,,
mephitsu:marvel-legends:f962998d-fa1d-4581-9b8a-4a024edcfe8a,Puma,Hasbro,Kingpin BAF Wave,2019,,already_in_app_same_url,no_catalog_figure,,
mephitsu:marvel-legends:3a4534db-5fee-4dd8-a8a8-dc779b51d98c,Punisher,Hasbro,Amazon and Fan Channel Exclusive,2026,5010996282606,already_in_app_same_url,no_catalog_figure,,
mephitsu:marvel-legends:57f54c41-392d-48a5-b296-1b352a7d96c0,Punisher,Hasbro,Retro Wave 1,2018,5010996263100,already_in_app_same_url,no_catalog_figure,,
mephitsu:marvel-legends:cba4d920-763e-43d4-a480-2fa194506b51,Punisher,Hasbro,Walgreens Nemesis BAF Wave,2009,630509417490,already_in_app_same_url,no_catalog_figure,,
mephitsu:marvel-legends:beb67f3e-0e15-421b-a63e-ecdf97b6677a,Punisher (Skull Face),Hasbro,Walgreens Nemesis BAF Wave,2009,,already_in_app_same_url,no_catalog_figure,,
mephitsu:marvel-legends:a0bef447-0197-4ad6-beb8-f4ca49e0c875,Purple Man,Hasbro,"SDCC, The Raft",2016,,already_in_app_same_url,no_catalog_figure,,
mephitsu:marvel-legends:447953af-7576-45e5-a2ec-d8ef32777f47,Pyro,Hasbro,X-Men 2-Pack,2020,,already_in_app_same_url,no_catalog_figure,,
mephitsu:marvel-legends:be916594-502e-4ad7-871a-9147b8a82579,Quasar,Hasbro,Walgreens,2021,5010993839735,already_in_app_same_url,wave_or_year_conflict,d14ml-quasar,Quasar (2021) [Wendell Vaughn] 2022
mephitsu:marvel-legends:673305dc-d326-4ce9-af39-2b120943584c,Quicksilver,Hasbro,Walmart (US) / Fan Channel,2024,5010993839285,already_in_app_same_url,wave_or_year_conflict,mlc-quicksilver,Quicksilver (2024) [Classic] 2024
mephitsu:marvel-legends:7f1561e0-f1dc-4d68-99d7-343e54d5a338,Quicksilver,Hasbro,"80th Anniversary, Amazon, Family Matters",2019,,already_in_app_same_url,no_catalog_figure,,
mephitsu:marvel-legends:9f565086-a68f-4b60-a57e-368ffd542b62,Quicksilver,Hasbro,Blob BAF Wave,2007,653569254638,already_in_app_same_url,no_catalog_figure,,
mephitsu:marvel-legends:c5049e7d-8a6f-4bc0-b453-dae266746686,Quicksilver,Hasbro,Infinity Saga,2021,5010996360106,already_in_app_same_url,no_catalog_figure,,
mephitsu:marvel-legends:f06d1a75-3edf-4b03-9f6e-1bf7340edacb,Quicksilver,Hasbro,Fan Channel,2026,5010996244468,already_in_app_same_url,no_catalog_figure,,
mephitsu:marvel-legends:707ab85a-445e-40b5-a27d-e0fe54b5787d,Quicksilver (green outfit),Hasbro,Blob BAF Wave,2007,,already_in_app_same_url,no_catalog_figure,,
mephitsu:marvel-legends:ee4c29c2-f740-4297-be63-5492a0e00c70,Radioactive Man,Hasbro,Target,2014,,already_in_app_same_url,no_catalog_figure,,
mephitsu:marvel-legends:4e2e3742-ddb0-4f2a-907d-c8f1a8482e00,Rage,Hasbro,Abomination BAF Wave,2020,,already_in_app_same_url,no_catalog_figure,,
mephitsu:marvel-legends:bda556af-8558-4681-96bb-448a513e2711,Ragnarok,Hasbro,Target (US) / Fan Channel,2022,,already_in_app_same_url,no_catalog_figure,,
mephitsu:marvel-legends:9a28558d-854f-464e-84f5-ada1fbd1eed1,Random,Hasbro,X-Men 60th Anniversary,2023,,already_in_app_same_url,no_catalog_figure,,
mephitsu:marvel-legends:4e78ab23-062e-4e5b-b2dc-49f825994f68,Ravager Groot,Hasbro,"""Best of"" MCU Gladiator Hulk Wave",2018,,replaces_existing,no_catalog_figure,,
mephitsu:marvel-legends:529d5975-42c4-472f-9c0c-7c5bf3e72066,Ravager Groot,Hasbro,Mantis BAF Wave,2017,,replaces_existing,no_catalog_figure,,
mephitsu:marvel-legends:d6a9cf7e-3c94-496d-9480-8beab0804269,Ravager Thor,Hasbro,Korg BAF,2022,5010993964376,already_in_app_same_url,no_catalog_figure,,
mephitsu:marvel-legends:99fd18ad-e0b5-4f0a-9116-2829a1e8d1cf,Razorback,Hasbro,Amazon,2023,,already_in_app_same_url,no_catalog_figure,,
mephitsu:marvel-legends:4bad36f4-89cb-41ee-af50-ff4184641b78,Red Goblin,Hasbro,Kingpin BAF Wave,2019,,already_in_app_same_url,no_catalog_figure,,
mephitsu:marvel-legends:4c0752da-3070-47a9-b708-8ecd8a890c4b,Red Guardian,Hasbro,Black Widow 2-Pack,2021,,already_in_app_same_url,no_catalog_figure,,
mephitsu:marvel-legends:65bd134f-483c-4718-b0e9-e4a47b41dcf1,Red Guardian,Hasbro,Thunderbolts Movie Series,2025,5010996324726,replaces_existing,no_catalog_figure,,
mephitsu:marvel-legends:c98ad8e7-ee0d-4ca0-9658-62cb8bfcebe4,Red Guardian,Hasbro,Crimson Dynamo BAF Wave,2020,,already_in_app_same_url,no_catalog_figure,,
mephitsu:marvel-legends:f38a9f07-fd74-4970-88e2-c0fa157c3c7f,Red Guardian,Hasbro,Giantman BAF Wave,2016,,already_in_app_same_url,no_catalog_figure,,
mephitsu:marvel-legends:59a95f4e-03c8-4660-a95e-ab8ca3531a32,Red Hand Ninja,Hasbro,Stilt Man BAF Wave,2021,,already_in_app_same_url,no_catalog_figure,,
mephitsu:marvel-legends:0ceb060e-507e-49ef-908e-6fd18054cd99,Red Hulk,Hasbro,Deluxe,2024,5010996222381,already_in_app_same_url,wave_or_year_conflict,ml6-ml-red-hulk-w6,Red Hulk (2025) [Wave6] 2024
mephitsu:marvel-legends:195d4a14-2e9d-47e8-8d8e-f10e4297c291,Red Hulk,Hasbro,Target Red Hulk BAF Wave,2008,5010993842575,replaces_existing,no_catalog_figure,,
mephitsu:marvel-legends:b1fe9b52-b870-4f72-a882-997e78376a31,Red Hulk,Hasbro,Target,2020,5010993707089,already_in_app_same_url,no_catalog_figure,,
mephitsu:marvel-legends:93a8f400-8b43-4fac-90c4-8c7e916f1dd6,Red Onslaught,Hasbro,Red Onslaught BAF Wave,2016,,replaces_existing,no_catalog_figure,,
mephitsu:marvel-legends:d4954f84-e5aa-48ff-89db-f021f43b9ea1,Red She-Hulk,Hasbro,Hit Monkey BAF Wave,2013,5010993655472,already_in_app_same_url,no_catalog_figure,,
mephitsu:marvel-legends:00b9e6d3-ba5f-48e3-a1a5-0e752a6358f3,Red Skull,Hasbro,Mandroid BAF Wave,2014,,already_in_app_same_url,no_catalog_figure,,
mephitsu:marvel-legends:66b2292b-042d-4326-9713-3edeaac5a62e,Red Skull,Hasbro,Xemnu BAF Wave,2021,,already_in_app_same_url,no_catalog_figure,,
mephitsu:marvel-legends:f14992b6-027c-41d9-8e72-abf97ee7cf68,Red Skull,Hasbro,"Disney+ Wave, Khonshu BAF",2022,630509682270,already_in_app_same_url,no_catalog_figure,,
mephitsu:marvel-legends:dde0d84c-600a-4885-ab28-d02c83eb174d,Red Skull SDCC,Hasbro,"SDCC, Tesserect Set",2018,,already_in_app_same_url,no_catalog_figure,,
mephitsu:marvel-legends:555e47a8-5084-4672-a29c-ba9c62fb5215,Red Widow,Hasbro,Fan Channel Zabu BAF Wave,2024,,already_in_app_same_url,no_catalog_figure,,
mephitsu:marvel-legends:dd4ca0da-e633-4511-852e-38a3e41c542a,"Reed Richards, Mr Fantastic",Hasbro,Fantastic Four Special,2021,,already_in_app_same_url,no_catalog_figure,,
mephitsu:marvel-legends:5c524423-4e23-44fa-8595-d6f84a96584e,Rescue,Hasbro,"""Best of MCU"" Armoured Thanos",2020,,already_in_app_same_url,wave_or_year_conflict,mlc-rescue,Rescue (2020) [Pepper Potts] 2020
mephitsu:marvel-legends:776ecd16-1073-45a6-bae3-9cde854cf0ce,Rescue,Hasbro,Marvel Unlimited Subscription,2016,,already_in_app_same_url,no_catalog_figure,,
mephitsu:marvel-legends:cbd3f957-ec56-4e1c-b44f-c75acc1ec0f9,Rescue,Hasbro,Smart Hulk BAF Wave,2019,,already_in_app_same_url,no_catalog_figure,,
mephitsu:marvel-legends:24a46f2e-9311-4e9d-aed1-a7b9f70df44c,Rhino,Hasbro,Rhino BAF Wave,2015,,replaces_existing,no_catalog_figure,,
mephitsu:marvel-legends:fb43b422-ad1e-4c07-9b43-597e68943ab5,Rhino,Hasbro,"Fan Channel, Spider-Man Retro 2022",2022,5010993970582,already_in_app_same_url,wave_or_year_conflict,mlc-rhino,Rhino (2022) [Classic] 2021
mephitsu:marvel-legends:0f8c0173-230f-4d66-a66c-0d726f59b1ac,Rictor,Hasbro,Marvel Legends Rerelease,2026,F4737,already_in_app_same_url,no_catalog_figure,,
mephitsu:marvel-legends:d913f1f4-56b1-434f-bacc-ed6625c392d9,Rictor,Hasbro,Disney Store / Hasbro Pulse,2021,,already_in_app_same_url,no_catalog_figure,,
mephitsu:marvel-legends:22b9d1a8-6b68-405a-98b3-d581c88a6cc3,Rintrah,Hasbro,Rintrah BAF Wave,2022,,replaces_existing,no_catalog_figure,,
mephitsu:marvel-legends:6ff18070-8b2b-4387-a627-c8102d6498ed,Riot,Hasbro,Amazon,2022,,already_in_app_same_url,wave_or_year_conflict,d14ml-riot-d,Riot (2022) [Symbiote] 2020
mephitsu:marvel-legends:a49a72eb-7fb0-42a9-b419-f858b8ea0f7e,Rock Python,Hasbro,Smart Hulk BAF Wave,2019,630509838714,already_in_app_same_url,no_catalog_figure,,
mephitsu:marvel-legends:09b67eb9-eae1-42fe-a7f5-6b92bbec5fe1,Rocket,Hasbro,Disney Store,2022,,replaces_existing,no_catalog_figure,,
mephitsu:marvel-legends:2ecbc200-2988-4b8f-9f1e-3e9715dd0c9e,Rocket,Hasbro,Toys R Us,2018,,already_in_app_same_url,no_catalog_figure,,
mephitsu:marvel-legends:682a7f8b-0207-4269-8a5e-d2e29a14fa78,Rocket,Hasbro,Groot BAF Wave,2014,,already_in_app_same_url,no_catalog_figure,,
mephitsu:marvel-legends:6bb30fb2-66e5-4fc7-9d75-33f8df783dad,Rocket,Hasbro,"""Best of"" MCU Gladiator Hulk Wave",2018,,already_in_app_same_url,no_catalog_figure,,
mephitsu:marvel-legends:da6740e7-b9c1-471c-90f3-a6ee38ca91b3,Rocket,Hasbro,Mantis BAF Wave,2017,,already_in_app_same_url,no_catalog_figure,,
mephitsu:marvel-legends:9111183f-6670-4474-b7a5-c59b00b6db12,Rocket Raccoon,Hasbro,Rocket Raccoon BAF Wave,2013,653569858645,replaces_existing,no_catalog_figure,,
mephitsu:marvel-legends:e5412976-45ed-4175-81c7-bfe228a24354,Rocket Racoon,Hasbro,Marvel Unlimited Subscription,2014,,replaces_existing,no_catalog_figure,,
mephitsu:marvel-legends:fb95b720-de08-4934-9a57-e192702ec04d,Rocket Racoon,Hasbro,Entertainment Earth,2015,,already_in_app_same_url,no_catalog_figure,,
mephitsu:marvel-legends:09e3bde8-9f42-4ff9-85db-df1861c4abd5,Rogue,Hasbro,X-Men '97 Twin Packs,2025,5010996117595,already_in_app_same_url,no_catalog_figure,,
mephitsu:marvel-legends:26fd0e02-5b04-4065-adb0-3640b39b48e0,Rogue,Hasbro,SDCC 2025 Marvel Snap 'Savage Land',2025,630509448807,already_in_app_same_url,no_catalog_figure,,
mephitsu:marvel-legends:7ece95df-bb0b-4bc5-8167-4a6e5dc4d8bf,Rogue,Hasbro,Target / Fan Channel,2021,,already_in_app_same_url,no_catalog_figure,,
mephitsu:marvel-legends:e42516bc-25c8-4b28-b810-c1e9f0d76a61,Rogue,Hasbro,X-Men 2-Pack,2020,,already_in_app_same_url,wave_or_year_conflict,mlc-rogue-jimlee,Rogue (2020) [Jim Lee] 2019
mephitsu:marvel-legends:e4ff1e8f-5151-4440-b552-97cf392c3a91,Rogue,Hasbro,Age of Apocalypse Wave 2,2021,,already_in_app_same_url,no_catalog_figure,,
mephitsu:marvel-legends:ee69b836-c3e8-4818-bb54-a85469615535,Rogue,Hasbro,Juggernaught BAF Wave,2016,,already_in_app_same_url,no_catalog_figure,,
mephitsu:marvel-legends:fcadaac9-f6c3-4819-909f-44514d1965ce,Rogue,Hasbro,Amazon,2024,5010996143754,already_in_app_same_url,no_catalog_figure,,
mephitsu:marvel-legends:a31f3ef0-2d8e-409f-b649-afdffeb37325,Rogue (Unreleased),Hasbro,Puck BAF Wave,2013,,already_in_app_same_url,no_catalog_figure,,
mephitsu:marvel-legends:3444d59c-75d7-4500-b9ae-38e7e8f8801c,ROM Spaceknight,Hasbro,Comic Book Series 1,2025,,already_in_app_same_url,no_catalog_figure,,
mephitsu:marvel-legends:0d7d0579-dc09-4036-9ee2-746dfb9fe5ee,Ronan the Accuser,Hasbro,Amazon,2023,,already_in_app_same_url,no_catalog_figure,,
mephitsu:marvel-legends:7369563c-c891-48ce-8f72-eff177b48685,Ronan The Accuser,Hasbro,Ronan the Accuser BAF Wave,2007,71630509682355,replaces_existing,no_catalog_figure,,
mephitsu:marvel-legends:df5bb752-5a6c-4a6b-91a8-97f6864ddfdf,Ronan the Accuser,Hasbro,First Ten Years,2018,,already_in_app_same_url,no_catalog_figure,,
mephitsu:marvel-legends:2a26ff0f-afa7-44cf-8392-7cb66e66069e,Ronin,Hasbro,Armoured Thanos BAF Wave,2019,,already_in_app_same_url,no_catalog_figure,,
mephitsu:marvel-legends:e0e05fbf-afdf-439c-b3fc-a10f7cbd3382,Ronin,Hasbro,2008 2-Pack Series,2008,630509803446,already_in_app_same_url,no_catalog_figure,,
mephitsu:marvel-legends:fbaa3fe2-515b-4b54-9fe6-854edb32ee34,Ronin,Hasbro,2008 2-Pack Series,2008,5010994179779,already_in_app_same_url,no_catalog_figure,,
mephitsu:marvel-legends:2657b548-a7ed-4247-bd10-1c85b7c399b7,S.H.I.E.L.D. Agent,Hasbro,Hasbro Pulse,2023,5010996146052,already_in_app_same_url,no_catalog_figure,,
mephitsu:marvel-legends:312d105b-73e9-4db4-950b-4b7ba35bdfd3,S.H.I.E.L.D. Agent,Hasbro,Hasbro Pulse,2022,5010993652013,already_in_app_same_url,no_catalog_figure,,
mephitsu:marvel-legends:7ac17e95-5dca-4280-b605-74a65547df20,Sabertooth,Hasbro,Wolverine 50th Anniversary (Fan Channel & Amazon),2024,,already_in_app_same_url,no_catalog_figure,,
mephitsu:marvel-legends:88e4f272-43e9-47e8-91ee-9126e83a8b46,Sabertooth,Hasbro,Puck BAF Wave,2013,,already_in_app_same_url,no_catalog_figure,,
mephitsu:marvel-legends:23dffae9-cf1b-447a-8128-7aebb147d0a9,Sabretooth,Hasbro,Age of Apocalypse Wave 2,2021,5010996202086,already_in_app_same_url,no_catalog_figure,,
mephitsu:marvel-legends:26f36ff5-68e5-42db-94c5-9f82e316d58c,Sabretooth,Hasbro,Bonebreaker BAF,2022,653569874386,already_in_app_same_url,wave_or_year_conflict,ml2-sabretooth-aes,Sabretooth (2022) [Astonishing] 2022
mephitsu:marvel-legends:dfcd2296-f2a1-4b23-ab9f-0e3681b2e956,Sabretooth,Hasbro,Apocalypse BAF Wave,2018,,already_in_app_same_url,wave_or_year_conflict,mlc-sabretooth-movie,Sabretooth (2018) [X-Men Movie] 2019
mephitsu:marvel-legends:0b46a4dc-3023-4c3c-b9f3-addbe4ab07fd,Sam Wilson Captain America,Hasbro,Target,2016,,already_in_app_same_url,no_catalog_figure,,
mephitsu:marvel-legends:62a6a48f-286b-4f5f-93a2-d8d460fcb5fa,Sam Wilson Captain America,Hasbro,Special,2022,630509444878,already_in_app_same_url,no_catalog_figure,,
mephitsu:marvel-legends:7808f7e8-64dc-4c7e-aa92-c7860444cef6,Sam Wilson Captain America,Hasbro,Target (US) / Fan Channel,2024,630509444731,already_in_app_same_url,no_catalog_figure,,
mephitsu:marvel-legends:80ea37b9-d5ff-46ad-926a-abc2d940d043,Sam Wilson Captain America,Hasbro,"Disney+ Wave, Falcon Wings BAF",2021,,already_in_app_same_url,no_catalog_figure,,
mephitsu:marvel-legends:f07d3689-2e33-4b08-a426-7adc50a691a4,Sam Wilson Captain America Wings BAF,Hasbro,"Disney+ Wave, Falcon Wings BAF",2021,,replaces_existing,no_catalog_figure,,
mephitsu:marvel-legends:393272f0-a7e8-431a-87f5-a09c95eec95b,Sandman,Hasbro,Sandman BAF Wave,2007,,replaces_existing,no_catalog_figure,,
mephitsu:marvel-legends:87922383-969b-45e5-952a-9b6b052cd4b2,Sandman,Hasbro,"SDCC, The Raft",2016,,already_in_app_same_url,no_catalog_figure,,
mephitsu:marvel-legends:98d06480-903b-4351-98ae-b91d0616299b,Sandman,Hasbro,Sandman BAF Wave,2007,,already_in_app_same_url,no_catalog_figure,,
mephitsu:marvel-legends:bf13f9fe-8d2d-4524-a7b5-bd998ad1f197,Sandman,Hasbro,Special,2021,,already_in_app_same_url,wave_or_year_conflict,mlc-sandman,Sandman (2021) [Classic] 2021
mephitsu:marvel-legends:de6c64a3-5a33-4453-ae76-d2447ece208f,Sandman,Hasbro,Sandman BAF Wave,2017,,replaces_existing,no_catalog_figure,,
mephitsu:marvel-legends:450f388a-7079-4da4-b582-71e8d1a782f4,Santana,Hasbro,Thunderbolts SDCC Exclusive,2013,,already_in_app_same_url,no_catalog_figure,,
mephitsu:marvel-legends:51ad2d73-7669-42c4-8eca-c51e0bac671e,Sasquatch,Hasbro,Sasquatch BAF Wave,2018,,replaces_existing,no_catalog_figure,,
mephitsu:marvel-legends:0b90acfa-0cf8-4adb-8662-c8ef0064c77c,Sauron,Hasbro,Sauron BAF Wave,2018,,replaces_existing,no_catalog_figure,,
mephitsu:marvel-legends:fa37fe87-3740-4ced-b1db-63f8cbee995e,Sauron,Hasbro,SDCC 2025 Marvel Snap 'Savage Land',2025,,already_in_app_same_url,no_catalog_figure,,
mephitsu:marvel-legends:5113d076-83bc-43a2-a94f-7aff62a9d0cf,Savage Grey Hulk,Hasbro,Fin Fang Foom BAF Wave,2008,653569291398,already_in_app_same_url,no_catalog_figure,,
mephitsu:marvel-legends:376d345a-4027-4594-a3c4-3b05f08794fc,Savage Lands Professor X,Hasbro,Target (US) / Fan Channel,2025,,already_in_app_same_url,no_catalog_figure,,
mephitsu:marvel-legends:7e237a17-804e-45f8-8d10-3e71ca5c311d,Savage She-Hulk,Hasbro,Fin Fang Foom BAF Wave,2008,653569291404,already_in_app_same_url,no_catalog_figure,,
mephitsu:marvel-legends:32c1337f-68f9-468d-81d9-e50963e2d13b,Scarlet Spider,Hasbro,Fan Channel Spider-Man Retro,2024,5010996197047,already_in_app_same_url,wave_or_year_conflict,lv-hasbro-marvel-legends-scarlet-spider-spider-man-retro-collection-4-2024,Scarlet Spider (2024) [Spider-Man: Retro Collection 4] 2024
mephitsu:marvel-legends:b3768d70-b4a2-46bb-842a-d95d7f2e66ea,Scarlet Spider,Hasbro,SP//DR BAF Wave,2018,630509689460,already_in_app_same_url,no_catalog_figure,,
mephitsu:marvel-legends:bd0e1e25-e847-4927-ae69-53ee43e0fccd,Scarlet Spider,Hasbro,Retro Wave 2,2018,630509774814,already_in_app_same_url,no_catalog_figure,,
mephitsu:marvel-legends:e18b1479-16c1-4d22-a7de-d3745dc44188,Scarlet Spider,Hasbro,Rocket Raccoon BAF Wave,2013,653569858638,already_in_app_same_url,no_catalog_figure,,
mephitsu:marvel-legends:f46a2931-1db5-4a69-a00e-75590dd1c162,Scarlet Spider,Hasbro,Rhino BAF Wave,2015,71630509318292,already_in_app_same_url,no_catalog_figure,,
mephitsu:marvel-legends:3a0e6d06-f743-4af4-a12d-ca84381c324f,Scarlet Witch,Hasbro,"80th Anniversary, Amazon, Family Matters",2019,630509495764,already_in_app_same_url,wave_or_year_conflict,mlc-scarletwitch-classic,Scarlet Witch (2019) [Classic] 2019
mephitsu:marvel-legends:3d4bd2bf-08a1-4cfa-80a7-dbf995b4e185,Scarlet Witch,Hasbro,Abomination BAF Wave,2016,71630509443581,already_in_app_same_url,no_catalog_figure,,
mephitsu:marvel-legends:56b23823-4f53-41a6-8250-335fe3f262d4,Scarlet Witch,Hasbro,The Allfatther BAF Wave,2015,71630509273911,already_in_app_same_url,no_catalog_figure,,
mephitsu:marvel-legends:704ad97a-c080-4c62-8968-c672ee7f3c64,Scarlet Witch,Hasbro,Toys R Us,2018,21630509780884,already_in_app_same_url,no_catalog_figure,,
mephitsu:marvel-legends:70a89094-b987-4cd2-be84-89cd3882e974,Scarlet Witch,Hasbro,Fan Channel Exclusive,2026,5010993986101,already_in_app_same_url,wave_or_year_conflict,ml4-scarlet-witch-chaos,Scarlet Witch (2026) [Chaos Magic] 2025
mephitsu:marvel-legends:79da7e56-cae1-4116-b187-1c843495aeec,Scarlet Witch,Hasbro,West Coast Avengers,2022,630509273911,already_in_app_same_url,wave_or_year_conflict,lv-hasbro-marvel-legends-scarlet-witch-marvel-vintage-collection-3-2022,Scarlet Witch (2022) [Marvel Vintage Collection 3] 2022
mephitsu:marvel-legends:d019e077-f49f-4e7b-9649-cd0a1812ee32,Scarlet Witch,Hasbro,"Disney+ Wave, Falcon Wings BAF",2021,630509443581,already_in_app_same_url,wave_or_year_conflict,d14ml-scarletwitch-aoa,Scarlet Witch (2021) [Age of Apocalypse] 2021
mephitsu:marvel-legends:e2b03f47-c45b-4ca6-b2f9-5255003f6d58,Scarlet Witch,Hasbro,Target (US) / Fan Channel,2023,630509821501,already_in_app_same_url,wave_or_year_conflict,ml6-ml-scarlet-witch-chaos,Scarlet Witch (2023) [Chaos Magic Wave6] 2024
mephitsu:marvel-legends:f8dfbe44-a8ed-4a2e-bf0f-c9e6cd0a7d2d,Scarlet Witch,Hasbro,"""Best Of"" Giantman Wave",2017,71630509639861,already_in_app_same_url,no_catalog_figure,,
mephitsu:marvel-legends:5e30e073-68a8-4965-bff2-4cefff2cdb6e,Scorpion,Hasbro,Molten Man BAF Wave,2019,,already_in_app_same_url,wave_or_year_conflict,mlc-scorpion,Scorpion (2019) [Classic] 2020
mephitsu:marvel-legends:b52ea356-93e5-4e64-abc4-ce4aca35ddd0,Scorpion,Hasbro,Spider-Man Retro 2022,2022,,already_in_app_same_url,wave_or_year_conflict,lv-hasbro-marvel-legends-scorpion-spider-man-retro-collection-2-2022,Scorpion (2022) [Spider-Man: Retro Collection 2] 2022
mephitsu:marvel-legends:e0b5f51a-da16-467d-a4d0-2960be87c0e5,Scorpion,Hasbro,Amazon,2026,5010994140854,already_in_app_same_url,no_catalog_figure,,
mephitsu:marvel-legends:143e6aa5-5a2f-4adf-8d2f-3318c9eae308,Scourge,Hasbro,Red Onslaught BAF Wave,2016,,already_in_app_same_url,no_catalog_figure,,
mephitsu:marvel-legends:d691e47f-ec08-44f2-8011-09012bd70f20,Scream,Hasbro,Monster Venom BAF Wave,2018,,already_in_app_same_url,no_catalog_figure,,
mephitsu:marvel-legends:411fb1c6-1810-4dec-9691-2b319a82cef0,Sebastian Shaw,Hasbro,"Was SDCC 2020, now Hasbro Pulse",2020,,replaces_existing,wave_or_year_conflict,d14ml-shaw-hf,Sebastian Shaw (2020) [Hellfire Club] 2020
mephitsu:marvel-legends:f5bf1ba8-4f5f-4504-a716-83286fc8cc27,Secret War Captain America,Hasbro,Abomination BAF Wave,2016,630509401857,already_in_app_same_url,no_catalog_figure,,
mephitsu:marvel-legends:41e0b968-e002-42dd-b746-24951e8c6369,Sentinel,Hasbro,"Amazon, Days of Future Past",2018,,already_in_app_same_url,no_catalog_figure,,
mephitsu:marvel-legends:45988b09-c162-4ae5-9f46-f71bd710c4e6,Sentinel,Hasbro,Hasbro Pulse Ultra Deluxe Made to Order,2027,5010994162788,already_in_app_same_url,no_catalog_figure,,
mephitsu:marvel-legends:ff582d5e-85a8-4346-bf4f-a4802d5ba447,Sentinel,Hasbro,Hasbro Pulse Ultra Deluxe,2025,,already_in_app_same_url,no_catalog_figure,,
mephitsu:marvel-legends:b6d10862-6bb6-42cf-b786-2ca0c397d380,Sentinels,Hasbro,Hasbro Pulse Con 2024,2024,,already_in_app_same_url,no_catalog_figure,,
mephitsu:marvel-legends:3f37eac5-af95-4fb3-bbfe-f08a0efb66cd,Sentry,Hasbro,Thunderbolts Movie Series,2025,5010994151997,already_in_app_same_url,wave_or_year_conflict,mlc-sentry,Sentry (2025) [Robert Reynolds] 2024
mephitsu:marvel-legends:97c63675-ce8a-42e8-91cc-8338a3ee9b48,Sentry,Hasbro,The Allfatther BAF Wave,2015,,already_in_app_same_url,no_catalog_figure,,
mephitsu:marvel-legends:ca643d76-5d30-4d94-b7ae-a8fbf5419f86,Sentry,Hasbro,Walgreens,2022,630509273898,already_in_app_same_url,no_catalog_figure,,
mephitsu:marvel-legends:d0b20c0b-0e45-4d6e-a8c9-59336161a3c8,Serpent Society,Hasbro,MCU Thanos BAF Wave,2018,630509612277,already_in_app_same_url,no_catalog_figure,,
mephitsu:marvel-legends:07abe8e3-dd6a-4abf-a7a4-3836c1058f5f,Sersi,Hasbro,The Avengers 60th Anniversary,2023,5010996142573,already_in_app_same_url,no_catalog_figure,,
mephitsu:marvel-legends:a99d04df-662a-498b-b148-ca910ffa4543,Sersi,Hasbro,Gilgamesh BAF Wave,2021,,already_in_app_same_url,wave_or_year_conflict,mlc-sersi,Sersi (2021) [Eternals] 2021
mephitsu:marvel-legends:5def95cd-df90-46a0-9c40-1ca77111b6c6,Shadowcat,Hasbro,Hasbro Pulse,2022,,already_in_app_same_url,no_catalog_figure,,
mephitsu:marvel-legends:b65155e4-8c00-4cf0-a4de-eeb70403db7f,Shadowcat,Hasbro,Age of Apocalypse Wave 2,2021,,already_in_app_same_url,no_catalog_figure,,
mephitsu:marvel-legends:ed64a92d-ff4e-4257-ab56-32ee262337bd,Shaman,Hasbro,"Amazon, Alpha Flight",2019,,already_in_app_same_url,no_catalog_figure,,
mephitsu:marvel-legends:8814e49f-8444-4a32-bc32-031e06430896,Shang Chi,Hasbro,Demogoblin BAF Wave,2020,5010993659470,already_in_app_same_url,no_catalog_figure,,
mephitsu:marvel-legends:8ec6db05-d312-4c7b-948e-13c865af1312,Shang-Chi,Hasbro,Avengers: Doomsday Wave 1,2026,5010996355843,already_in_app_same_url,no_catalog_figure,,
mephitsu:marvel-legends:a508ada6-76ff-4612-a580-3efbb6bd0a71,Shang-Chi,Hasbro,Mr Hyde BAF Wave,2021,5010993790463,already_in_app_same_url,no_catalog_figure,,
mephitsu:marvel-legends:685acc02-e8c5-4237-8fee-349f4b11c9c6,Shanna,Hasbro,SDCC Savage Land 3-Pack,2008,,already_in_app_same_url,no_catalog_figure,,
mephitsu:marvel-legends:1fd9ab7b-a7db-40b9-b4c0-ddf479f53245,Shanna the She-Devil,Hasbro,SDCC 2025 Marvel Snap 'Savage Land',2025,,already_in_app_same_url,no_catalog_figure,,
mephitsu:marvel-legends:538f204e-0344-4c7e-9f19-d485b5ceaad5,Sharon Carter,Hasbro,Red Onslaught BAF Wave,2016,630509400133,already_in_app_same_url,no_catalog_figure,,
mephitsu:marvel-legends:6c49d83f-9d41-46cf-a906-485afc03ea3b,Sharon Carter,Hasbro,"Disney+ Wave, Infinity Ultron BAF",2022,5010994134662,already_in_app_same_url,no_catalog_figure,,
mephitsu:marvel-legends:c8945269-52ca-45d2-a83e-1a9321ac02a7,Sharon Carter,Hasbro,S.H.I.E.L.D. Super Spies,2009,653569359319,already_in_app_same_url,no_catalog_figure,,
mephitsu:marvel-legends:d2710970-e05a-47d1-8eca-1762bc0cb848,Sharon Carter,Hasbro,Fan Channel,2024,5010996222534,already_in_app_same_url,wave_or_year_conflict,ml6-ml-sharon-carter,Sharon Carter (2024) [Wave6] 2024
mephitsu:marvel-legends:1a6114a8-23ea-4162-8e70-98f6e2bc45cf,Shatter Star,Hasbro,Warlock BAF Wave,2017,,already_in_app_same_url,no_catalog_figure,,
mephitsu:marvel-legends:0d53ce79-dffa-421e-9b39-be9745f26990,She-Hulk,Hasbro,Super Skrull BAF Wave,2020,71653569207900,already_in_app_same_url,wave_or_year_conflict,mlc-shehulk-classic,She-Hulk (2021) [Classic] 2020
mephitsu:marvel-legends:343d3ded-e61c-4b04-874e-4041e446d93e,She-Hulk,Hasbro,Fan Channel,2025,5010996206688,already_in_app_same_url,wave_or_year_conflict,lv-hasbro-marvel-legends-she-hulk-fantastic-four-2025,She-Hulk (2025) [Fantastic Four] 2025
mephitsu:marvel-legends:51fccb24-78c0-43ca-ac62-127d018f3c8e,She-Hulk,Hasbro,"Disney+ Wave, Infinity Ultron BAF",2022,5010994134716,already_in_app_same_url,no_catalog_figure,,
mephitsu:marvel-legends:5a105264-c47e-4e92-8bda-90e3b709c986,She-Hulk,Hasbro,Special Release,2021,653569254560,already_in_app_same_url,wave_or_year_conflict,mlc-shehulk-classic,She-Hulk (2021) [Classic] 2020
mephitsu:marvel-legends:81b6f54b-d544-412b-a13a-44adebfb3397,She-Hulk,Hasbro,Blob BAF Wave,2007,653569821045,already_in_app_same_url,no_catalog_figure,,
mephitsu:marvel-legends:bbcdbbf2-a45b-44d4-bccc-dea503d4c1bd,She-Hulk,Hasbro,SDCC Exclusive,2007,5010996352392,already_in_app_same_url,no_catalog_figure,,
mephitsu:marvel-legends:f55dcbe2-8f12-43d8-a99c-5825a7dee714,She-Hulk,Hasbro,Iron Man Retro Wave,2024,5010993842391,already_in_app_same_url,no_catalog_figure,,
mephitsu:marvel-legends:fccebd0d-69ac-4e9f-aeb5-28ff53052697,She-Hulk,Hasbro,"Toys R Us, A-Force",2017,00093179,already_in_app_same_url,no_catalog_figure,,
mephitsu:marvel-legends:6d3144e3-8013-425a-84eb-25d63be789cc,Shiklah,Hasbro,Strong Guy BAF Wave,2020,,already_in_app_same_url,no_catalog_figure,,
mephitsu:marvel-legends:9317a8f8-a104-4373-8c37-32e4c2bdf609,Shocker,Hasbro,Sandman BAF Wave,2017,,already_in_app_same_url,no_catalog_figure,,
mephitsu:marvel-legends:db53fbc9-4554-43b8-ae09-59198b257c4b,Shocker,Hasbro,Spider-Man Retro 2022,2022,5010993937967,already_in_app_same_url,no_catalog_figure,,
mephitsu:marvel-legends:e6d9d1f2-1661-4baa-948b-51260c70a769,Shriek,Hasbro,Armadillo BAF Wave,2021,,already_in_app_same_url,no_catalog_figure,,
mephitsu:marvel-legends:68773766-48f0-4ade-b506-920944db04d6,Shuri,Hasbro,"Marvel Studios Legacy Collection, Series 1",2022,5010994104917,already_in_app_same_url,no_catalog_figure,,
mephitsu:marvel-legends:6cdb34d6-82be-43c6-b7f9-c85e6d1ee8e6,Shuri,Hasbro,Toys R Us,2018,,already_in_app_same_url,wave_or_year_conflict,d14ml-shuri,Shuri (2018) [Black Panther] 2018
mephitsu:marvel-legends:70b73dea-c366-4be9-a83d-5c42ab864118,Shuri,Hasbro,Smart Hulk BAF Wave,2019,630509780846,already_in_app_same_url,no_catalog_figure,,
mephitsu:marvel-legends:254efe95-c4e1-4739-a02c-c2a093568579,Sif,Hasbro,First Ten Years,2018,,already_in_app_same_url,no_catalog_figure,,
mephitsu:marvel-legends:48e92dbd-2d29-4f10-8c25-7c82d81f06ea,Sif,Hasbro,"Toys R Us, A-Force",2017,,already_in_app_same_url,no_catalog_figure,,
mephitsu:marvel-legends:33c5150f-f49f-4a36-a4b1-dc9fa5cadc2b,Silk,Hasbro,Fan Vote Winner,2020,,already_in_app_same_url,no_catalog_figure,,
mephitsu:marvel-legends:ca6ca76d-6947-495c-9a2d-0ad8bde26e1d,Silk,Hasbro,Space Knight Venom BAF Wave,2016,,already_in_app_same_url,no_catalog_figure,,
mephitsu:marvel-legends:cbc80ff3-a962-4473-a477-0b8749188137,Silk,Hasbro,"Amazon, Spider-Man 60th Anniversary",2022,5010994154967,already_in_app_same_url,wave_or_year_conflict,ml6-ml-silk,Silk (2022) [Wave6] 2023
mephitsu:marvel-legends:9a16d7bd-f8ef-4307-a32d-211480a4158f,Silver Sable,Hasbro,Kingpin BAF Wave,2019,630509781829,already_in_app_same_url,no_catalog_figure,,
mephitsu:marvel-legends:b4695358-8817-4e2b-b5ce-d57fb6f4bf07,Silver Samurai,Hasbro,Retro 2019,2019,21630509825691,already_in_app_same_url,wave_or_year_conflict,d14ml-silver-sam,Silver Samurai (2019) [X-Men] 2019
mephitsu:marvel-legends:d63517ac-da2e-44e2-90ac-cf3896b3a5a4,Silver Samurai,Hasbro,Amazon / Fan Channel Marvel vs Capcom,2025,630509825752,already_in_app_same_url,no_catalog_figure,,
mephitsu:marvel-legends:941ec656-bf49-494d-b335-274de9d2f7e4,Silver Savage,Hasbro,Target Red Hulk BAF Wave,2008,653569318934,already_in_app_same_url,no_catalog_figure,,
mephitsu:marvel-legends:06a551fc-2575-4230-94b1-e4a78e65e67d,Silver Surfer,Hasbro,Ronan the Accuser BAF Wave,2007,653569230441,already_in_app_same_url,no_catalog_figure,,
mephitsu:marvel-legends:072242d3-a096-4a44-97d9-c95130ed09b2,Silver Surfer,Hasbro,Walgreens,2018,21630509663781,already_in_app_same_url,no_catalog_figure,,
mephitsu:marvel-legends:69761c02-cbff-44f9-846a-46a6ef745059,Silver Surfer,Hasbro,Walmart,2007,5010993800858,already_in_app_same_url,no_catalog_figure,,
mephitsu:marvel-legends:a41d165f-1ef9-44e4-a9e8-0c5eaf412d32,Silver Surfer,Hasbro,HasLab,2022,653569233251,replaces_existing,wave_or_year_conflict,ml3-ml-silver-surfer-baf,Silver Surfer (2022) [BAF] 2022
mephitsu:marvel-legends:a8e862f4-d879-455f-9f9e-316c94f91217,Silver Surfer,Hasbro,Fantastic Four: First Steps,2025,5010996283023,already_in_app_same_url,wave_or_year_conflict,mlc-silver-surfer-retro,Silver Surfer (2025) [Retro] 2024
mephitsu:marvel-legends:b594a2cd-b6a6-435f-9fc5-adf6489cfca4,Silver Surfer,Hasbro,Mini-Comic Wave 2,2025,5010996322463,already_in_app_same_url,wave_or_year_conflict,mlc-silver-surfer-retro,Silver Surfer (2025) [Retro] 2024
mephitsu:marvel-legends:c7ed5452-fd1a-4018-a266-dab4d3e78d5f,Silver Surfer,Hasbro,Re-Release (US),2024,630509663781,already_in_app_same_url,wave_or_year_conflict,mlc-silver-surfer-retro,Silver Surfer (2025) [Retro] 2024
mephitsu:marvel-legends:d315639e-38e2-4ff3-b1d6-0f75d4e39f1a,Silvermane,Hasbro,Amazon,2023,,already_in_app_same_url,no_catalog_figure,,
mephitsu:marvel-legends:b3142cc6-173b-42ab-a16b-9054d1895f70,Singularity,Hasbro,"Toys R Us, A-Force",2017,,already_in_app_same_url,no_catalog_figure,,
mephitsu:marvel-legends:9df83fac-c120-4ee9-a164-49f21d9d86d2,Siryn,Hasbro,Bonebreaker BAF,2022,,already_in_app_same_url,wave_or_year_conflict,ml4-siryn,Siryn (2022) [X-Force] 2023
mephitsu:marvel-legends:07a8070a-5395-467e-97e3-098862dea28b,Skarr,Hasbro,"Marvel 85th Anniversary, Target (US) / Fan Channel",2024,,already_in_app_same_url,no_catalog_figure,,
mephitsu:marvel-legends:80b282cf-3c35-4e10-bba2-57feb0913ec8,Skrull Army Builder,Hasbro,Hasbro Pulse,2022,,already_in_app_same_url,no_catalog_figure,,
mephitsu:marvel-legends:6c013352-82ea-4f18-ad70-3a4010c8ea13,Skrull Soldier,Hasbro,Alien Armies,2009,,already_in_app_same_url,no_catalog_figure,,
mephitsu:marvel-legends:70e330c0-8690-4f85-9833-73eed11b55b8,Skullbuster,Hasbro,Caliban BAF Wave,2019,,already_in_app_same_url,no_catalog_figure,,
mephitsu:marvel-legends:aab34c8e-9ff4-4f72-af30-7017409fd011,Skurge,Hasbro,80th Anniversary,2019,,already_in_app_same_url,no_catalog_figure,,
mephitsu:marvel-legends:47f61f1f-b7a7-4663-a76f-23e19f8f48a4,Sleepwalker,Hasbro,Rintrah BAF Wave,2022,,already_in_app_same_url,no_catalog_figure,,
mephitsu:marvel-legends:271f2495-fb1f-411c-8112-1af67da25652,Smart Hulk,Hasbro,Smart Hulk BAF Wave,2019,,replaces_existing,no_catalog_figure,,
mephitsu:marvel-legends:4c1fedef-8c37-4cc1-b6c1-7148413049ae,Smythe,Hasbro,"Hasbro Pulse, Disney Store VHS Spider-Man",2023,,already_in_app_same_url,no_catalog_figure,,
mephitsu:marvel-legends:99d382fc-e75a-4007-878e-76767c1090c6,Snowbird,Hasbro,"Amazon, Alpha Flight",2019,,already_in_app_same_url,no_catalog_figure,,
mephitsu:marvel-legends:c5070338-2a61-4d5b-94bc-4f8d782c4135,Son of Hulk,Hasbro,Fin Fang Foom BAF Wave,2008,653569291442,already_in_app_same_url,no_catalog_figure,,
mephitsu:marvel-legends:9e40aa3e-43d6-4a50-9f0f-7e2bd89145e9,Songbird,Hasbro,MCU Thanos BAF Wave,2018,,already_in_app_same_url,no_catalog_figure,,
mephitsu:marvel-legends:2417bf0d-c44e-45e3-a283-0e51aa3a9a37,SP//DR,Hasbro,SP//DR BAF Wave,2018,630509689415,replaces_existing,no_catalog_figure,,
mephitsu:marvel-legends:866f3c2e-c5fb-4669-aff5-424f936e4201,Space Knight Venom,Hasbro,Space Knight Venom BAF Wave,2016,,replaces_existing,no_catalog_figure,,
mephitsu:marvel-legends:2d48f28f-4ad8-4814-be85-9c37fd93ec56,Speed Demon,Hasbro,Absorbing Man BAF Wave,2016,630509397273,already_in_app_same_url,no_catalog_figure,,
mephitsu:marvel-legends:16d64373-a5b1-4174-8a66-7fe36510cb79,Speedball,Hasbro,The Controller BAF,2022,,already_in_app_same_url,no_catalog_figure,,
mephitsu:marvel-legends:def26685-df03-4cbc-96e3-c964278bd0bc,Spider Armor Mk1 Spider-Man,Hasbro,Spider-Man Retro 2022,2022,5010993937981,already_in_app_same_url,no_catalog_figure,,
mephitsu:marvel-legends:abd8e8c3-66ce-4306-9980-4842499c2311,Spider UK,Hasbro,Sandman BAF Wave,2017,630509491100,already_in_app_same_url,no_catalog_figure,,
mephitsu:marvel-legends:e877bd1d-3f31-4587-b4bd-fbf014d0a010,Spider-Boy,Hasbro,Retro Spider-Man Wave,2025,5010996282712,already_in_app_same_url,no_catalog_figure,,
mephitsu:marvel-legends:4d9e4492-0924-49d7-872b-f240adf61c62,Spider-Girl,Hasbro,Hobgoblin BAF Wave,2015,,already_in_app_same_url,no_catalog_figure,,
mephitsu:marvel-legends:692c75d8-fd8e-4ed6-8433-d2b4db52127f,Spider-Girl,Hasbro,Ultimate Goblin BAF Wave,2014,,already_in_app_same_url,no_catalog_figure,,
mephitsu:marvel-legends:99f7e838-59b7-4528-ab1b-5c81e48c2501,Spider-Girl,Hasbro,Space Knight Venom BAF Wave,2016,,already_in_app_same_url,no_catalog_figure,,
mephitsu:marvel-legends:4a00f4cb-afbc-4eba-ba3e-6a1fc31d343b,Spider-Gwen,Hasbro,Absorbing Man BAF Wave,2016,630509397372,already_in_app_same_url,no_catalog_figure,,
mephitsu:marvel-legends:4c5c915b-68c7-4312-af11-b2179d93e5f5,Spider-Gwen,Hasbro,Target,2018,5010996237880,already_in_app_same_url,wave_or_year_conflict,mlc-spidergwen-classic,Spider-Gwen (2018) [Classic] 2018
mephitsu:marvel-legends:b7672c3b-de6d-4de9-b425-06d7400faa76,Spider-Gwen,Hasbro,Across the Spiderverse Part 1,2023,5010994181901,already_in_app_same_url,no_catalog_figure,,
mephitsu:marvel-legends:070e895e-19ff-413b-b989-6c05bc797e75,Spider-Ham,Hasbro,Spider-Man 60th Anniversary,2022,630509713561,already_in_app_same_url,no_catalog_figure,,
mephitsu:marvel-legends:bbcd2b8a-2cf9-458e-8c09-ec497110bded,Spider-Ham,Hasbro,Monster Venom BAF Wave,2018,,already_in_app_same_url,no_catalog_figure,,
mephitsu:marvel-legends:00590e29-e804-4097-8045-044caef2bda4,Spider-Man,Hasbro,"Renew Your Vows Box Set, Spider-Man 60th Anniversary",2022,5010994153731,already_in_app_same_url,no_catalog_figure,,
mephitsu:marvel-legends:0ff89a7a-0156-4300-b065-96b2717eca9d,Spider-Man,Hasbro,Unleashed,2008,5010996322951,already_in_app_same_url,no_catalog_figure,,
mephitsu:marvel-legends:151b3e58-64b5-41dd-b51f-e83913e439ed,Spider-Man,Hasbro,Sandman BAF Wave,2007,5010996146083,already_in_app_same_url,no_catalog_figure,,
mephitsu:marvel-legends:16fc1650-6b14-41aa-8f8c-a11c60d0e2b4,Spider-Man,Hasbro,"No Way Home , Hasbro Pulse",2023,5010996146090,replaces_existing,no_catalog_figure,,
mephitsu:marvel-legends:19169d9d-4d52-43ca-8e37-fcbd04fe6a97,Spider-Man,Hasbro,SDCC 2026,2026,5010994158477,already_in_app_same_url,wave_or_year_conflict,lv-hasbro-marvel-legends-spider-man-executioner-2026,Spider-Man (2026) [Executioner] 2026
mephitsu:marvel-legends:28bde799-6584-4a78-b552-6f3244ffeade,Spider-Man,Hasbro,Amazon,2023,5010996273178,already_in_app_same_url,no_catalog_figure,,
mephitsu:marvel-legends:291b6c71-824e-4e1d-b42c-62eba58b8d12,Spider-Man,Hasbro,Hasbro Pulse,2024,630509427864,already_in_app_same_url,no_catalog_figure,,
mephitsu:marvel-legends:2d373b8e-6322-42ec-9139-ffbd7c5e2955,Spider-Man,Hasbro,Spider-Man & his Amazing Friends Boxset,2022,5010994153939,already_in_app_same_url,no_catalog_figure,,
mephitsu:marvel-legends:3b0260b1-4b9c-40bf-8de5-8f986aa75bb8,Spider-Man,Hasbro,Space Knight Venom BAF Wave,2016,,already_in_app_same_url,no_catalog_figure,,
mephitsu:marvel-legends:3fbfdecb-66ff-480a-bc01-6b4608007ac3,Spider-Man,Hasbro,Retro Wave 1,2018,,already_in_app_same_url,wave_or_year_conflict,mlc-spiderman-sym,Spider-Man (2018) [Symbiote] 2018
mephitsu:marvel-legends:56e1f160-9e4d-47d0-b713-838dee1e2509,Spider-Man,Hasbro,Gamestop,2018,,already_in_app_same_url,wave_or_year_conflict,mlc-spiderman-sym,Spider-Man (2018) [Symbiote] 2018
mephitsu:marvel-legends:5f1a2177-62c2-4cd3-bc2f-cdd8b9879ea0,Spider-Man,Hasbro,"SDCC, The Raft",2016,5010994153779,already_in_app_same_url,no_catalog_figure,,
mephitsu:marvel-legends:67796efa-2a10-4ee9-8f23-a3ca70e68c22,Spider-Man,Hasbro,UK Wave,2019,630509318292,already_in_app_same_url,no_catalog_figure,,
mephitsu:marvel-legends:718e2189-aa4f-4160-bde9-40ba3d8e8afd,Spider-Man,Hasbro,Target (US) / Fan Channel,2026,5010996294951,already_in_app_same_url,wave_or_year_conflict,lv-hasbro-marvel-legends-spider-man-executioner-2026,Spider-Man (2026) [Executioner] 2026
mephitsu:marvel-legends:8297a960-29a8-48ac-9269-68afce3efd0d,Spider-Man,Hasbro,Walmart (US) / Fan Channel,2023,5010993791491,already_in_app_same_url,no_catalog_figure,,
mephitsu:marvel-legends:867362c4-5b1a-4f0f-9cfb-53d99d801528,Spider-Man,Hasbro,Toys R Us,2017,,already_in_app_same_url,wave_or_year_conflict,d14ml-ml-retro-spidey,Spider-Man (2017) [Retro Card] 2017
mephitsu:marvel-legends:910971d3-9f3c-47a2-9e79-f1087bde5051,Spider-Man,Hasbro,Fan Channel,2024,5010996411174,already_in_app_same_url,no_catalog_figure,,
mephitsu:marvel-legends:91c389a0-7409-4920-ae37-ea5b1a4267c1,Spider-Man,Hasbro,Civil War Multi-Pack,2016,,already_in_app_same_url,no_catalog_figure,,
mephitsu:marvel-legends:9217ae41-b23a-4738-ab42-c67ca38c3c4a,Spider-Man,Hasbro,Ultimate Goblin BAF Wave,2014,,already_in_app_same_url,no_catalog_figure,,
mephitsu:marvel-legends:9237816a-bb7c-45ad-906a-091ab4cae05c,Spider-Man,Hasbro,Infinity Saga,2023,5010996146076,already_in_app_same_url,no_catalog_figure,,
mephitsu:marvel-legends:a997edcf-b7e3-4516-a13f-64bb6ad46118,Spider-Man,Hasbro,Marvel Rivals,2026,5010996282620,already_in_app_same_url,wave_or_year_conflict,lv-hasbro-marvel-legends-spider-man-executioner-2026,Spider-Man (2026) [Executioner] 2026
mephitsu:marvel-legends:aad61121-3ad0-4e64-b000-393206a5e506,Spider-Man,Hasbro,Marvel Studios Fan Channel,2026,5010996142764,already_in_app_same_url,wave_or_year_conflict,lv-hasbro-marvel-legends-spider-man-executioner-2026,Spider-Man (2026) [Executioner] 2026
mephitsu:marvel-legends:ad2f1a14-02be-4fe1-b08a-757db6206a49,Spider-Man,Hasbro,Target,2018,,already_in_app_same_url,wave_or_year_conflict,mlc-spiderman-sym,Spider-Man (2018) [Symbiote] 2018
mephitsu:marvel-legends:bbed314b-a0d0-4422-8cfa-2a0f37598992,Spider-Man,Hasbro,Fan Channel,2023,5010996117618,already_in_app_same_url,no_catalog_figure,,
mephitsu:marvel-legends:be1563f7-08e2-48a5-a464-c04cdae92d8f,Spider-Man,Hasbro,"Maximum Series, Amazon & Fan Channel",2025,5010993842582,already_in_app_same_url,wave_or_year_conflict,lv-hasbro-marvel-legends-spider-man-2025-release-2025,Spider-Man (2025) [2025 release] 2025
mephitsu:marvel-legends:be1d472c-a0ee-4d9a-a774-0b6e7b91d19e,Spider-Man,Hasbro,Spider-Man: Brand New Day,2026,5010996404893,already_in_app_same_url,wave_or_year_conflict,lv-hasbro-marvel-legends-spider-man-executioner-2026,Spider-Man (2026) [Executioner] 2026
mephitsu:marvel-legends:c2386e53-1b27-47ed-966f-ddcc601be91a,Spider-Man,Hasbro,Marvel Studios,2025,5010993962679,already_in_app_same_url,wave_or_year_conflict,lv-hasbro-marvel-legends-spider-man-2025-release-2025,Spider-Man (2025) [2025 release] 2025
mephitsu:marvel-legends:c42d8f57-0351-4a30-8665-e6d2f7190d51,Spider-Man,Hasbro,Target,2019,630509817894,already_in_app_same_url,no_catalog_figure,,
mephitsu:marvel-legends:fc9a804c-d89f-4ec7-9d9f-25a9094b0b58,Spider-Man,Hasbro,Molten Man BAF Wave,2019,630509595808,already_in_app_same_url,no_catalog_figure,,
mephitsu:marvel-legends:fd07e80a-5d91-45eb-8fcc-f27828aa721d,Spider-Man,Hasbro,No Way Home  Wave,2023,5010993715527,already_in_app_same_url,no_catalog_figure,,
mephitsu:marvel-legends:ff3fa935-e28c-4746-8ef5-26e238b39fbe,Spider-Man,Hasbro,VHS Spider-Man,2023,5010996382450,already_in_app_same_url,no_catalog_figure,,
mephitsu:marvel-legends:19a700d0-ac2d-4983-b92e-aac66ead16f1,Spider-Man 'Alien Costume',Hasbro,Secret Wars Wave 2,2026,,already_in_app_same_url,no_catalog_figure,,
mephitsu:marvel-legends:c46dab59-4966-4dfa-b636-489aedee8b3d,Spider-Man 'Amazing Fantasy' First Appearance,Hasbro,Spider-Man 60th Anniversary,2022,,already_in_app_same_url,no_catalog_figure,,
mephitsu:marvel-legends:df52c09b-2a82-416d-bc75-7141603b2ef6,Spider-Man 'Battle Damage',Hasbro,Spider-Man x Magic The Gathering,2025,5010996323156,already_in_app_same_url,no_catalog_figure,,
mephitsu:marvel-legends:86549f9a-37a3-48df-939e-9e2bfe527c80,Spider-Man 'Future Foundation',Hasbro,Future Foundation,2026,5010994153953,already_in_app_same_url,no_catalog_figure,,
mephitsu:marvel-legends:09415dde-dd80-4e1e-83a9-6c5ee45b67d1,Spider-Man 'Symbiote Suit',Hasbro,Special,2025,630509517428,already_in_app_same_url,wave_or_year_conflict,lv-hasbro-marvel-legends-spider-man-symbiote-suit-2025,Spider-Man (Symbiote Suit) (2025) [] 2025
mephitsu:marvel-legends:8702469b-6493-4ad2-a00f-f46f5dc1846d,Spider-Man 'Velocity Suit',Hasbro,Walmart (US) / Fan Channel,2025,,already_in_app_same_url,no_catalog_figure,,
mephitsu:marvel-legends:aef2f952-92de-4b24-b624-3efd9e9d0203,Spider-Man (Animated Series),Hasbro,Walmart / Fan Channel,2022,,already_in_app_same_url,no_catalog_figure,,
mephitsu:marvel-legends:b5ca8d74-4003-4526-a697-dcf2d335dae5,Spider-Man (Animated Series),Hasbro,Marvel Legends Rerelease,2026,F3477,already_in_app_same_url,no_catalog_figure,,
mephitsu:marvel-legends:8dcaef7f-70a2-4b79-8710-9a4f805e1970,Spider-Man (Black Suit),Hasbro,Sandman BAF Wave,2007,,already_in_app_same_url,no_catalog_figure,,
mephitsu:marvel-legends:01320326-af31-416e-ab1c-0a5cc06a72b9,Spider-Man 2099,Hasbro,Retro 2021,2021,5010993842377,already_in_app_same_url,no_catalog_figure,,
mephitsu:marvel-legends:32f28773-a7b5-40a8-91d5-ba1f07d28e95,Spider-Man 2099,Hasbro,Sandman BAF Wave,2017,630509490554,already_in_app_same_url,no_catalog_figure,,
mephitsu:marvel-legends:3627e33b-a133-4b45-84b9-5e067daca243,Spider-Man 2099,Hasbro,Across the Spiderverse Wave 2,2024,5010996237804,already_in_app_same_url,no_catalog_figure,,
mephitsu:marvel-legends:5c7bf8f1-a6fb-48bf-a973-6de70fa12adf,Spider-Man 2099,Hasbro,Spider-Man Retro,2026,5010996355874,already_in_app_same_url,wave_or_year_conflict,lv-hasbro-marvel-legends-spider-man-2099-spider-man-retro-collection-6-2026,Spider-Man 2099 (2026) [Spider-Man: Retro Collection 6] 2026
mephitsu:marvel-legends:ac6e9391-35d3-4a38-ba19-1251394a78cb,Spider-Man 2099,Hasbro,Across the Spiderverse Part 1,2023,5010994181918,already_in_app_same_url,no_catalog_figure,,
mephitsu:marvel-legends:d5be4ca6-5c07-4b58-b804-a014e41612f6,Spider-Man 2099,Hasbro,Hobgoblin BAF Wave,2015,630509281091,already_in_app_same_url,no_catalog_figure,,
mephitsu:marvel-legends:5d4476e9-9f4a-407a-93fe-6c86c17c4845,Spider-Man Future Foundation Stealth Suit,Hasbro,Spider-Man 60th Anniversary,2022,,already_in_app_same_url,no_catalog_figure,,
mephitsu:marvel-legends:70276292-b323-4cf7-a6c1-0937c6adc8e7,Spider-Man Noir,Hasbro,Spider-Man Noir,2026,5010994153793,already_in_app_same_url,no_catalog_figure,,
mephitsu:marvel-legends:761e6526-0fc1-4c28-b49c-69be7b45bc9f,Spider-Man Noir,Hasbro,Lizard BAF Wave,2018,630509619139,already_in_app_same_url,no_catalog_figure,,
mephitsu:marvel-legends:e6b92bbb-3e82-441f-9538-25b7e6336fef,Spider-Man Unlimited,Hasbro,Retro Spider-Man Wave,2025,5010996282699,already_in_app_same_url,wave_or_year_conflict,lv-hasbro-marvel-legends-spider-man-unlimited-spider-man-retro-collection-5-2025,Spider-Man Unlimited (2025) [Spider-Man: Retro Collection 5] 2025
mephitsu:marvel-legends:8e6bc406-b107-482b-a146-032894378f0c,"Spider-Man, 6 armed",Hasbro,Kingpin BAF Wave,2019,,already_in_app_same_url,no_catalog_figure,,
mephitsu:marvel-legends:2ef21f7e-6509-449c-b57f-8776c38c8a01,"Spider-Man, Black & Gold Suit",Hasbro,Armadillo BAF Wave,2021,5010993844739,already_in_app_same_url,no_catalog_figure,,
mephitsu:marvel-legends:9ae76442-3b2c-4b1f-aa5c-856b369c5bc0,"Spider-Man, Black Suit",Hasbro,Target Red Hulk BAF Wave,2008,653569318910,already_in_app_same_url,no_catalog_figure,,
mephitsu:marvel-legends:3ed5ede0-8245-4720-a23f-a9a0a6bad7f3,"Spider-Man, Black Sut",Hasbro,Unleashed,2008,,already_in_app_same_url,no_catalog_figure,,
mephitsu:marvel-legends:4a8c701b-3ea7-4537-b726-15c400ae5a8a,"Spider-Man, Homemade Suit",Hasbro,Vulture Suit BAF Wave,2017,71630509517428,already_in_app_same_url,no_catalog_figure,,
mephitsu:marvel-legends:7782e211-e699-43ce-b598-dcd6030c2047,"Spider-Man, House of M",Hasbro,SP//DR BAF Wave,2018,630509689453,already_in_app_same_url,no_catalog_figure,,
mephitsu:marvel-legends:6a8f3f74-9378-4ff8-b535-c6eadac8b8b1,"Spider-Man, Integrated Suit",Hasbro,Armadillo BAF Wave,2021,5010993844722,already_in_app_same_url,no_catalog_figure,,
mephitsu:marvel-legends:abebd448-0d45-4380-b98b-3b88f90c7cc9,"Spider-Man, Mk3 Armour",Hasbro,Demogoblin BAF Wave,2020,,already_in_app_same_url,no_catalog_figure,,
mephitsu:marvel-legends:ce517321-0eed-428d-9847-4397bbc395e1,"Spider-Man, Stealth Suit",Hasbro,Molten Man BAF Wave,2019,630509817245,already_in_app_same_url,wave_or_year_conflict,d14ml-spidey-stealth,Spider-Man Stealth Suit (2019) [Stealth Suit] 2019
mephitsu:marvel-legends:8a2d425d-eabe-424d-981c-136f75499ec6,"Spider-Man, Tech Suit",Hasbro,Vulture Suit BAF Wave,2017,,already_in_app_same_url,no_catalog_figure,,
mephitsu:marvel-legends:4631d6ab-092a-4e79-9174-a99dfeec4675,"Spider-Man, unmasked",Hasbro,Spider-Man : Homecoming,2017,,already_in_app_same_url,no_catalog_figure,,
mephitsu:marvel-legends:345de4af-2810-4078-b44e-59d7fb2f2a1c,"Spider-Man, Upgraded Suit",Hasbro,Walmart / Hasbro Pulse UK,2021,,already_in_app_same_url,no_catalog_figure,,
mephitsu:marvel-legends:d1f9f0a7-2212-4e3e-a3d3-6e96735fc2d9,"Spider-Man, Velocity Suit",Hasbro,Demogoblin BAF Wave,2020,,already_in_app_same_url,no_catalog_figure,,
mephitsu:marvel-legends:217117d5-aa37-4ade-aa7d-da7c5df259b3,"Spider-Man, Yellow Blazer",Hasbro,Target,2019,,already_in_app_same_url,no_catalog_figure,,
mephitsu:marvel-legends:2ef9f715-32fe-41fb-88ef-779a73714bc5,Spider-Noir,Hasbro,Spider-Man 60th Anniversary,2022,,already_in_app_same_url,no_catalog_figure,,
mephitsu:marvel-legends:2123b2e2-4a02-41e7-b9fa-57b04058c50e,Spider-Punk,Hasbro,Lizard BAF Wave,2018,630509619160,already_in_app_same_url,no_catalog_figure,,
mephitsu:marvel-legends:46b8399f-c8be-4781-a097-a25baba4953a,Spider-Punk,Hasbro,Across the Spiderverse Part 1,2023,5010994181932,already_in_app_same_url,wave_or_year_conflict,ml2-spiderman-punk,Spider-Punk (2023) [Hobart Brown] 2023
mephitsu:marvel-legends:6b1c3577-2d19-4fb7-9388-f90902458274,Spider-Punk,Hasbro,Across the Spiderverse Wave 2,2024,5010996237897,already_in_app_same_url,no_catalog_figure,,
mephitsu:marvel-legends:1bf00bb2-1910-4f28-819e-5d87bfdf0497,Spider-Shot,Hasbro,Fan Channel Spider-Man Retro,2024,5010996197023,already_in_app_same_url,wave_or_year_conflict,lv-hasbro-marvel-legends-spider-shot-spider-man-retro-collection-4-2024,Spider-Shot (2024) [Spider-Man: Retro Collection 4] 2024
mephitsu:marvel-legends:873aa96c-6a29-486d-97d2-fba3430adc4e,Spider-Venom,Hasbro,Spider-Man Retro,2026,5010996355898,already_in_app_same_url,wave_or_year_conflict,lv-hasbro-marvel-legends-spider-venom-spider-man-retro-collection-6-2026,Spider-Venom (2026) [Spider-Man: Retro Collection 6] 2026
mephitsu:marvel-legends:1d4c2a0c-8792-412b-b4be-9e6292651751,Spider-Woman,Hasbro,Molten Man BAF Wave,2019,630509817283,already_in_app_same_url,no_catalog_figure,,
mephitsu:marvel-legends:c5fca14e-2e74-47ac-9910-74ecfe5522b8,Spider-Woman,Hasbro,Thanos BAF Wave,2015,71630509284320,already_in_app_same_url,no_catalog_figure,,
mephitsu:marvel-legends:fa14bca5-2fe9-4fc7-b613-fa2ce958bce6,Spider-Woman,Hasbro,"Amazon, West Coast Avengers",2023,630509284320,replaces_existing,wave_or_year_conflict,ml6-ml-spiderwoman,Spider-Woman (2023) [Jessica Drew · Spider-Man: Retro Collection 3] 2023
mephitsu:marvel-legends:aab0e99b-3075-49da-b076-71988af39772,Spider-Woman Skrull Queen,Hasbro,The Avengers 60th Anniversary,2023,,already_in_app_same_url,no_catalog_figure,,
mephitsu:marvel-legends:722bdaf6-a5ee-403b-8a6b-7715ba1c2e83,Spiral,Hasbro,Marvel Games,2026,5010996352514,replaces_existing,no_catalog_figure,,
mephitsu:marvel-legends:7bec083e-1e77-47bb-8f39-40bf12cc37ea,Spiral,Hasbro,X-Men Retro Wave 2,2022,5010994140618,already_in_app_same_url,no_catalog_figure,,
mephitsu:marvel-legends:ef1f91db-3dc7-4ac3-8ec8-8976d1c9be5b,Spiral,Hasbro,Target Red Hulk BAF Wave,2008,653569318958,already_in_app_same_url,no_catalog_figure,,
mephitsu:marvel-legends:0d8172a3-3238-4018-a507-a05c1013f814,Spiral (no helmet),Hasbro,Target Red Hulk BAF Wave,2008,,already_in_app_same_url,no_catalog_figure,,
mephitsu:marvel-legends:d51bc312-87aa-436f-be51-3168c466f49e,Spirit-Spider,Hasbro,Walmart US) / Fan Channel,2025,5010996290373,already_in_app_same_url,no_catalog_figure,,
mephitsu:marvel-legends:9b16fcc2-69b2-4a15-a2cf-316707dc38b6,Sprite,Hasbro,Gilgamesh BAF Wave,2021,,already_in_app_same_url,wave_or_year_conflict,mlc-sprite,Sprite (2021) [Eternals] 2022
mephitsu:marvel-legends:ac2f3ddd-87be-4fa7-ab9b-5a60ee93d248,Spymaster,Hasbro,Crimson Dynamo BAF Wave,2020,,already_in_app_same_url,no_catalog_figure,,
mephitsu:marvel-legends:a0fd0538-33cf-41bd-949d-8d14ccae9f94,"Squirril Girl, w/ Scooter",Hasbro,Ultimate Riders,2020,,already_in_app_same_url,no_catalog_figure,,
mephitsu:marvel-legends:9c555c80-d4fc-4c9d-bb82-beeb89653c55,Stan Lee,Hasbro,SDCC Exclusive,2007,5010993697137,already_in_app_same_url,no_catalog_figure,,
mephitsu:marvel-legends:cf66a129-1aa9-43f0-a42d-65828f8cfc36,Stan Lee,Hasbro,Stan Lee Special,2020,,already_in_app_same_url,no_catalog_figure,,
mephitsu:marvel-legends:b8e5540a-03d2-4143-a1cf-2d2e80d5d447,Star Lord,Hasbro,Walmart / Fan Channel,2023,5010994179755,already_in_app_same_url,wave_or_year_conflict,ml6-ml-starlord-vol3,Star-Lord (2023) [Vol. 3 Wave6] 2023
mephitsu:marvel-legends:e4198267-a72e-41b5-9c13-dcc006638cce,Star Lord,Hasbro,"""Best of"" MCU Gladiator Hulk Wave",2018,,already_in_app_same_url,wave_or_year_conflict,mlc-starlord,Star-Lord (2017) [Classic] 2018
mephitsu:marvel-legends:379f3964-814c-493d-999e-4030af298776,Star-Jammer Corsair,Hasbro,Ch'od BAF Wave,2023,,already_in_app_same_url,no_catalog_figure,,
mephitsu:marvel-legends:0376b4df-3b8a-47b6-a3e9-250d5f51baf8,Star-Lord,Hasbro,Groot BAF Wave,2014,,already_in_app_same_url,no_catalog_figure,,
mephitsu:marvel-legends:0b83275a-af7b-481f-80c9-15d8d8c807c6,Star-Lord,Hasbro,Entertainment Earth,2015,,already_in_app_same_url,no_catalog_figure,,
mephitsu:marvel-legends:16aad3da-65ee-4367-b47e-d76f2e5c3da0,Star-Lord,Hasbro,Korg BAF,2022,,already_in_app_same_url,no_catalog_figure,,
mephitsu:marvel-legends:5ac3a0a5-399b-48d5-be54-995b89e57e89,Star-Lord,Hasbro,Disney Store,2022,630509501366,replaces_existing,no_catalog_figure,,
mephitsu:marvel-legends:7f25c0fc-8f6b-40fe-9f1c-b7c4146faa8e,Star-Lord,Hasbro,GOTG2,2017,,already_in_app_same_url,wave_or_year_conflict,mlc-starlord,Star-Lord (2017) [Classic] 2018
mephitsu:marvel-legends:804ae3bd-b723-4b1d-a44d-4d9e26800700,Star-Lord,Hasbro,"SDCC, The Thanos Imperative",2014,,already_in_app_same_url,no_catalog_figure,,
mephitsu:marvel-legends:931c0598-5aa9-46f2-a047-bddff585fad1,Star-Lord,Hasbro,Titus BAF Wave,2017,,already_in_app_same_url,wave_or_year_conflict,mlc-starlord,Star-Lord (2017) [Classic] 2018
mephitsu:marvel-legends:d455b7f6-4112-452f-9f3f-cba6e36f5a89,Star-Lord (long coat),Hasbro,Mantis BAF Wave,2017,,already_in_app_same_url,no_catalog_figure,,
mephitsu:marvel-legends:e4b68567-6070-46c1-a482-e1f3f70f1bb0,Starfox,Hasbro,General,2025,,already_in_app_same_url,no_catalog_figure,,
mephitsu:marvel-legends:afd52073-ad6a-4aa3-8c46-99c4dfec86d7,Stealth Captain America,Hasbro,Joe Fixit BAF Wave,2020,,already_in_app_same_url,no_catalog_figure,,
mephitsu:marvel-legends:4a4d96ca-8481-4632-9c9e-5d2adb5063c2,Stealth Iron-Man,Hasbro,Terrrax BAF Wave,2012,5010993791149,already_in_app_same_url,no_catalog_figure,,
mephitsu:marvel-legends:865e570e-aad6-497f-a5fb-f3e19ad299aa,Stealth Iron-Man,Hasbro,Ursa Major BAF Wave,2021,,already_in_app_same_url,no_catalog_figure,,
mephitsu:marvel-legends:90bc4342-9336-4f40-8026-0c5409745644,Stepford Cuckoos,Hasbro,Walgreens,2020,,already_in_app_same_url,no_catalog_figure,,
mephitsu:marvel-legends:4f3246a1-6efe-497d-a029-579289971596,Steve Rogers,Hasbro,Terrrax BAF Wave,2012,5010993986125,already_in_app_same_url,no_catalog_figure,,
mephitsu:marvel-legends:a6f73e30-6109-436f-8419-5516695a82fd,Steve Rogers (clear shield),Hasbro,Terrrax BAF Wave,2012,,already_in_app_same_url,no_catalog_figure,,
mephitsu:marvel-legends:1c402da4-fdb7-4e98-ab30-005921287436,Steve Rogers Captain America,Hasbro,Marvel Studios,2025,653569690399,already_in_app_same_url,no_catalog_figure,,
mephitsu:marvel-legends:36194e40-4ccb-423c-bbdc-4bf170c32c33,Steve Rogers Captain America,Hasbro,Special,2022,,already_in_app_same_url,no_catalog_figure,,
mephitsu:marvel-legends:04d871ad-36a7-4c1a-a82e-0492c3692a52,Stilt Man,Hasbro,Stilt Man BAF Wave,2021,,replaces_existing,no_catalog_figure,,
mephitsu:marvel-legends:84e049c5-eb89-4c2a-97ed-be91d6f0912b,Stinger,Hasbro,Toys R Us,2018,630509635337,already_in_app_same_url,no_catalog_figure,,
mephitsu:marvel-legends:28ce11f5-900b-4a88-ab6e-939c39a2c097,Storm,Hasbro,X-Men Animated VHS Series,2022,5010996320551,already_in_app_same_url,wave_or_year_conflict,hs8-hs-30,Storm (2022) [Marvel Legends X-Men 97] 2022
mephitsu:marvel-legends:4c98499e-994b-42bf-9fad-d5c3f30416bf,Storm,Hasbro,Target US / Fan Channel,2025,5010996143778,already_in_app_same_url,wave_or_year_conflict,lv-hasbro-marvel-legends-storm-uncanny-x-men-2025,Storm (2025) [Uncanny X-Men] 2025
mephitsu:marvel-legends:76176d39-dab3-4356-91d6-56023521d73d,Storm,Hasbro,X-Men 60th Anniversary,2023,5010996324894,already_in_app_same_url,wave_or_year_conflict,ml5-ml-x97-storm,Storm (2023) [X-Men '97 Legends] 2023
mephitsu:marvel-legends:96667bd7-fa8b-4fd8-a279-629e53e636a4,Storm,Hasbro,Apocalypse BAF Wave,2018,,already_in_app_same_url,wave_or_year_conflict,d14ml-ml-retro-storm,Storm (2018) [Retro Card] 2018
mephitsu:marvel-legends:9810d1c2-ba16-424e-a93d-889ad08aae2a,Storm,Hasbro,"Retro 2020, Fan Channel",2020,,already_in_app_same_url,wave_or_year_conflict,d14ml-storm-black,Storm (2020) [Black Costume] 2020
mephitsu:marvel-legends:9bbe7865-323d-4bc1-a863-0aa9aee9d763,Storm,Hasbro,Retro 2019,2019,,already_in_app_same_url,no_catalog_figure,,
mephitsu:marvel-legends:b96be1dc-8ee8-4fc5-929b-3d10f6b24946,Storm,Hasbro,X-Men 2-Pack,2020,5010993697946,already_in_app_same_url,wave_or_year_conflict,d14ml-storm-black,Storm (2020) [Black Costume] 2020
mephitsu:marvel-legends:bfef81de-65d2-45d2-8efe-1171912ea864,Storm,Hasbro,Jubilee BAF Wave,2014,,already_in_app_same_url,no_catalog_figure,,
mephitsu:marvel-legends:f226ccc0-0585-4360-ab80-1db2d5b94319,Storm,Hasbro,X-Men '97 Twin Packs,2025,630509242603,already_in_app_same_url,wave_or_year_conflict,lv-hasbro-marvel-legends-storm-uncanny-x-men-2025,Storm (2025) [Uncanny X-Men] 2025
mephitsu:marvel-legends:0d084097-131a-471b-aca3-de659c17647c,Strong Guy,Hasbro,Strong Guy BAF Wave,2020,5010993694884,replaces_existing,no_catalog_figure,,
mephitsu:marvel-legends:d0ba0047-ecc9-4220-9e42-04e7d398a845,Strong Guy,Hasbro,Amazon & Fan Channel,2025,5010996328427,already_in_app_same_url,no_catalog_figure,,
mephitsu:marvel-legends:39590aaf-d6f9-4cbf-8e1c-916dbcc165a0,Stryfe,Hasbro,Jubilee BAF Wave,2014,,already_in_app_same_url,no_catalog_figure,,
mephitsu:marvel-legends:afaac088-be43-4273-bfeb-9ab0dab2aee3,Stryfe,Hasbro,X-Men 60th Anniversary,2023,630509242566,already_in_app_same_url,no_catalog_figure,,
mephitsu:marvel-legends:45a4eb04-c4b9-44a9-9afd-f60fe3503f66,Sue Storm,Hasbro,Avengers: Doomsday Walmart (US) / Fan Channel (UK),2026,5010996411396,already_in_app_same_url,no_catalog_figure,,
mephitsu:marvel-legends:4ac5a290-8646-48ba-94d0-e4ac815726ce,Sue Storm 'Future Foundation',Hasbro,Future Foundation,2026,,already_in_app_same_url,no_catalog_figure,,
mephitsu:marvel-legends:3ba3e601-6b63-4838-be09-2b62e0631b3f,"Sue Storm, Invisible Woman",Hasbro,Fantastic Four Special,2021,,already_in_app_same_url,no_catalog_figure,,
mephitsu:marvel-legends:11cc39c9-5ab0-4808-8728-1ba5477e6576,Sugar Man,Hasbro,Sugar Man BAF Wave,2020,,replaces_existing,wave_or_year_conflict,mlc-sugar-man,Sugar Man (2020) [Age of Apocalypse] 2020
mephitsu:marvel-legends:61b2d264-3fb4-4122-b591-db2e495f1d3e,Sun Fire,Hasbro,Warlock BAF Wave,2017,630509502226,already_in_app_same_url,no_catalog_figure,,
mephitsu:marvel-legends:ec47614b-3e0a-4dc2-ac4c-051ab46bf2dc,Sunfire,Hasbro,Sugar Man BAF Wave,2020,,already_in_app_same_url,no_catalog_figure,,
mephitsu:marvel-legends:8fa703cd-e115-43c3-a9cb-643604e0f06b,"Sunfire, Age of Apocalypse",Hasbro,Hasbro Toy Shop,2008,,already_in_app_same_url,no_catalog_figure,,
mephitsu:marvel-legends:0aa8250b-8512-4224-bd08-96186eb98d82,Sunspot,Hasbro,X-Men '97 Wave 3,2025,5010996328212,already_in_app_same_url,no_catalog_figure,,
mephitsu:marvel-legends:657d9481-3d9c-4a61-aa95-7d5c9d041076,Sunspot,Hasbro,Strong Guy BAF Wave,2020,,already_in_app_same_url,no_catalog_figure,,
mephitsu:marvel-legends:3c5922ce-9174-4704-837a-5684cb7a3b42,Super Skrull,Hasbro,Super Skrull BAF Wave,2020,5010993655489,replaces_existing,wave_or_year_conflict,d14ml-super-skrull,Super-Skrull (2020) [Classic] 2020
mephitsu:marvel-legends:a528adee-4fa0-4f75-a897-73eb95d4feb6,Super Skrull,Hasbro,The Avengers 60th Anniversary,2023,5010993655526,already_in_app_same_url,wave_or_year_conflict,ml3-ml-super-skrull,Super-Skrull (2023) [BAF] 2023
mephitsu:marvel-legends:d53e863a-0f9e-4811-9577-edab353fd540,Super Skrull,Hasbro,NYCC 2025 / MCM London 2025,2025,5010996142535,already_in_app_same_url,no_catalog_figure,,
mephitsu:marvel-legends:2c201188-e580-4cc5-ba73-a9374b1c2a3c,Super-Adaptoid,Hasbro,"Fan Channel, The Avengers 60th Anniversary",2023,5010996142610,already_in_app_same_url,no_catalog_figure,,
mephitsu:marvel-legends:5b22620c-4e68-453a-9da1-ae20f2d84ab5,Superior Iron-Man,Hasbro,Fan Channel Zabu BAF Wave,2024,5010996222411,already_in_app_same_url,no_catalog_figure,,
mephitsu:marvel-legends:aa365c69-fabe-4467-8bf3-05e548b9ce2e,Superior Octopus,Hasbro,Demogoblin BAF Wave,2020,5010993659524,already_in_app_same_url,no_catalog_figure,,
mephitsu:marvel-legends:e585913a-45a7-4043-ace9-aff9bb1cf365,Superior Spider-Man,Hasbro,Ultimate Goblin BAF Wave,2014,653569919322,already_in_app_same_url,no_catalog_figure,,
mephitsu:marvel-legends:fe656493-25cc-4ec0-b6d0-3a2d84fef7d0,Superior Venom,Hasbro,Rhino BAF Wave,2015,71630509318254,already_in_app_same_url,no_catalog_figure,,
mephitsu:marvel-legends:752380ba-2532-4015-8ea6-43630210f9c1,Supreme Leader,Hasbro,Abomination BAF Wave,2020,,already_in_app_same_url,no_catalog_figure,,
mephitsu:marvel-legends:68d9d3dd-640a-4749-a3f6-6e56282274e9,Surtur,Hasbro,"Infinity Saga, Target (US)",2021,,already_in_app_same_url,no_catalog_figure,,
mephitsu:marvel-legends:f407a348-3bf8-4f1b-9e74-9978be5368cc,"Sylvie, Lady Loki",Hasbro,"Disney+ Wave, The Watcher BAF",2021,,already_in_app_same_url,no_catalog_figure,,
mephitsu:marvel-legends:0e0b4126-349d-49d3-919f-a381f59e6d4b,Symbiote Spider-Man,Hasbro,Sandman BAF Wave,2017,71630509490523,already_in_app_same_url,no_catalog_figure,,
mephitsu:marvel-legends:15d2f909-801e-4b3f-b7a7-dc9a9d2a1109,Symbiote Spider-Man,Hasbro,Spider-Man Retro 2022,2022,630509781812,already_in_app_same_url,no_catalog_figure,,
mephitsu:marvel-legends:20c1aea0-ff68-4c36-97ec-aff56478fbc5,Symbiote Spider-Man,Hasbro,Secret Wars Retro Wave 1,2024,630509807444,already_in_app_same_url,no_catalog_figure,,
mephitsu:marvel-legends:bfacc1ba-1e47-4db6-8ef8-98e6f6d3a708,Symbiote Spider-Man,Hasbro,Kingpin BAF Wave,2019,71630509781812,already_in_app_same_url,no_catalog_figure,,
mephitsu:marvel-legends:679798fc-fd0a-45b9-b77f-0f3abe27141d,Symbiote Spider-Woman,Hasbro,Marvel Unlimited Subscription,2025,5010996296306,already_in_app_same_url,no_catalog_figure,,
mephitsu:marvel-legends:8a5031ab-fcc9-4bf1-9bce-240db065f501,Symbiote Suit Spider-Man,Hasbro,Maximum Series,2026,5010996411471,already_in_app_same_url,no_catalog_figure,,
mephitsu:marvel-legends:d354ae39-47ac-4d8a-89a2-80526775cb0a,Symbiote Suit Spider-Man,Hasbro,Sony Spider-Man Gamerverse Wave,2025,5010993938001,already_in_app_same_url,wave_or_year_conflict,lv-hasbro-marvel-legends-spider-man-symbiote-suit-2025,Spider-Man (Symbiote Suit) (2025) [] 2025
mephitsu:marvel-legends:1c8a684f-76b2-45c0-a829-3ba583cb3566,T'Challa Star-Lord,Hasbro,"Disney+ Wave, The Watcher BAF",2021,5010993797240,already_in_app_same_url,wave_or_year_conflict,d14ml-ml-whatif-tchalla,Star-Lord T'Challa (2021) [What If] 2022
mephitsu:marvel-legends:111037bf-e27c-4abc-bcd4-c7131dfec0fa,Talos,Hasbro,Disney+ Hydra Stomper BAF Wave,2023,,already_in_app_same_url,no_catalog_figure,,
mephitsu:marvel-legends:bb2246e6-84ae-4a1f-b8b1-c7b2c382bbe2,Talos,Hasbro,Kree Sentry BAF Wave,2019,,already_in_app_same_url,no_catalog_figure,,
mephitsu:marvel-legends:3a02eab9-8ff5-4955-8abb-3a990fa8dcc7,Tarantula,Hasbro,Spider-Man Legends Wave 2023,2023,5010994181307,already_in_app_same_url,no_catalog_figure,,
mephitsu:marvel-legends:284e67a6-a17e-447d-8fcf-90621cc63243,Taskmaster,Hasbro,Red Onslaught BAF Wave,2016,,already_in_app_same_url,no_catalog_figure,,
mephitsu:marvel-legends:75a7b5ff-ef8e-4212-9d2e-2ff30b6b5f0a,Taskmaster,Hasbro,"Marvel 85th Anniversary, Amazon",2024,,already_in_app_same_url,wave_or_year_conflict,mlc-taskmaster-thunderbolts,Taskmaster (2024) [Thunderbolts] 2024
mephitsu:marvel-legends:93642819-dd9c-4649-b231-34d7e3bf3033,Taskmaster,Hasbro,Crimson Dynamo BAF Wave,2020,,already_in_app_same_url,no_catalog_figure,,
mephitsu:marvel-legends:e79a4989-b9e0-4d98-8f5b-c492a7c3e9f8,Taskmaster,Hasbro,MCU Thanos BAF Wave,2018,,already_in_app_same_url,no_catalog_figure,,
mephitsu:marvel-legends:bff8f6bf-9046-4880-a935-0cd41acb75a6,Teenage Groot,Hasbro,Toys R Us,2018,,already_in_app_same_url,no_catalog_figure,,
mephitsu:marvel-legends:4138e83a-b299-48b2-ad36-a11313e73cf5,Terrax,Hasbro,Terrrax BAF Wave,2012,,replaces_existing,no_catalog_figure,,
mephitsu:marvel-legends:f81ffdb3-58d1-44f9-8069-b719cd28a0e0,Terrax,Hasbro,Heralds of Galactus,2022,,already_in_app_same_url,no_catalog_figure,,
mephitsu:marvel-legends:04c91862-c5ae-4d0e-a19a-225422672dcd,Thanos,Hasbro,Walmart,2018,,already_in_app_same_url,no_catalog_figure,,
mephitsu:marvel-legends:11f4524b-4864-4c63-90ef-ae4198b85fc1,Thanos,Hasbro,"""Best Of"" Thanos BAF Wave",2019,653569995470,replaces_existing,wave_or_year_conflict,d14ml-ml-retro-thanos,Thanos (2019) [Retro Card] 2019
mephitsu:marvel-legends:2215ecb6-9cb0-4257-af2f-e05bd0ded585,Thanos,Hasbro,First Ten Years,2018,,already_in_app_same_url,no_catalog_figure,,
mephitsu:marvel-legends:5ae47201-86df-49ad-a6aa-9cac75fe165a,Thanos,Hasbro,Target (US) / Fan Channel Exclusive,2025,630509656110,already_in_app_same_url,wave_or_year_conflict,ml6-ml-thanos-infinity,Thanos (2025) [Infinity Wave6] 2025
mephitsu:marvel-legends:7725cc30-7e13-44b2-9721-9584e17afee2,Thanos,Hasbro,Thanos BAF Wave,2015,,replaces_existing,no_catalog_figure,,
mephitsu:marvel-legends:d31745f5-743f-4539-b62e-e279ba90c5a0,Thanos,Hasbro,MCU Thanos BAF Wave,2018,,replaces_existing,no_catalog_figure,,
mephitsu:marvel-legends:e3b83950-3ee6-4242-bec3-321228896593,Thanos,Hasbro,Amazon,2020,5010993842353,replaces_existing,no_catalog_figure,,
mephitsu:marvel-legends:330ebb84-7963-4c4f-b8fe-49916c7dde3c,"Thanos, Armoured",Hasbro,"""Best of MCU"" Armoured Thanos",2020,,replaces_existing,no_catalog_figure,,
mephitsu:marvel-legends:36b1a17a-5a37-4ad7-93de-2320b81cd2bb,"Thanos, Infinity Gauntlet",Hasbro,Deluxe,2021,,already_in_app_same_url,no_catalog_figure,,
mephitsu:marvel-legends:1620e6d7-2240-4347-8932-1f4e771202f7,The Allfather,Hasbro,The Allfatther BAF Wave,2015,,replaces_existing,no_catalog_figure,,
mephitsu:marvel-legends:35b459e7-e582-4db7-bca0-3763b6c0635c,The Amazing Spider-Man,Hasbro,"No Way Home , Hasbro Pulse",2023,630509628438,replaces_existing,no_catalog_figure,,
mephitsu:marvel-legends:6f279e21-9f9f-4ea2-8e81-8cb0bca86efe,The Amazing Spider-Man,Hasbro,Target (US) / Fan Channel,2023,653569919278,already_in_app_same_url,no_catalog_figure,,
mephitsu:marvel-legends:f71f87d1-3b3d-4e04-8da8-eb021dcd18b9,The Amazing Spider-Man,Hasbro,"No Way Home , Hasbro Pulse",2023,5010996360144,already_in_app_same_url,no_catalog_figure,,
mephitsu:marvel-legends:6b18605e-ea26-410c-9626-6d4ec8b2dc71,The Beyonder,Hasbro,Secret Wars Retro Wave 1,2024,5010996273215,already_in_app_same_url,no_catalog_figure,,
mephitsu:marvel-legends:178d10b5-f7ec-4fdf-9b8d-3c311177cda1,The Captain,Hasbro,Hasbro Pulse Con,2021,5010996273192,already_in_app_same_url,no_catalog_figure,,
mephitsu:marvel-legends:837ec868-d70c-43d0-b53b-cc88fa07cd75,The Cavillrine,Hasbro,Deadpool & Wolverine Wave 3,2026,5010996407450,already_in_app_same_url,no_catalog_figure,,
mephitsu:marvel-legends:c0c92b80-c077-440f-96b6-58414d0f962c,The Collector,Hasbro,SDCC,2019,630509846962,already_in_app_same_url,no_catalog_figure,,
mephitsu:marvel-legends:88302965-b091-42ed-b129-9a630df99338,The Controller,Hasbro,The Controller BAF,2022,,replaces_existing,no_catalog_figure,,
mephitsu:marvel-legends:aa9ca669-0031-4e94-9176-73ef9d1f14f0,The Destroyer,Hasbro,The Avengers 60th Anniversary,2023,5010996142467,replaces_existing,no_catalog_figure,,
mephitsu:marvel-legends:2528db73-cd47-4483-b10e-ffb5864c4958,The End Hulk,Hasbro,Fin Fang Foom BAF Wave,2008,653569291381,already_in_app_same_url,no_catalog_figure,,
mephitsu:marvel-legends:91c34a3b-6645-4862-9cf2-a383b68a3987,The Fist Ninja,Hasbro,The Mindless One BAF Wave,2023,5010996166746,already_in_app_same_url,no_catalog_figure,,
mephitsu:marvel-legends:eef08efa-24db-4acb-8ce7-22ebddfe7cd6,The Grandmaster,Hasbro,80th Anniversary,2019,57960000,already_in_app_same_url,no_catalog_figure,,
mephitsu:marvel-legends:6f4b2eda-a79d-4942-a12b-7e749fe5cd99,The Grandmaster (SDCC),Hasbro,SDCC,2019,,already_in_app_same_url,no_catalog_figure,,
mephitsu:marvel-legends:9f6c58e9-3fe2-4062-8233-2954d50a1d47,The Hood,Hasbro,Xemnu BAF Wave,2021,,already_in_app_same_url,no_catalog_figure,,
mephitsu:marvel-legends:25e3f959-0a7c-4ddb-bba8-9c71e200e6a8,The Human Torch,Hasbro,Super Skrull BAF Wave,2020,5010993655465,already_in_app_same_url,no_catalog_figure,,
mephitsu:marvel-legends:bff5f9a1-ad74-4ca5-9159-2969a750721e,The Human Torch,Hasbro,Walgreens,2018,653569333326,already_in_app_same_url,no_catalog_figure,,
mephitsu:marvel-legends:5eef7079-240a-40c1-b4a4-b5341b0b9848,The Incredible Hulk,Hasbro,Incredible Hulk,2008,,already_in_app_same_url,no_catalog_figure,,
mephitsu:marvel-legends:dace9cd1-56eb-4583-8824-d37f008e4837,The Mandarin,Hasbro,First Ten Years,2018,,already_in_app_same_url,wave_or_year_conflict,d14ml-mandarin,Mandarin (2018) [Classic] 2019
mephitsu:marvel-legends:668149e7-4c9c-4c9d-9111-e875e10273d7,The Mindless One,Hasbro,The Mindless One BAF Wave,2023,5010996166753,replaces_existing,no_catalog_figure,,
mephitsu:marvel-legends:4d552b99-cc8c-43a2-a662-3329a92b8028,The Orb,Hasbro,Puff Adder BAF,2023,,already_in_app_same_url,no_catalog_figure,,
mephitsu:marvel-legends:18ffc441-02a0-4187-b2f0-2afa3ec63dd7,The Owl,Hasbro,Spider-Man Retro,2026,5010996355904,already_in_app_same_url,no_catalog_figure,,
mephitsu:marvel-legends:1456d780-e9f8-44a1-94ff-b29347f0e3e5,The Punisher,Hasbro,Fan Channel / Amazon,2024,630509628384,already_in_app_same_url,no_catalog_figure,,
mephitsu:marvel-legends:37dec30a-05b2-4d18-9fba-80057a7d8a58,The Punisher,Hasbro,Man-Thing BAF Wave,2017,,already_in_app_same_url,no_catalog_figure,,
mephitsu:marvel-legends:56206d10-2a57-4e41-8723-61c82a9314d8,The Punisher,Hasbro,"Fan Channel, 80th Anniversary",2019,5010993647255,already_in_app_same_url,wave_or_year_conflict,ml2-punisher-netflix;d14ml-ml-retro-punisher,Punisher (2019) [Netflix] 2019 | The Punisher (2019) [Retro Card] 2019
mephitsu:marvel-legends:8a883a50-c180-41bd-aec8-6298476b762e,The Punisher,Hasbro,Walgreens,2016,,already_in_app_same_url,no_catalog_figure,,
mephitsu:marvel-legends:45f32d75-4f40-45c1-9207-c351b8d8bf49,The Punisher (red skull),Hasbro,Epic Heroes,2013,,already_in_app_same_url,no_catalog_figure,,
mephitsu:marvel-legends:997f45c1-33a2-48b8-8a6b-757fab679d79,The Punisher (white skull variant),Hasbro,Epic Heroes,2013,,already_in_app_same_url,no_catalog_figure,,
mephitsu:marvel-legends:5cbdbdb2-07c1-4801-8f27-adebda55ce96,The Punisher w/ Motorbike,Hasbro,Ultimate Riders,2020,,already_in_app_same_url,no_catalog_figure,,
mephitsu:marvel-legends:a2a37c4f-47b8-4faa-908a-9b859ce2fc99,The Rose,Hasbro,Spider-Man Legends Wave 2023,2023,5010994181260,already_in_app_same_url,no_catalog_figure,,
mephitsu:marvel-legends:35741ca1-2e16-4d6f-8d5d-278142d5d7f6,The Spot,Hasbro,Across the Spiderverse Part 1,2023,5010994181925,already_in_app_same_url,no_catalog_figure,,
mephitsu:marvel-legends:0c2dacc1-9da5-406f-9610-8b4f85f0d697,The Spot (Alternative Look),Hasbro,Fan Channel Across the Spiderverse,2025,,already_in_app_same_url,no_catalog_figure,,
mephitsu:marvel-legends:424b30a8-2c87-45b0-b9f4-21886c4e15ae,The Thing,Hasbro,Avengers: Doomsday Walmart (US) / Fan Channel (UK),2026,5010996283009,already_in_app_same_url,no_catalog_figure,,
mephitsu:marvel-legends:446c3161-38cc-4a9e-8611-7ff782cff0a4,The Thing,Hasbro,Fantastic Four: First Steps,2025,630509662593,already_in_app_same_url,no_catalog_figure,,
mephitsu:marvel-legends:a05f797d-0022-47ae-a191-071aa39dc8ce,The Thing,Hasbro,Ronan the Accuser BAF Wave,2007,5010993954551,already_in_app_same_url,no_catalog_figure,,
mephitsu:marvel-legends:ddefe29c-5fa7-471d-9e72-2574a8b6a108,The Thing,Hasbro,Walgreens,2018,,already_in_app_same_url,no_catalog_figure,,
mephitsu:marvel-legends:e44e36be-b1b1-45c0-b656-8410235d8b2a,The Thing,Hasbro,Fantastic Four Special,2021,,already_in_app_same_url,no_catalog_figure,,
mephitsu:marvel-legends:6e73f64b-f0c9-4c1a-9402-e11605e14271,The Thing 'Future Foundation',Hasbro,Future Foundation,2026,5010996411211,already_in_app_same_url,no_catalog_figure,,
mephitsu:marvel-legends:de9e40d4-4400-43c0-939d-de45d12db280,The Vision,Hasbro,"Disney+ Wave, Falcon Wings BAF",2021,630509774777,already_in_app_same_url,wave_or_year_conflict,mlc-vision-aou,Vision (2021) [Age of Ultron] 2021
mephitsu:marvel-legends:088e4608-61ad-471e-a7b1-b4a57d4bd48e,The Void,Hasbro,Fan Channel The Void BAF Wave,2024,,replaces_existing,wave_or_year_conflict,mlc-void-sentry,The Void (2026) [Sentry] 2024
mephitsu:marvel-legends:f52f9a81-73c8-448c-928b-c5cc80fdc237,The Void,Hasbro,Fan Channel Exclusive,2026,5010996407276,already_in_app_same_url,wave_or_year_conflict,mlc-void-sentry,The Void (2026) [Sentry] 2024
mephitsu:marvel-legends:e560782c-1107-42b3-92cd-1b97e0c563d8,"The Wasp, Janet Van Dyne",Hasbro,Hasbro Pulse,2024,,already_in_app_same_url,no_catalog_figure,,
mephitsu:marvel-legends:1ea2b061-0b0e-448a-8080-bf689491a9d2,The Winter Soldier,Hasbro,Walmart,2016,653569974949,already_in_app_same_url,no_catalog_figure,,
mephitsu:marvel-legends:27a757e8-e5a7-421e-a658-2656c73e1760,The Winter Soldier,Hasbro,Target,2018,630509495788,already_in_app_same_url,no_catalog_figure,,
mephitsu:marvel-legends:2bc4f42f-0beb-4a23-aa88-cd43f5b4df95,The Winter Soldier,Hasbro,Mandroid BAF Wave,2014,71630509750825,already_in_app_same_url,no_catalog_figure,,
mephitsu:marvel-legends:5536aaf3-5126-49d3-b9a0-dd646ce386d6,The Winter Soldier,Hasbro,Crimson Dynamo BAF Wave,2020,5010993791026,already_in_app_same_url,no_catalog_figure,,
mephitsu:marvel-legends:60a22eea-7bba-4c96-af35-4eb71005273c,The Winter Soldier,Hasbro,"""Best Of"" Giantman Wave",2017,5010993672783,already_in_app_same_url,no_catalog_figure,,
mephitsu:marvel-legends:d71f4b31-2a95-44b0-9ff6-7d3eaa20ab54,The Winter Soldier,Hasbro,Special,2022,5010993986187,already_in_app_same_url,no_catalog_figure,,
mephitsu:marvel-legends:b9660c0d-78cd-4e99-b018-403e0c4db8b9,Thena,Hasbro,Target (US) / Fan Channel,2021,5010993747450,already_in_app_same_url,wave_or_year_conflict,mlc-thena,Thena (2021) [Eternals] 2022
mephitsu:marvel-legends:07e7efff-1b1d-4096-acf8-f6b6cd070d2c,Thing,Hasbro,Super Skrull BAF Wave,2020,,already_in_app_same_url,no_catalog_figure,,
mephitsu:marvel-legends:1e607fce-8c04-4352-a8e9-d0454fee3fe9,Thing,Hasbro,2008 2-Pack Series,2008,,already_in_app_same_url,no_catalog_figure,,
mephitsu:marvel-legends:126ead86-b014-483a-b55f-f9d80be40be4,Thor,Hasbro,Avengers: Doomsday Wave 1,2026,5010996355799,already_in_app_same_url,wave_or_year_conflict,ml5-ml-thor-ragnarok,Thor (2026) [Ragnarok] 2026
mephitsu:marvel-legends:1e7213b3-9f29-4ad1-bd1f-27e17ab4c028,Thor,Hasbro,Endgame Thor BAF WAve,2019,653569205531,replaces_existing,no_catalog_figure,,
mephitsu:marvel-legends:2e1db654-666c-49dc-8889-95d2d26ff580,Thor,Hasbro,The Controller BAF,2022,653569207870,already_in_app_same_url,no_catalog_figure,,
mephitsu:marvel-legends:368ead54-baaa-46c3-961d-3774a9814096,Thor,Hasbro,Terrrax BAF Wave,2012,630509682164,already_in_app_same_url,wave_or_year_conflict,lv-hasbro-marvel-legends-thor-terrax-2012,Thor (2012) [Terrax] 2012
mephitsu:marvel-legends:37f3b709-f443-437f-8931-02c2c6217131,Thor,Hasbro,Korg BAF,2022,5010993955640,already_in_app_same_url,no_catalog_figure,,
mephitsu:marvel-legends:3efc4d6b-031d-4800-96bc-5fd5309b164a,Thor,Hasbro,Avengers,2012,,already_in_app_same_url,wave_or_year_conflict,lv-hasbro-marvel-legends-thor-terrax-2012,Thor (2012) [Terrax] 2012
mephitsu:marvel-legends:457d04d0-7d0d-4595-a858-9e89f66d64be,Thor,Hasbro,The Avengers 60th Anniversary,2023,5010993839414,already_in_app_same_url,no_catalog_figure,,
mephitsu:marvel-legends:48f926ba-a6d6-4e04-b569-c3ed4c8e4430,Thor,Hasbro,"""Best of"" MCU Gladiator Hulk Wave",2018,653569653325,already_in_app_same_url,wave_or_year_conflict,mlc-thor-classic,Thor (2018) [Classic] 2018
mephitsu:marvel-legends:5505c69c-52fa-4f86-b02e-9718f76ca9c4,Thor,Hasbro,Infinity Saga,2023,5010996142740,already_in_app_same_url,no_catalog_figure,,
mephitsu:marvel-legends:553e1298-6c64-4fce-8234-d5471b797559,Thor,Hasbro,"""Best Of"" Thanos BAF Wave",2019,630509682317,already_in_app_same_url,no_catalog_figure,,
mephitsu:marvel-legends:5c92c67f-fb65-41e6-93ae-898f475cc483,Thor,Hasbro,The Allfatther BAF Wave,2015,,already_in_app_same_url,no_catalog_figure,,
mephitsu:marvel-legends:714a0e15-db13-4251-ad57-4a77e325365b,Thor,Hasbro,First Ten Years,2018,,already_in_app_same_url,wave_or_year_conflict,mlc-thor-classic,Thor (2018) [Classic] 2018
mephitsu:marvel-legends:815c3852-6d66-49b7-ba99-5ae8a9cce5ad,Thor,Hasbro,Blob BAF Wave,2007,630509273966,already_in_app_same_url,no_catalog_figure,,
mephitsu:marvel-legends:92ee7858-2f83-4ae2-bba9-ba1ab8404882,Thor,Hasbro,Disney Store,2015,,already_in_app_same_url,no_catalog_figure,,
mephitsu:marvel-legends:92f16b3b-ab97-4ff9-b490-96f3c6cfd595,Thor,Hasbro,Fan Channel,2026,5010996364586,already_in_app_same_url,wave_or_year_conflict,ml5-ml-thor-ragnarok,Thor (2026) [Ragnarok] 2026
mephitsu:marvel-legends:b835b4b7-7f88-4b73-86b0-82067703dfd4,Thor,Hasbro,80th Anniversary,2019,630509833597,already_in_app_same_url,no_catalog_figure,,
mephitsu:marvel-legends:d0d4d33b-a1b6-4fec-a5c2-ae7832305a60,Thor,Hasbro,Amazon,2015,,already_in_app_same_url,no_catalog_figure,,
mephitsu:marvel-legends:e754ea45-e02f-4579-9499-6f7cfae644b8,Thor,Hasbro,Target,2017,,already_in_app_same_url,wave_or_year_conflict,d14ml-ml-retro-thor,Thor (2017) [Retro Card] 2017
mephitsu:marvel-legends:f1e74642-a962-4e5d-841c-434ccc34baac,Thor,Hasbro,"""Best of MCU"" Armoured Thanos",2020,653569693970,already_in_app_same_url,no_catalog_figure,,
mephitsu:marvel-legends:fefba547-de05-4b9a-83ce-cad45f4c2b47,Thor,Hasbro,Thor,2011,,already_in_app_same_url,no_catalog_figure,,
mephitsu:marvel-legends:ffb49084-c21e-40e7-8815-140d88ba8c08,Thor,Hasbro,"Euro ""Best Of"" Hulkbuster BAF Wave",2016,,already_in_app_same_url,no_catalog_figure,,
mephitsu:marvel-legends:1c85cb4b-7782-4162-90e0-5a7704308878,"Thor, Nivadellir",Hasbro,Toys R Us,2018,,already_in_app_same_url,no_catalog_figure,,
mephitsu:marvel-legends:a67a205d-db3a-48ed-918e-6d5e96fff89c,"Thor, Stormbreaker",Hasbro,Cull Obsidian BAF Wave,2018,,already_in_app_same_url,no_catalog_figure,,
mephitsu:marvel-legends:42a0cf39-5bc7-4a3e-a33e-a10e26a93a91,Thunderball,Hasbro,Arnim Zola BAF Wave,2012,,already_in_app_same_url,no_catalog_figure,,
mephitsu:marvel-legends:4c7d9380-aee5-4ac0-9d1f-85abf43e4319,Thunderbird,Hasbro,X-Men 2-Pack,2020,5010993722167,already_in_app_same_url,no_catalog_figure,,
mephitsu:marvel-legends:2e4e6194-0bd2-4df4-98ab-2b8c63aade07,Thunderstrike,Hasbro,Joe Fixit BAF Wave,2020,,already_in_app_same_url,no_catalog_figure,,
mephitsu:marvel-legends:58946f5d-26f2-4750-8bf0-926061501459,Thundra,Hasbro,Hulkbuster BAF Wave,2015,630509310890,already_in_app_same_url,no_catalog_figure,,
mephitsu:marvel-legends:9dc9f2b8-a889-42f6-b3b6-29f92cbd7f9c,Tiger Shark,Hasbro,Ultron BAF Wave,2015,630509319862,already_in_app_same_url,no_catalog_figure,,
mephitsu:marvel-legends:7e661b3e-6f13-4921-9611-6cee5c17937e,Tigra,Hasbro,Fan Channel,2021,,already_in_app_same_url,no_catalog_figure,,
mephitsu:marvel-legends:c9f963b2-a3db-4a04-99ee-f42394b66549,Tigra,Hasbro,Walgreens Nemesis BAF Wave,2009,,already_in_app_same_url,no_catalog_figure,,
mephitsu:marvel-legends:cbcdefec-6064-4429-bc8f-46f3153bec47,Tigra,Hasbro,"Amazon, West Coast Avengers",2023,5010993842339,replaces_existing,wave_or_year_conflict,d14ml-ml-classic-tigra,Tigra (2023) [Classic] 2024
mephitsu:marvel-legends:a8895bee-01ba-4f79-a449-57ccd7072313,Titania,Hasbro,Secret Wars Retro Wave 1,2024,5010996273222,already_in_app_same_url,no_catalog_figure,,
mephitsu:marvel-legends:14f13bca-2bc0-491d-85ef-b0b2d8af96bf,Titus,Hasbro,Titus BAF Wave,2017,,replaces_existing,no_catalog_figure,,
mephitsu:marvel-legends:7328ca2d-9190-4312-9d1b-e0fad542a78e,Toad,Hasbro,20th Anniversary,2022,5010993956609,already_in_app_same_url,no_catalog_figure,,
mephitsu:marvel-legends:81d0a84a-f65c-47ca-bdf8-9ac843db0b04,Toei Spider-Man,Hasbro,Spider-Man 60th Anniversary,2022,,already_in_app_same_url,no_catalog_figure,,
mephitsu:marvel-legends:053eb832-5ec3-4ebb-b91a-8da51aefb4e7,Tombstone,Hasbro,Fan Channel Spider-Man Retro,2024,5010996197054,already_in_app_same_url,no_catalog_figure,,
mephitsu:marvel-legends:5472aca7-3691-4b06-8583-f6b394867f8a,Tombstone,Hasbro,Vulture Suit BAF Wave,2017,,already_in_app_same_url,no_catalog_figure,,
mephitsu:marvel-legends:7e961e4d-b46e-47a6-ae89-ce5940f459a7,Tony Stark,Hasbro,Marvel Unlimited Subscription,2017,5010993785780,already_in_app_same_url,no_catalog_figure,,
mephitsu:marvel-legends:91139c82-678c-44d8-bfe2-2e3ef316adf9,Tony Stark,Hasbro,First Ten Years,2018,,already_in_app_same_url,no_catalog_figure,,
mephitsu:marvel-legends:bbd3602f-f6ad-4c80-9835-4027aba516d2,Toxin,Hasbro,"Hasbro Pulse, Fan Channel",2020,5010993722068,already_in_app_same_url,wave_or_year_conflict,d14ml-toxin-d,Toxin (2020) [Symbiote] 2020
mephitsu:marvel-legends:c7299a7c-16c1-4ace-a495-6be5218da1dd,Toxin,Hasbro,Ultimate Goblin BAF Wave,2014,,already_in_app_same_url,no_catalog_figure,,
mephitsu:marvel-legends:d4b0dd1e-5025-417b-84db-18554a9e08f1,Tracksuit Mafia (inc Kazi),Hasbro,Target (US) / Fan Channel,2023,5010994179793,already_in_app_same_url,no_catalog_figure,,
mephitsu:marvel-legends:1d8c6d6b-235f-4fed-9c41-efbdb215059e,Tri Sentinel,Hasbro,House of X Wave,2021,5010993790531,replaces_existing,no_catalog_figure,,
mephitsu:marvel-legends:aac3b614-2925-4012-af38-f2db5a1a435c,Triton,Hasbro,Inhumans,2025,5010996328403,already_in_app_same_url,no_catalog_figure,,
mephitsu:marvel-legends:ffd122e7-cfee-48b9-b8e9-783a25bafd79,Typhoid Mary,Hasbro,Monster Venom BAF Wave,2018,630509713615,already_in_app_same_url,no_catalog_figure,,
mephitsu:marvel-legends:735dcead-6fce-4870-9ffd-d77ffd5f2d1a,U.S. Agent,Hasbro,"Disney+ Wave, Falcon Wings BAF",2021,,already_in_app_same_url,wave_or_year_conflict,d14ml-usagent,U.S. Agent (2021) [John Walker] 2021
mephitsu:marvel-legends:d68f4cc2-5c80-49bc-9573-cc67a3096f8e,U.S. Agent,Hasbro,The Controller BAF,2022,5010993790814,already_in_app_same_url,wave_or_year_conflict,mlc-usagent,U.S. Agent (2022) [Thunderbolts] 2023
mephitsu:marvel-legends:e8209b1c-5db0-4127-9565-403913d1eb41,U.S. Agent,Hasbro,Epic Heroes,2013,653569775850,already_in_app_same_url,no_catalog_figure,,
mephitsu:marvel-legends:e83457ef-7733-4b61-a74e-89d0a5a5c012,U.S. Agent (Force Works),Hasbro,Box Build-a-Figure Wave,2026,5010996382511,already_in_app_same_url,no_catalog_figure,,
mephitsu:marvel-legends:e556587a-1e1d-4726-99cb-06baecfb437f,U.S. Agent John Walker,Hasbro,Thunderbolts Movie Series,2025,,already_in_app_same_url,no_catalog_figure,,
mephitsu:marvel-legends:a53dd090-669d-4c9a-bf56-efcc6684d3ed,"Uatu, The Watcher",Hasbro,"Disney+ Wave, The Watcher BAF",2021,,replaces_existing,no_catalog_figure,,
mephitsu:marvel-legends:86d01bfd-40fe-41d0-834f-5d0815c5a7a3,Ulik,Hasbro,Walmart (US) / Fan Channel,2022,5010993956685,already_in_app_same_url,no_catalog_figure,,
mephitsu:marvel-legends:ba47dbb0-e293-4abc-816c-48061b74a5f8,Ulik,Hasbro,"SDCC, Battle for Asgard",2017,,already_in_app_same_url,no_catalog_figure,,
mephitsu:marvel-legends:18d608fb-6132-4509-9f9a-e4553db2a0ba,Ultimate Captain America,Hasbro,Puff Adder BAF,2023,653569820956,already_in_app_same_url,no_catalog_figure,,
mephitsu:marvel-legends:381a1fec-7cea-4417-aed1-34374fbc960b,Ultimate Goblin,Hasbro,Ultimate Goblin BAF Wave,2014,,replaces_existing,no_catalog_figure,,
mephitsu:marvel-legends:a077b453-7772-4cfa-a138-0de5d413754e,Ultimate Iron Man,Hasbro,Comic Book Series 1,2025,5010996290984,already_in_app_same_url,no_catalog_figure,,
mephitsu:marvel-legends:b0d79d08-8cfb-435c-8860-30aa18aa861c,Ultimate Iron-Man,Hasbro,Annihilus BAF Wave,2007,653569205494,already_in_app_same_url,no_catalog_figure,,
mephitsu:marvel-legends:a03ebd92-2feb-4a01-989f-c7dfab208d49,Ultimate Spider-Man,Hasbro,Walmart,2017,,already_in_app_same_url,no_catalog_figure,,
mephitsu:marvel-legends:c167887c-9b3b-435a-8945-41bc2dc4dfde,Ultimate Spider-Woman,Hasbro,Hobgoblin BAF Wave,2015,630509281077,already_in_app_same_url,no_catalog_figure,,
mephitsu:marvel-legends:77a9941a-45c3-418a-84b1-729ceee3e4af,Ultimate War Machine,Hasbro,Walmart Ares BAF Wave,2008,630509310951,already_in_app_same_url,no_catalog_figure,,
mephitsu:marvel-legends:1242e6c0-12fd-4116-bed2-28d1bd0be7a6,Ultimate Wolverine,Hasbro,Blob BAF Wave,2007,653569207917,already_in_app_same_url,no_catalog_figure,,
mephitsu:marvel-legends:4b951448-fff2-410a-bc6b-feaef950e698,Ultimate Wolverine,Hasbro,Box Build-a-Figure Wave,2026,5010993858248,already_in_app_same_url,no_catalog_figure,,
mephitsu:marvel-legends:dbd3d3a2-2e1b-4d14-a47d-2d3a965c0416,Ultimate Wolverine (blue suit),Hasbro,"Blob BAF Wave, Previews",2007,,already_in_app_same_url,no_catalog_figure,,
mephitsu:marvel-legends:1ef517bd-ec91-4a4c-bec5-6f8fb9b21c30,Ultron,Hasbro,Cassie Lang BAF Wave,2023,630509773466,already_in_app_same_url,wave_or_year_conflict,mlc-ultron-mk1,Ultron (2023) [Mark 1] 2024
mephitsu:marvel-legends:47190847-d731-43f0-aaf1-128bf6fd95bb,Ultron,Hasbro,First Ten Years,2018,,already_in_app_same_url,wave_or_year_conflict,d14ml-ultron-prime,Ultron (2018) [Prime] 2018
mephitsu:marvel-legends:703a967a-b913-445d-b300-3f2a045f0038,Ultron,Hasbro,Marvel Unlimited Subscription,2013,630509284344,replaces_existing,no_catalog_figure,,
mephitsu:marvel-legends:7f82ac44-0239-40e5-9ed8-94ff94200620,Ultron,Hasbro,Disney Store,2015,,already_in_app_same_url,wave_or_year_conflict,d14ml-ultron-baf,Ultron (2015) [Age of Ultron BAF] 2015
mephitsu:marvel-legends:9d083de8-b4aa-4a3a-95d9-02d3ebf360f1,Ultron,Hasbro,Iron Monger BAF Wave,2013,630509284382,already_in_app_same_url,no_catalog_figure,,
mephitsu:marvel-legends:a56b8ddb-3204-475b-9b1f-3251ffa8cb36,Ultron,Hasbro,Ursa Major BAF Wave,2021,630509359479,already_in_app_same_url,no_catalog_figure,,
mephitsu:marvel-legends:ef889687-ee26-4f93-a0da-052599302a7a,Ultron,Hasbro,Target,2015,,already_in_app_same_url,wave_or_year_conflict,d14ml-ultron-baf,Ultron (2015) [Age of Ultron BAF] 2015
mephitsu:marvel-legends:272c7ac0-7667-4822-a58e-5e0f97a807b6,Ultron (BAF),Hasbro,Ultron BAF Wave,2015,21630509319831,replaces_existing,no_catalog_figure,,
mephitsu:marvel-legends:f1d8f7e4-fd74-4440-bb96-bc3c3ae1ab9e,Ulysses Klaue,Hasbro,M'Baku BAF Wave,2019,630509786909,already_in_app_same_url,no_catalog_figure,,
mephitsu:marvel-legends:0d18a34f-5a62-44f6-abfc-bf6afe62791a,Uncanny Spider-Man (Nightcrawler),Hasbro,Spider-Man Retro,2026,5010996355881,already_in_app_same_url,wave_or_year_conflict,lv-hasbro-marvel-legends-uncanny-spider-man-nightcrawler-spider-man-retro-collection-6-2026,Uncanny Spider-Man (Nightcrawler) (2026) [Spider-Man: Retro Collection 6] 2026
mephitsu:marvel-legends:e476cf75-b444-4bfd-a93b-adbb52686a0e,Uncanny X-Force Deadpool,Hasbro,Hascon,2017,,already_in_app_same_url,no_catalog_figure,,
mephitsu:marvel-legends:6ae8d955-5099-405f-ac07-9096d027cc60,Union Jack,Hasbro,Target Red Hulk BAF Wave,2008,653569318927,already_in_app_same_url,no_catalog_figure,,
mephitsu:marvel-legends:a8259811-732d-4416-9ad1-9e9934aa4b4a,Union Jack,Hasbro,Smart Hulk BAF Wave,2019,630509838707,already_in_app_same_url,no_catalog_figure,,
mephitsu:marvel-legends:c3a5564f-7a68-4007-9eda-7c6b40717df5,Ursa Major,Hasbro,Ursa Major BAF Wave,2021,5010993819225,replaces_existing,no_catalog_figure,,
mephitsu:marvel-legends:4c78b9eb-e1c4-4870-8495-052b96a6a63f,Valentina Allegra De Fontaine,Hasbro,Fan Channel Exclusive,2026,,already_in_app_same_url,no_catalog_figure,,
mephitsu:marvel-legends:19f479d3-833f-4b43-be03-396d1c2fd433,Valeria Richards,Hasbro,Fantastic Four Special,2023,5010994182458,already_in_app_same_url,no_catalog_figure,,
mephitsu:marvel-legends:072f030a-ab82-4384-81aa-cc9e54fe902d,Valkyrie,Hasbro,Target,2017,,already_in_app_same_url,no_catalog_figure,,
mephitsu:marvel-legends:300f1969-2f0a-4be0-a7ab-c9e73ed05266,Valkyrie,Hasbro,Toys R' Us,2010,630509310906,already_in_app_same_url,no_catalog_figure,,
mephitsu:marvel-legends:b5a2d9d8-1606-4e43-807a-32e28d639d58,Valkyrie,Hasbro,Hulkbuster BAF Wave,2015,,already_in_app_same_url,no_catalog_figure,,
mephitsu:marvel-legends:f9f70324-8b03-432c-bea2-ea11c731f31a,Valkyrie,Hasbro,Endgame Thor BAF WAve,2019,653569530664,already_in_app_same_url,no_catalog_figure,,
mephitsu:marvel-legends:c4373bbb-c38a-4956-ba7c-d6ff8bbf5890,Vance Astro,Hasbro,Titus BAF Wave,2017,630509501335,already_in_app_same_url,no_catalog_figure,,
mephitsu:marvel-legends:07490149-350d-4efe-b212-d77f40d233ca,Vault Guardsman,Hasbro,Ursa Major BAF Wave,2021,5010993791057,already_in_app_same_url,no_catalog_figure,,
mephitsu:marvel-legends:0091e6ff-d59d-485d-936a-37e00381c990,Venom,Hasbro,Amazon,2022,5010994160227,already_in_app_same_url,no_catalog_figure,,
mephitsu:marvel-legends:4c75ce94-1e65-48b6-b73e-0525bae05dcc,Venom,Hasbro,Marvel Rivals,2026,5010996305084,already_in_app_same_url,no_catalog_figure,,
mephitsu:marvel-legends:4f09e046-c54c-4a3f-a73f-a23baec5cb95,Venom,Hasbro,Sony Spider-Man Gamerverse,2025,5010993697113,already_in_app_same_url,wave_or_year_conflict,lv-hasbro-marvel-legends-venom-marvel-vs-capcom-2025,Venom (2025) [Marvel Vs Capcom] 2025
mephitsu:marvel-legends:51633c61-43d0-45a6-bba0-c299446fc5b8,Venom,Hasbro,Absorbing Man BAF Wave,2016,,already_in_app_same_url,no_catalog_figure,,
mephitsu:marvel-legends:5ec0c915-4a4b-4286-94ed-e7bd3a346d73,Venom,Hasbro,"Marvel 85th Anniversary, Walmart (US) / Fan Channel",2024,630509247714,already_in_app_same_url,wave_or_year_conflict,mlc-venom-classic,Venom (2024) [Let There Be Carnage (Target Exclusive)] 2024
mephitsu:marvel-legends:748a809b-59d2-463e-889f-34e995a13349,Venom,Hasbro,Venompool BAF Wave,2020,,already_in_app_same_url,wave_or_year_conflict,d14ml-ml-gamerverse-venom,Venom (2020) [Gamerverse] 2020
mephitsu:marvel-legends:a3f4b879-b147-4509-9897-c22a6daa2a1b,Venom,Hasbro,Monster Venom BAF Wave,2018,,already_in_app_same_url,ambiguous_multiple_photos,d14ml-venom-classic-d,Venom (2018) [Monster Venom Wave] 2018
mephitsu:marvel-legends:c9b2a2f8-430e-4563-a04b-5db35e3eece6,Venom,Hasbro,Retro Carded Re-Release,2027,5010993882762,already_in_app_same_url,no_catalog_figure,,
mephitsu:marvel-legends:e148ecbe-1b90-437b-9a98-ae6e77e36d86,Venom,Hasbro,Sandman BAF Wave,2007,630509318254,already_in_app_same_url,no_catalog_figure,,
mephitsu:marvel-legends:e929a650-0da1-4407-b1b6-b8905d12a9b5,Venom,Hasbro,Hasbro Pulse Con,2021,,already_in_app_same_url,no_catalog_figure,,
mephitsu:marvel-legends:d712e79d-fc4c-49ff-a491-23745bc27912,Venom Space Knight,Hasbro,Target (US) / Fan Channel,2023,,already_in_app_same_url,no_catalog_figure,,
mephitsu:marvel-legends:0f9115a0-fc17-48e8-8853-01cda34eb036,Venomized Captain America,Hasbro,Walmart / Fan Channel,2020,5010993742295,already_in_app_same_url,no_catalog_figure,,
mephitsu:marvel-legends:50f5fc27-a8bd-421f-9f88-e4977349bdf1,Venomized Punisher,Hasbro,Marvel Unlimited Subscription,2019,,replaces_existing,no_catalog_figure,,
mephitsu:marvel-legends:ec15efac-86ec-439c-bd53-c7285f2770e3,Venompool,Hasbro,Target (US) / Fan Channel,2024,5010996244345,already_in_app_same_url,wave_or_year_conflict,ml3-ml-venompool-baf,Venompool (2024) [BAF] 2022
mephitsu:marvel-legends:fa8c8532-71d6-457c-b1c0-0a399e2cd6e1,Venompool,Hasbro,Venompool BAF Wave,2020,,replaces_existing,no_catalog_figure,,
mephitsu:marvel-legends:97d3ad30-6850-453a-bcd2-679a4eca1eb8,Vertigo,Hasbro,X-Men 60th Anniversary,2023,,already_in_app_same_url,no_catalog_figure,,
mephitsu:marvel-legends:640d9070-fa46-4020-99b6-1a2e5ab0e374,Vindicator,Hasbro,"Amazon, Alpha Flight",2019,,already_in_app_same_url,no_catalog_figure,,
mephitsu:marvel-legends:dfadf8f2-cb19-4db6-aba8-61b7019e27b0,Viper,Hasbro,Arnim Zola BAF Wave,2012,,already_in_app_same_url,no_catalog_figure,,
mephitsu:marvel-legends:140ce7bb-b925-4471-9f5e-1e9558b2c3bf,Vision,Hasbro,Walmart Ares BAF Wave,2008,5010993986064,already_in_app_same_url,no_catalog_figure,,
mephitsu:marvel-legends:164f8adc-3cd9-4864-bbbd-6dbdbfe13e0c,Vision,Hasbro,Endgame Thor BAF WAve,2019,5010993790890,already_in_app_same_url,wave_or_year_conflict,mlc-vision-classic,Vision (2019) [Classic] 2019
mephitsu:marvel-legends:31ec72ce-ff79-4b18-8916-509890aa68a3,Vision,Hasbro,Fan Channel Exclusive,2026,5010996434753,already_in_app_same_url,no_catalog_figure,,
mephitsu:marvel-legends:3242147b-0a59-4845-b0d0-f1030337a570,Vision,Hasbro,Retro Wave 2,2018,,already_in_app_same_url,no_catalog_figure,,
mephitsu:marvel-legends:3f2ebcab-f484-40fb-bfe8-885eb132e951,Vision,Hasbro,Toys R Us,2018,,already_in_app_same_url,no_catalog_figure,,
mephitsu:marvel-legends:6539209b-c3b7-4b59-8305-0a8ea80fc0df,Vision,Hasbro,Fan Channel The Void BAF Wave,2024,630509310920,already_in_app_same_url,wave_or_year_conflict,ml6-ml-vision-white,Vision (2024) [White Wave6] 2024
mephitsu:marvel-legends:9188bf88-6e0d-4a4f-ab1a-5b09fd0cc58a,Vision,Hasbro,Target,2016,,already_in_app_same_url,no_catalog_figure,,
mephitsu:marvel-legends:c687dcf5-6e7c-4d1e-9475-07a2e6b58bec,Vision,Hasbro,West Coast Avengers,2022,5010993848928,already_in_app_same_url,no_catalog_figure,,
mephitsu:marvel-legends:d5cded5e-8816-4d07-8714-add1246ef069,Vision,Hasbro,Hulkbuster BAF Wave,2015,,already_in_app_same_url,no_catalog_figure,,
mephitsu:marvel-legends:ffc9b608-7416-478a-a436-13c41259188c,Vision,Hasbro,Target,2015,,already_in_app_same_url,no_catalog_figure,,
mephitsu:marvel-legends:9fea6067-c203-4fb4-b25c-5cc7c714f661,Vulcan,Hasbro,Bonebreaker BAF,2022,,already_in_app_same_url,wave_or_year_conflict,mlc-vulcan,Vulcan (2022) [X-Men] 2023
mephitsu:marvel-legends:4f3f8980-d2e2-4bc9-9bff-96d9059ac2c0,Vulture,Hasbro,Demogoblin BAF Wave,2020,,already_in_app_same_url,no_catalog_figure,,
mephitsu:marvel-legends:6f3bca1f-9320-48b6-b113-929100cac0ac,Vulture,Hasbro,Hasbro Pulse,2024,5010993790562,already_in_app_same_url,wave_or_year_conflict,ml5-ml-vulture,Vulture (2024) [Spider-Man] 2024
mephitsu:marvel-legends:9135b68b-cef4-4ef3-8b84-b8d2adcf3bac,Vulture,Hasbro,Vulture Suit BAF Wave,2017,,already_in_app_same_url,no_catalog_figure,,
mephitsu:marvel-legends:e992e4e8-62cf-4e3c-b0d6-7dcbc5ec8866,Vulture,Hasbro,Walmart,2017,,already_in_app_same_url,no_catalog_figure,,
mephitsu:marvel-legends:0856c65a-b26a-422d-91b9-1f332ae0095f,Vulture & Wingsuit,Hasbro,Target (US) / Fan Channel,2021,,already_in_app_same_url,no_catalog_figure,,
mephitsu:marvel-legends:ece30b99-1015-45b1-a273-272d165f954c,Vulture Wing Suit,Hasbro,Vulture Suit BAF Wave,2017,,replaces_existing,no_catalog_figure,,
mephitsu:marvel-legends:4a91d324-b9e7-4eff-9b01-f321138d8f33,War Machine,Hasbro,Iron-Man Special,2022,630509446711,already_in_app_same_url,no_catalog_figure,,
mephitsu:marvel-legends:5d47a73c-837b-40e4-9904-8d4379c27153,War Machine,Hasbro,"""Best Of"" Giantman Wave",2017,630509495771,already_in_app_same_url,no_catalog_figure,,
mephitsu:marvel-legends:834fbc64-f242-42c1-abc7-ae9d6afaa7b3,War Machine,Hasbro,Deluxe,2020,653569333357,already_in_app_same_url,wave_or_year_conflict,mlc-war-machine,War Machine (2020) [Endgame] 2020
mephitsu:marvel-legends:e220fb86-59cb-4491-bd6d-c8ca2c525144,War Machine,Hasbro,Special,2023,5010994146061,already_in_app_same_url,wave_or_year_conflict,ml6-ml-war-machine-w6,War Machine (2023) [Wave6] 2023
mephitsu:marvel-legends:eae119dd-b9a6-438e-b521-ef30cf7450df,War Machine,Hasbro,Walmart (US) / Fan Channel,2025,5010994182496,already_in_app_same_url,no_catalog_figure,,
mephitsu:marvel-legends:f8cdd5ca-8c3f-4af3-91b7-13c4d7855802,War Machine,Hasbro,Smart Hulk BAF Wave,2019,630509838769,already_in_app_same_url,no_catalog_figure,,
mephitsu:marvel-legends:164c6f9f-7377-4d30-b33c-c69116ec8590,War Machine Mk1,Hasbro,Iron-Man 2,2010,,already_in_app_same_url,no_catalog_figure,,
mephitsu:marvel-legends:0b4b8325-bddd-4807-9af6-207893cdcabf,War Machine Mk2,Hasbro,"Euro ""Best Of"" Hulkbuster BAF Wave",2016,,already_in_app_same_url,no_catalog_figure,,
mephitsu:marvel-legends:1c228895-aaba-4fd5-a57f-42f72d94a7ea,War Machine Mk2,Hasbro,Hulkbuster BAF Wave,2015,,already_in_app_same_url,no_catalog_figure,,
mephitsu:marvel-legends:00d155cc-66ed-4ff9-b8fb-03c8c11469aa,War Machine Mk3,Hasbro,Disney Store,2016,,replaces_existing,no_catalog_figure,,
mephitsu:marvel-legends:33177598-4d00-427f-b83f-160415388810,War Machine Mk3,Hasbro,Iron-Man 2-Pack,2016,5010993657841,already_in_app_same_url,no_catalog_figure,,
mephitsu:marvel-legends:ebf38c8e-12c5-43d4-9158-8df8392993a1,War Machine Mk3,Hasbro,Infinity Saga,2023,5010996142719,already_in_app_same_url,no_catalog_figure,,
mephitsu:marvel-legends:295ccb01-ef47-4a93-84a2-45d872a07b65,Warbow,Hasbro,Executioner BAF Wave,2025,,already_in_app_same_url,no_catalog_figure,,
mephitsu:marvel-legends:8b64e919-859f-4736-974b-bf62d8791ad1,Warlock,Hasbro,Warlock BAF Wave,2017,,replaces_existing,no_catalog_figure,,
mephitsu:marvel-legends:625aebb2-df25-443c-bdee-3ed67ee805e3,Warlord Professor X,Hasbro,"X-Men Retro, Walmart",2024,5010996244383,already_in_app_same_url,no_catalog_figure,,
mephitsu:marvel-legends:3c210197-c87a-4c1c-8374-ce6be309b954,Warpath,Hasbro,Strong Guy BAF Wave,2020,,already_in_app_same_url,wave_or_year_conflict,mlc-warpath,Warpath (2020) [X-Force] 2021
mephitsu:marvel-legends:cec4d827-72fb-4074-b4e8-0ce15a27d8cf,Warpath,Hasbro,Toys R' Us,2010,,already_in_app_same_url,no_catalog_figure,,
mephitsu:marvel-legends:9fe6668f-8bf1-4924-94f8-890813720c28,Warpath 'X-Force',Hasbro,X-Force,2025,,already_in_app_same_url,no_catalog_figure,,
mephitsu:marvel-legends:4b294326-5cd2-4f50-a06a-1db33114cc7b,Warpath X-Force,Hasbro,Toys R' Us,2010,,already_in_app_same_url,no_catalog_figure,,
mephitsu:marvel-legends:a2e189b1-ed73-406c-9c7b-a4a636bd76e5,Warrior Gamora,Hasbro,Disney+ Hydra Stomper BAF Wave,2023,5010994179984,already_in_app_same_url,no_catalog_figure,,
mephitsu:marvel-legends:0091c92f-83ed-480a-b6ba-9e6d36a34844,Wasp,Hasbro,Cull Obsidian BAF Wave,2018,,already_in_app_same_url,wave_or_year_conflict,mlc-wasp-classic,Wasp (2018) [Classic] 2019
mephitsu:marvel-legends:126a33ed-3d64-4453-b074-b98e5e9369e5,Wasp,Hasbro,Ultron BAF Wave,2015,,already_in_app_same_url,no_catalog_figure,,
mephitsu:marvel-legends:323a0746-f0d9-4330-814e-c8660fae8721,Wasp,Hasbro,Cassie Lang BAF Wave,2023,630509682140,already_in_app_same_url,wave_or_year_conflict,ml5-ml-wasp-quantum,Wasp (2023) [Quantumania] 2023
mephitsu:marvel-legends:9f65bb1a-d81c-4593-8e7a-b5ad8839beb3,Wasp,Hasbro,Retro Wave 2,2018,630509774791,already_in_app_same_url,wave_or_year_conflict,mlc-wasp-classic,Wasp (2018) [Classic] 2019
mephitsu:marvel-legends:f917cdae-5591-41fc-8c10-ccb52739aed8,Wasp,Hasbro,"""Best Of"" Thanos BAF Wave",2019,630509319831,already_in_app_same_url,wave_or_year_conflict,mlc-wasp-classic,Wasp (2018) [Classic] 2019
mephitsu:marvel-legends:2eb2f226-354a-40a7-aadc-45f61100608d,Weapon X,Hasbro,Caliban BAF Wave,2019,,already_in_app_same_url,wave_or_year_conflict,mlc-weaponx,Weapon X (2019) [Brown Suit] 2019
mephitsu:marvel-legends:6145ecda-8c5a-4639-a6a1-5aa926230daf,Weapon X,Hasbro,Target (US) / Fan Channel,2025,,already_in_app_same_url,no_catalog_figure,,
mephitsu:marvel-legends:bafd8ae0-0afe-4e78-98ff-f319078fc9ac,Weapon X,Hasbro,Sugar Man BAF Wave,2020,,already_in_app_same_url,wave_or_year_conflict,d14ml-ml-aoa-weaponx,Weapon X (2020) [AoA Retro] 2021
mephitsu:marvel-legends:1fc09942-3ab2-4c93-bdcd-cc83dda73b82,Web-Man,Hasbro,Retro 2021,2021,630509444892,already_in_app_same_url,no_catalog_figure,,
mephitsu:marvel-legends:7f95472b-8a96-4497-a103-8bcf3c65a1af,Wendigo,Hasbro,Fin Fang Foom BAF Wave,2008,,already_in_app_same_url,no_catalog_figure,,
mephitsu:marvel-legends:87a8092d-4f19-4e96-905a-fbf33349ec8b,Wenwu,Hasbro,Mr Hyde BAF Wave,2021,,already_in_app_same_url,no_catalog_figure,,
mephitsu:marvel-legends:554d90ee-0925-4626-8ab2-a1c77ea1d01c,Werewolf by Night,Hasbro,Executioner BAF Wave,2025,5010996317360,already_in_app_same_url,no_catalog_figure,,
mephitsu:marvel-legends:509ab184-a7a7-4519-9d78-900e5772b8dd,Whiplash,Hasbro,Iron Man Retro Wave,2024,5010996206695,already_in_app_same_url,no_catalog_figure,,
mephitsu:marvel-legends:623460f2-fd1a-4289-8e9f-d5fd7dc861c7,Whirlwind,Hasbro,Red Onslaught BAF Wave,2016,,already_in_app_same_url,no_catalog_figure,,
mephitsu:marvel-legends:75901c19-eade-4733-9edd-d19bd447529d,White Rabbit,Hasbro,Demogoblin BAF Wave,2020,,already_in_app_same_url,no_catalog_figure,,
mephitsu:marvel-legends:fd698202-f0e8-4f7e-ae66-6ebef19460ca,White Tiger,Hasbro,Rhino BAF Wave,2015,630509329175,already_in_app_same_url,no_catalog_figure,,
mephitsu:marvel-legends:bd13f69e-cd44-472f-b268-e0cb5b69717e,Wild Child,Hasbro,Sugar Man BAF Wave,2020,5010993682324,already_in_app_same_url,wave_or_year_conflict,mlc-wildchild,Wild Child (2020) [Age of Apocalypse] 2020
mephitsu:marvel-legends:971a7641-a6f4-4518-80f6-45e28ae92f2e,Winged Venom,Hasbro,"King in Black Box Set, Spider-Man 60th Anniversary",2022,,already_in_app_same_url,no_catalog_figure,,
mephitsu:marvel-legends:0d186f72-cf57-4856-bbef-c914235d401e,Winter Soldier,Hasbro,Toys R' Us,2010,630509423156,already_in_app_same_url,no_catalog_figure,,
mephitsu:marvel-legends:a9a872e7-694e-43ad-a182-5422e82ec94e,Winter Soldier (Blue),Hasbro,Toys R' Us,2010,71630509423156,already_in_app_same_url,no_catalog_figure,,
mephitsu:marvel-legends:e238d3e0-e4d8-44c3-87c2-9440cf12fd68,Wolfsbane,Hasbro,Fan Channel Zabu BAF Wave,2024,,already_in_app_same_url,no_catalog_figure,,
mephitsu:marvel-legends:0143cd5c-55f1-44c0-a89b-c2a999417857,Wolverine,Hasbro,Juggernaught BAF Wave,2016,,already_in_app_same_url,no_catalog_figure,,
mephitsu:marvel-legends:02721a32-30bf-422a-bf7b-4a110be707fc,Wolverine,Hasbro,X-Men Animated VHS Series,2022,630509825684,already_in_app_same_url,no_catalog_figure,,
mephitsu:marvel-legends:07013de5-e355-41e2-8b78-d1cc92dcf4d7,Wolverine,Hasbro,Secret Wars Retro Wave 1,2024,5010994140588,already_in_app_same_url,wave_or_year_conflict,ml5-ml-wolverine-movie-dpw,Wolverine (2024) [Deadpool & Wolverine Legends] 2024
mephitsu:marvel-legends:19894a9f-a03b-4b7c-8da8-6e79d3ed8d87,Wolverine,Hasbro,Jubilee BAF Wave,2014,,already_in_app_same_url,no_catalog_figure,,
mephitsu:marvel-legends:1dcbef9d-cb6f-44ce-b19a-5a8cd65af3dd,Wolverine,Hasbro,Fan Channel,2024,5010996246240,already_in_app_same_url,wave_or_year_conflict,ml5-ml-wolverine-movie-dpw,Wolverine (2024) [Deadpool & Wolverine Legends] 2024
mephitsu:marvel-legends:2d84779a-f810-4b81-9fa7-dda7c8d9bd01,Wolverine,Hasbro,Retro 2019,2019,653569240181,already_in_app_same_url,no_catalog_figure,,
mephitsu:marvel-legends:55f3757e-5838-4e38-b467-81dd35d7bd3b,Wolverine,Hasbro,Amazon,2020,5010996359612,already_in_app_same_url,wave_or_year_conflict,ml3-ml-wolverine-aoa,Wolverine (2020) [AOA BAF Wave] 2020
mephitsu:marvel-legends:60f07fd7-2203-4cde-905a-4c637eb8b034,Wolverine,Hasbro,80th Anniversary,2019,,already_in_app_same_url,no_catalog_figure,,
mephitsu:marvel-legends:702a3ba2-4f65-4345-adba-b170ddf72b8d,Wolverine,Hasbro,Target Red Hulk BAF Wave,2008,653569334347,already_in_app_same_url,no_catalog_figure,,
mephitsu:marvel-legends:7058448e-51af-426c-b43e-e8305f6a3382,Wolverine,Hasbro,"Amazon, Days of Future Past",2018,,already_in_app_same_url,no_catalog_figure,,
mephitsu:marvel-legends:73c0663f-b65a-41be-838f-0e09740acbcc,Wolverine,Hasbro,Fan Channel,2019,00090233,already_in_app_same_url,no_catalog_figure,,
mephitsu:marvel-legends:808e2435-e729-4677-9651-8c79a8f9b7db,Wolverine,Hasbro,20th Anniversary,2020,630509847457,already_in_app_same_url,wave_or_year_conflict,ml3-ml-wolverine-aoa,Wolverine (2020) [AOA BAF Wave] 2020
mephitsu:marvel-legends:83f7e94a-e42c-46f8-b64f-81d5f01bf1aa,Wolverine,Hasbro,Wolverine 50th Anniversary (Fan Channel),2024,630509242573,replaces_existing,ambiguous_multiple_photos,lv-hasbro-marvel-legends-wolverine-wolverine-50th-anniversary-2024,Wolverine Wolverine 50th Anniversary (2024) [Wolverine 50th Anniversary] 2024
mephitsu:marvel-legends:86cf238d-58ac-48fa-9f06-02db170890fb,Wolverine,Hasbro,X-Men Retro Wave 2,2022,630509628391,already_in_app_same_url,no_catalog_figure,,
mephitsu:marvel-legends:879a72c1-712a-4d74-bc4b-f913ace54fbf,Wolverine,Hasbro,Hit Monkey BAF Wave,2013,653569820987,already_in_app_same_url,no_catalog_figure,,
mephitsu:marvel-legends:966116a8-8355-435e-bf1b-a0de7c8c4d39,Wolverine,Hasbro,House of X Wave,2021,5010996411433,already_in_app_same_url,no_catalog_figure,,
mephitsu:marvel-legends:ab4e94eb-a2d3-435e-b3c2-484453580f0b,Wolverine,Hasbro,Wendigo BAF Wave,2019,5010996320490,already_in_app_same_url,no_catalog_figure,,
mephitsu:marvel-legends:ac0d1508-370a-4241-9d27-39dfc5c7c2ac,Wolverine,Hasbro,Retro Wave 1,2018,,already_in_app_same_url,no_catalog_figure,,
mephitsu:marvel-legends:b03c9d69-19ba-4522-87be-4979e8d95e95,Wolverine,Hasbro,X-Men '97 Twin Packs,2025,5010996384973,already_in_app_same_url,wave_or_year_conflict,lv-hasbro-marvel-legends-wolverine-nemesis-2025,Wolverine (2025) [Nemesis] 2025
mephitsu:marvel-legends:bcf315ab-c326-4621-985b-b24a9bc49748,Wolverine,Hasbro,Deadpool & Wolverine Wave 1,2024,5010996283764,already_in_app_same_url,ambiguous_multiple_figures,ml5-ml-wolverine-movie-dpw;mlc-wolverine-movie,Wolverine (2024) [Deadpool & Wolverine Legends] 2024 | Wolverine Deadpool & Wolverine (2024) [Deadpool & Wolverine] 2024
mephitsu:marvel-legends:be7f2c2f-e041-486c-a012-0b334ae92927,Wolverine,Hasbro,SDCC Uncanny X-Men,2012,630509448821,already_in_app_same_url,no_catalog_figure,,
mephitsu:marvel-legends:c16ca498-ca36-476b-a72e-480e88304642,Wolverine,Hasbro,Amazon / Fan Channel Marvel vs Capcom,2025,5010996273208,already_in_app_same_url,wave_or_year_conflict,lv-hasbro-marvel-legends-wolverine-nemesis-2025,Wolverine (2025) [Nemesis] 2025
mephitsu:marvel-legends:c4d18f11-8b18-4997-b51e-6807353519ec,Wolverine,Hasbro,Deadpool Legacy,2024,5010996267245,already_in_app_same_url,ambiguous_multiple_photos,ml5-ml-wolverine-movie-dpw,Wolverine (2024) [Deadpool & Wolverine Legends] 2024
mephitsu:marvel-legends:c8ca94be-db98-4d7e-80e7-b2f1fc84b72c,Wolverine,Hasbro,2008 2-Pack Series,2008,5010993652075,already_in_app_same_url,no_catalog_figure,,
mephitsu:marvel-legends:d72d8669-5d2a-4090-adcc-6c1fc0bd64e1,Wolverine,Hasbro,Bonebreaker BAF,2022,653569334880,already_in_app_same_url,no_catalog_figure,,
mephitsu:marvel-legends:e1c19726-0ca6-4ddc-bb28-5d8706533b4a,Wolverine,Hasbro,Apocalypse BAF Wave,2018,,already_in_app_same_url,no_catalog_figure,,
mephitsu:marvel-legends:fd997c35-27f5-4b16-a298-f1beaa767881,Wolverine,Hasbro,Puck BAF Wave,2013,653569277842,already_in_app_same_url,no_catalog_figure,,
mephitsu:marvel-legends:fff3e5f6-6ff5-4ea3-b8a4-6813f9342ceb,Wolverine,Hasbro,Wolverine 50th Anniversary (Fan Channel & Amazon),2024,653569874348,already_in_app_same_url,ambiguous_multiple_photos,lv-hasbro-marvel-legends-wolverine-wolverine-50th-anniversary-2024,Wolverine Wolverine 50th Anniversary (2024) [Wolverine 50th Anniversary] 2024
mephitsu:marvel-legends:21de411a-4dd9-40ea-8cf5-4714f182d1f5,Wolverine 'finale',Hasbro,Target (US) / Fan Channel,2026,,already_in_app_same_url,no_catalog_figure,,
mephitsu:marvel-legends:641a02aa-545a-438a-a97a-b0fa6f6513b4,Wolverine 'Kith',Hasbro,Kith Marvel vs Capcom Exclusives,2026,,already_in_app_same_url,no_catalog_figure,,
mephitsu:marvel-legends:f3867a94-2d71-4bc8-9787-23a92799e156,Wolverine 'Weapon of Vengeance',Hasbro,"Blackheart BAF Wave, Amazon / Fan Channel",2024,,already_in_app_same_url,no_catalog_figure,,
mephitsu:marvel-legends:732b39c6-3e0b-4d4e-89f2-4245a9518626,Wolverine (Battle Damage),Hasbro,Deadpool & Wolverine Wave 2,2026,,already_in_app_same_url,no_catalog_figure,,
mephitsu:marvel-legends:14122ca2-1e0a-4818-865b-72da61056509,Wolverine (Black Suit),Hasbro,Target Red Hulk BAF Wave,2008,,already_in_app_same_url,no_catalog_figure,,
mephitsu:marvel-legends:1bd34979-3553-4a68-bce4-76fccca88b89,Wolverine (Player 3),Hasbro,Marvel Games,2026,,already_in_app_same_url,no_catalog_figure,,
mephitsu:marvel-legends:18241046-7293-4ba6-b9f2-aff3af6f56e5,Wolverine (Silver Anniversary),Hasbro,Toys R Us,2007,,already_in_app_same_url,no_catalog_figure,,
mephitsu:marvel-legends:2eaacfa2-6d85-4af9-befc-e7abf4121c49,Wolverine Slug,Hasbro,Summer Convention Exclusive,2022,,already_in_app_same_url,no_catalog_figure,,
mephitsu:marvel-legends:eb9e3a35-d241-45bc-8b91-04589352eb69,"Wolverine, w/ Motorbike",Hasbro,Ultimate Riders,2018,,already_in_app_same_url,no_catalog_figure,,
mephitsu:marvel-legends:67ba6858-fbb4-4dab-90a0-663c5c3e5ff7,Wolverinepool 'Concept Art',Hasbro,Deadpool & Wolverine Wave 3,2026,,already_in_app_same_url,no_catalog_figure,,
mephitsu:marvel-legends:069dda1f-fcce-424b-a59a-56a9197ec18a,Wonder-Man,Hasbro,Abomination BAF Wave,2016,,already_in_app_same_url,no_catalog_figure,,
mephitsu:marvel-legends:8ee36cf3-6527-47bb-ac40-7d80068a929f,Wonderman,Hasbro,Puff Adder BAF,2023,,already_in_app_same_url,no_catalog_figure,,
mephitsu:marvel-legends:c92e83ab-d96e-4e9f-9393-decf8bd6cb79,Wong,Hasbro,Rintrah BAF Wave,2022,,already_in_app_same_url,wave_or_year_conflict,ml2-wong,Wong (2022) [Sorcerer] 2022
mephitsu:marvel-legends:ecd42c8d-42e0-4630-aa33-cc7b75803b2e,Wong,Hasbro,Amazon,2024,5010996246578,already_in_app_same_url,wave_or_year_conflict,ml6-ml-wong-w6,Wong (2024) [Wave6] 2024
mephitsu:marvel-legends:71f0d9b0-c51d-4c46-9bce-6481a36eab6f,Worthy Captain America,Hasbro,Walmart,2019,,already_in_app_same_url,no_catalog_figure,,
mephitsu:marvel-legends:cafedbbc-8037-4405-9500-9176a55c60d5,"Wrecker, Wrecking Crew",Hasbro,Rocket Raccoon BAF Wave,2013,,already_in_app_same_url,no_catalog_figure,,
mephitsu:marvel-legends:4c60fac2-4106-4b46-80d2-8ff9e16fb432,X-23,Hasbro,Deadpool & Wolverine Wave 2,2026,5010996359629,already_in_app_same_url,no_catalog_figure,,
mephitsu:marvel-legends:a624d466-a3ca-4433-b982-8d06735e8f88,X-23,Hasbro,Sasquatch BAF Wave,2018,,already_in_app_same_url,wave_or_year_conflict,mlc-x23-logan,X-23 (2018) [Logan] 2018
mephitsu:marvel-legends:b1d49196-a412-4406-926a-d8acc41abd08,X-23 'X-Force',Hasbro,X-Force,2025,5010996296269,already_in_app_same_url,no_catalog_figure,,
mephitsu:marvel-legends:c6ee15dd-5b0a-4861-ad90-aa16b601a524,X-23 Wolverine,Hasbro,Sauron BAF Wave,2018,630509713622,already_in_app_same_url,no_catalog_figure,,
mephitsu:marvel-legends:7b69d2c1-1b82-437e-81db-3229f6395c8f,X-Cutioner,Hasbro,X-Men '97 Wave 2,2024,5010996201942,already_in_app_same_url,no_catalog_figure,,
mephitsu:marvel-legends:656762ca-e97a-4558-b6e6-c1d25a19de17,X-Man,Hasbro,Sugar Man BAF Wave,2020,,already_in_app_same_url,no_catalog_figure,,
mephitsu:marvel-legends:eac92fde-b4e3-4af2-99a0-207ac63ba329,X-Treme Wolverine,Hasbro,"Nemesis BAF Wave, Amazon & Fan Channel",2025,5010996282880,already_in_app_same_url,no_catalog_figure,,
mephitsu:marvel-legends:b1cbae0a-e10f-4ea1-b23a-ee2a6aaceb01,Xemnu,Hasbro,Xemnu BAF Wave,2021,,replaces_existing,no_catalog_figure,,
mephitsu:marvel-legends:197d60fc-ca33-441b-936c-6bd1d70458f3,Xialang,Hasbro,Mr Hyde BAF Wave,2021,,already_in_app_same_url,no_catalog_figure,,
mephitsu:marvel-legends:47e1c9d9-6c02-46bf-818e-d8f46f665718,Xorn,Hasbro,Blob BAF Wave,2007,653569219767,already_in_app_same_url,no_catalog_figure,,
mephitsu:marvel-legends:05450435-6167-4db2-b2e4-ed55ef03354e,Yelena Belova,Hasbro,Thunderbolts Movie Series,2025,5010994179977,replaces_existing,no_catalog_figure,,
mephitsu:marvel-legends:305d78be-da47-4e64-a8c8-fac963e0f15f,Yelena Belova,Hasbro,Disney+ Hydra Stomper BAF Wave,2023,5010994181147,already_in_app_same_url,no_catalog_figure,,
mephitsu:marvel-legends:58b0fce5-cac8-40d0-b303-09cdf11dbdc8,Yelena Belova,Hasbro,Crimson Dynamo BAF Wave,2020,,already_in_app_same_url,no_catalog_figure,,
mephitsu:marvel-legends:5d3c081b-b94e-49d5-bdea-012916722769,Yelena Belova,Hasbro,Puff Adder BAF,2023,,already_in_app_same_url,no_catalog_figure,,
mephitsu:marvel-legends:31117eac-cc88-46ea-8e35-04ca6011dd54,Yellow Jacket,Hasbro,Blob BAF Wave,2007,653569256939,already_in_app_same_url,no_catalog_figure,,
mephitsu:marvel-legends:364f21fe-4331-4355-8991-bdbe13dc84b0,Yellow Jacket,Hasbro,First Ten Years,2018,71630509682461,already_in_app_same_url,no_catalog_figure,,
mephitsu:marvel-legends:fbc562db-e54c-4968-90e2-4642704df2cb,Yellow Jacket (gold outfit),Hasbro,Blob BAF Wave,2007,,already_in_app_same_url,no_catalog_figure,,
mephitsu:marvel-legends:3de0d3ce-4180-400e-8513-23d3f7727cc7,Yon-Rogg,Hasbro,Kree Sentry BAF Wave,2019,630509775453,already_in_app_same_url,no_catalog_figure,,
mephitsu:marvel-legends:2f51bacf-774f-4908-828c-ad146872d6f9,Yondu,Hasbro,Titus BAF Wave,2017,,already_in_app_same_url,no_catalog_figure,,
mephitsu:marvel-legends:7b86035b-3c78-4599-96dd-05ed9f09e78c,Yondu,Hasbro,Target / Fan Channel,2023,630509501342,already_in_app_same_url,no_catalog_figure,,
mephitsu:marvel-legends:b2a1718f-234c-432b-bf2b-73a5ee033157,Zabu,Hasbro,SDCC Savage Land 3-Pack,2008,,already_in_app_same_url,no_catalog_figure,,
mephitsu:marvel-legends:cfcff190-3850-4d1f-8357-9d31e44c5ef2,Zabu,Hasbro,Fan Channel Zabu BAF Wave,2024,,replaces_existing,no_catalog_figure,,
mephitsu:marvel-legends:cfe94f09-1cd8-471b-89de-9b940966c976,Zero,Hasbro,X-Men 60th Anniversary,2023,,already_in_app_same_url,no_catalog_figure,,
mephitsu:marvel-legends:01f8c58f-eff2-4a04-8eca-1351eb714478,Zombie Captain America,Hasbro,"Disney+ Wave, The Watcher BAF",2021,5010993797295,already_in_app_same_url,wave_or_year_conflict,d14ml-ml-whatif-zombie,Zombie Captain America (2021) [What If] 2022
mephitsu:marvel-legends:91005c5b-9587-437f-96f4-291c4769e6e7,Zombie Hunter Spidey,Hasbro,"Disney+ Wave, The Watcher BAF",2021,,already_in_app_same_url,no_catalog_figure,,
mephitsu:marvel-legends:8202a784-1b78-47ff-bb5e-bca6e5ebf6a3,Zombie Iron-Man,Hasbro,"Disney+ Wave, Khonshu BAF",2022,5010993942671,already_in_app_same_url,no_catalog_figure,,
mephitsu:marvel-legends:16153dde-2204-4902-a9aa-0bdd82955be0,Zombie Scarlet Witch,Hasbro,"Disney+ Wave, Khonshu BAF",2022,5010993942701,already_in_app_same_url,no_catalog_figure,,
